,timestamp,time_granted,V
0,2021-08-08 00:01:05,65.0,(-302.64047737117176+165.63134201155668j)
1,2021-08-08 00:02:05,125.0,(-300.95730217251497+168.6703953544946j)
2,2021-08-08 00:03:05,185.0,(-309.2727938615892+152.88995708367162j)
3,2021-08-08 00:04:05,245.0,(-313.6468677932444+143.7033135438675j)
4,2021-08-08 00:05:05,305.0,(-314.2502124076095+142.37908554900991j)
5,2021-08-08 00:06:05,365.0,(322.8130633326545+121.72397521354449j)
6,2021-08-08 00:07:05,425.0,(319.158759187908+131.00643661146944j)
7,2021-08-08 00:08:05,485.0,(314.54207774704963+141.7331341873486j)
8,2021-08-08 00:09:05,545.0,(309.5479538434728+152.3320854952076j)
9,2021-08-08 00:10:05,605.0,(306.42867884780895+158.51329527704098j)
10,2021-08-08 00:11:05,665.0,(318.69710597746246+132.12552607876373j)
11,2021-08-08 00:12:05,725.0,(312.20608287636514+146.80722671243478j)
12,2021-08-08 00:13:05,785.0,(304.63875951006975+161.92660746204095j)
13,2021-08-08 00:14:05,845.0,(284.04519430337734+195.81452344797256j)
14,2021-08-08 00:15:05,905.0,(279.76554957542413+201.88174080575217j)
15,2021-08-08 00:16:05,965.0,(318.44632637268217+132.7288108126611j)
16,2021-08-08 00:17:05,1025.0,(313.04811225689355+145.00303242482684j)
17,2021-08-08 00:18:05,1085.0,(310.4280111257964+150.5305613770254j)
18,2021-08-08 00:19:05,1145.0,(306.287656566858+158.78561469724653j)
19,2021-08-08 00:20:05,1205.0,(306.41308987758714+158.543427336707j)
20,2021-08-08 00:21:05,1265.0,(321.2404349619007+125.81567050844198j)
21,2021-08-08 00:22:05,1325.0,(319.63115475493225+129.84962421982033j)
22,2021-08-08 00:23:05,1385.0,(319.3257240231311+130.59893558947226j)
23,2021-08-08 00:24:05,1445.0,(318.4187009602575+132.7950709882791j)
24,2021-08-08 00:25:05,1505.0,(317.25454072171607+135.55278083260777j)
25,2021-08-08 00:26:05,1565.0,(321.4228412796747+125.34894137447289j)
26,2021-08-08 00:27:05,1625.0,(320.4120711745299+127.91053375562149j)
27,2021-08-08 00:28:05,1685.0,(321.26186419688884+125.76094231811302j)
28,2021-08-08 00:29:05,1745.0,(322.62028720110163+122.23399807859798j)
29,2021-08-08 00:30:05,1805.0,(321.8295855464892+124.30091659748518j)
30,2021-08-08 00:31:05,1865.0,(320.94589347621934+126.56513524960678j)
31,2021-08-08 00:32:05,1925.0,(320.0920008202799+128.70940529296962j)
32,2021-08-08 00:33:05,1985.0,(319.1659940614595+130.98880957837736j)
33,2021-08-08 00:34:05,2045.0,(318.78561430896946+131.91183460801753j)
34,2021-08-08 00:35:05,2105.0,(318.9461009671518+131.52332370287567j)
35,2021-08-08 00:36:05,2165.0,(323.3351160169812+120.33038996980483j)
36,2021-08-08 00:37:05,2225.0,(322.39066179792917+122.8383538862893j)
37,2021-08-08 00:38:05,2285.0,(322.8899190436672+121.51995794919469j)
38,2021-08-08 00:39:05,2345.0,(324.30354151546146+117.69542455222877j)
39,2021-08-08 00:40:05,2405.0,(323.849350760161+118.9394720528986j)
40,2021-08-08 00:41:05,2465.0,(322.17007876662325+123.41572163832188j)
41,2021-08-08 00:42:05,2525.0,(322.106203412989+123.58233580439467j)
42,2021-08-08 00:43:05,2585.0,(321.47949875982044+125.20356175897948j)
43,2021-08-08 00:44:05,2645.0,(319.3814309070474+130.4626444303768j)
44,2021-08-08 00:45:05,2705.0,(317.33821877520603+135.35676896476016j)
45,2021-08-08 00:46:05,2765.0,(321.6344447567377+124.80498365860662j)
46,2021-08-08 00:47:05,2825.0,(320.6187415725932+127.39161099698323j)
47,2021-08-08 00:48:05,2885.0,(321.13237019361907+126.09124003604848j)
48,2021-08-08 00:49:05,2945.0,(319.37874832567434+130.46921137925824j)
49,2021-08-08 00:50:05,3005.0,(320.4649237950184+127.77805999878468j)
50,2021-08-08 00:51:05,3065.0,(323.55689829397863+119.73275895251037j)
51,2021-08-08 00:52:05,3125.0,(322.64720126849807+122.1629383798757j)
52,2021-08-08 00:53:05,3185.0,(320.8627985571545+126.77564632874446j)
53,2021-08-08 00:54:05,3245.0,(319.7660863588355+129.5169873597813j)
54,2021-08-08 00:55:05,3305.0,(321.6053572470344+124.87991908232222j)
55,2021-08-08 00:56:05,3365.0,(323.706272520937+119.32832493000508j)
56,2021-08-08 00:57:05,3425.0,(323.90074590393294+118.79943940472056j)
57,2021-08-08 00:58:05,3485.0,(323.1829109307473+120.73858572274509j)
58,2021-08-08 00:59:05,3545.0,(322.8610455821586+121.59664981238306j)
59,2021-08-08 01:00:05,3605.0,(323.12084013610115+120.90460152426029j)
60,2021-08-08 01:01:05,3665.0,(322.9268791770295+121.42170607014296j)
61,2021-08-08 01:02:05,3725.0,(323.72693984018315+119.27224497640029j)
62,2021-08-08 01:03:05,3785.0,(322.79111306567245+121.78217162550628j)
63,2021-08-08 01:04:05,3845.0,(322.2867204615352+123.11080299530283j)
64,2021-08-08 01:05:05,3905.0,(320.34954629317593+128.06704568215952j)
65,2021-08-08 01:06:05,3965.0,(319.92630617835465+129.12071334636317j)
66,2021-08-08 01:07:05,4025.0,(319.36693236729167+130.49813221002725j)
67,2021-08-08 01:08:05,4085.0,(318.1874331108986+133.34825612019603j)
68,2021-08-08 01:09:05,4145.0,(319.91004202017456+129.1610042336701j)
69,2021-08-08 01:10:05,4205.0,(320.0132339711815+128.90512046969218j)
70,2021-08-08 01:11:05,4265.0,(321.6675925881778+124.71952484886265j)
71,2021-08-08 01:12:05,4325.0,(323.28673526994487+120.46031213018088j)
72,2021-08-08 01:13:05,4385.0,(322.7980058583837+121.76390029007317j)
73,2021-08-08 01:14:05,4445.0,(322.23529653561275+123.24533933015769j)
74,2021-08-08 01:15:05,4505.0,(321.41516723828994+125.36861756110297j)
75,2021-08-08 01:16:05,4565.0,(322.7657690839384+121.84932625030702j)
76,2021-08-08 01:17:05,4625.0,(322.61837161475137+122.23905389296088j)
77,2021-08-08 01:18:05,4685.0,(322.2362776022672+123.24277421834752j)
78,2021-08-08 01:19:05,4745.0,(321.3090443996203+125.64035174657404j)
79,2021-08-08 01:20:05,4805.0,(322.30803024961205+123.05500248512922j)
80,2021-08-08 01:21:05,4865.0,(324.1701436976196+118.06234766031314j)
81,2021-08-08 01:22:05,4925.0,(323.69064932087576+119.37069800512108j)
82,2021-08-08 01:23:05,4985.0,(323.2704475398864+120.50401548231312j)
83,2021-08-08 01:24:05,5045.0,(324.87114283136094+116.11950979678437j)
84,2021-08-08 01:25:05,5105.0,(325.21254422039965+115.15989354673185j)
85,2021-08-08 01:26:05,5165.0,(322.5064065640036+122.53414922042599j)
86,2021-08-08 01:27:05,5225.0,(324.57055261638703+116.9570706468537j)
87,2021-08-08 01:28:05,5285.0,(322.4546584128153+122.67026236164408j)
88,2021-08-08 01:29:05,5345.0,(319.71152880277367+129.65160373320958j)
89,2021-08-08 01:30:05,5405.0,(320.0194735493043+128.88962933155688j)
90,2021-08-08 01:31:05,5465.0,(324.45575274604533+117.27516578541724j)
91,2021-08-08 01:32:05,5525.0,(321.6037635817184+124.88402319782207j)
92,2021-08-08 01:33:05,5585.0,(321.7498469551149+124.50717242135153j)
93,2021-08-08 01:34:05,5645.0,(320.2379802519443+128.3457673791985j)
94,2021-08-08 01:35:05,5705.0,(318.77729229651175+131.93194425954732j)
95,2021-08-08 01:36:05,5765.0,(323.07358983552234+121.03080414005633j)
96,2021-08-08 01:37:05,5825.0,(322.9891536408327+121.25595503058223j)
97,2021-08-08 01:38:05,5885.0,(323.5457590936146+119.76285639770238j)
98,2021-08-08 01:39:05,5945.0,(322.98044482503224+121.27915014801302j)
99,2021-08-08 01:40:05,6005.0,(324.50026675792225+117.15193926707879j)
100,2021-08-08 01:41:05,6065.0,(321.679693975345+124.68830933142212j)
101,2021-08-08 01:42:05,6125.0,(323.5671696186271+119.70499883041897j)
102,2021-08-08 01:43:05,6185.0,(322.1451941534997+123.48066198317849j)
103,2021-08-08 01:44:05,6245.0,(320.71536895948054+127.1481502546706j)
104,2021-08-08 01:45:05,6305.0,(319.5543083574762+130.03862507030362j)
105,2021-08-08 01:46:05,6365.0,(321.6984317765089+124.63995744758112j)
106,2021-08-08 01:47:05,6425.0,(322.69085319419247+122.04758606709159j)
107,2021-08-08 01:48:05,6485.0,(321.6593548166796+124.7407690328925j)
108,2021-08-08 01:49:05,6545.0,(320.28352772537636+128.23206255764617j)
109,2021-08-08 01:50:05,6605.0,(319.7315420984287+129.60224144420005j)
110,2021-08-08 01:51:05,6665.0,(322.9431621375446+121.37839193449372j)
111,2021-08-08 01:52:05,6725.0,(321.2620230597293+125.76053649523747j)
112,2021-08-08 01:53:05,6785.0,(318.63769225199565+132.26874565188294j)
113,2021-08-08 01:54:05,6845.0,(318.23404781319226+133.23697239291678j)
114,2021-08-08 01:55:05,6905.0,(318.09615159390154+133.56585769256162j)
115,2021-08-08 01:56:05,6965.0,(323.0327911628425+121.13965425715638j)
116,2021-08-08 01:57:05,7025.0,(322.9130376447657+121.45851192497838j)
117,2021-08-08 01:58:05,7085.0,(322.12548925300194+123.53205727062965j)
118,2021-08-08 01:59:05,7145.0,(322.2361353461661+123.2431461671087j)
119,2021-08-08 02:00:05,7205.0,(325.01518103823474+115.71573831887986j)
120,2021-08-08 02:01:05,7265.0,(324.4663249078461+117.24591251210448j)
121,2021-08-08 02:02:05,7325.0,(325.10566941980966+115.46126498136691j)
122,2021-08-08 02:03:05,7385.0,(326.31214810022357+112.00616948283586j)
123,2021-08-08 02:04:05,7445.0,(326.81269781472287+110.53714555326019j)
124,2021-08-08 02:05:05,7505.0,(326.15756027006216+112.45552844871959j)
125,2021-08-08 02:06:05,7565.0,(320.771886635042+127.0054988754258j)
126,2021-08-08 02:07:05,7625.0,(320.0610608195838+128.7863243789598j)
127,2021-08-08 02:08:05,7685.0,(323.19564321956625+120.70449951799993j)
128,2021-08-08 02:09:05,7745.0,(321.4388934114372+125.30777231453249j)
129,2021-08-08 02:10:05,7805.0,(323.432995197383+120.06705467216904j)
130,2021-08-08 02:11:05,7865.0,(320.75536081598045+127.04722943775747j)
131,2021-08-08 02:12:05,7925.0,(319.3936839946095+130.43264401349666j)
132,2021-08-08 02:13:05,7985.0,(318.8454514600268+131.76713582396667j)
133,2021-08-08 02:14:05,8045.0,(319.9940898401366+128.95263652745763j)
134,2021-08-08 02:15:05,8105.0,(318.47275121911997+132.66539387091314j)
135,2021-08-08 02:16:05,8165.0,(321.68898369489665+124.66434040793109j)
136,2021-08-08 02:17:05,8225.0,(319.83298954238444+129.35168649994867j)
137,2021-08-08 02:18:05,8285.0,(322.28629530748765+123.11191598287658j)
138,2021-08-08 02:19:05,8345.0,(325.0976510886873+115.48383980721351j)
139,2021-08-08 02:20:05,8405.0,(325.23822885689543+115.08733418595502j)
140,2021-08-08 02:21:05,8465.0,(321.66888757389165+124.71618486377398j)
141,2021-08-08 02:22:05,8525.0,(320.3350828465248+128.1032189201742j)
142,2021-08-08 02:23:05,8585.0,(318.8492003346627+131.75806406420105j)
143,2021-08-08 02:24:05,8645.0,(319.3366717651285+130.57216420803704j)
144,2021-08-08 02:25:05,8705.0,(317.1947049454922+135.69273803170944j)
145,2021-08-08 02:26:05,8765.0,(322.40595142137335+122.79821858674933j)
146,2021-08-08 02:27:05,8825.0,(322.87310736218154+121.56461879300727j)
147,2021-08-08 02:28:05,8885.0,(320.48477957794523+127.72825082524174j)
148,2021-08-08 02:29:05,8945.0,(320.2732145825285+128.2578185568959j)
149,2021-08-08 02:30:05,9005.0,(320.49906715380706+127.69239583287444j)
150,2021-08-08 02:31:05,9065.0,(322.54353367808545+122.43638708510534j)
151,2021-08-08 02:32:05,9125.0,(324.06493517334394+118.3508250545656j)
152,2021-08-08 02:33:05,9185.0,(325.01317365286286+115.72137638351006j)
153,2021-08-08 02:34:05,9245.0,(323.70385535102486+119.33488186981533j)
154,2021-08-08 02:35:05,9305.0,(323.236798967429+120.59424444512211j)
155,2021-08-08 02:36:05,9365.0,(320.00168342333427+128.93379156075477j)
156,2021-08-08 02:37:05,9425.0,(321.6541694950076+124.75413919576746j)
157,2021-08-08 02:38:05,9485.0,(320.95254328696063+126.54827125501033j)
158,2021-08-08 02:39:05,9545.0,(320.11515861134933+128.6517983831965j)
159,2021-08-08 02:40:05,9605.0,(320.8314276699493+126.8550157434152j)
160,2021-08-08 02:41:05,9665.0,(322.50917354378953+122.5268663604103j)
161,2021-08-08 02:42:05,9725.0,(321.50695642619485+125.13303708279783j)
162,2021-08-08 02:43:05,9785.0,(319.5057178276533+130.15796662300767j)
163,2021-08-08 02:44:05,9845.0,(321.19528632019444+125.93088598786373j)
164,2021-08-08 02:45:05,9905.0,(320.3027123173043+128.18413506428234j)
165,2021-08-08 02:46:05,9965.0,(323.4479702637477+120.0267075790291j)
166,2021-08-08 02:47:05,10025.0,(321.4542014530765+125.26849710986755j)
167,2021-08-08 02:48:05,10085.0,(321.40518466957616+125.39420747193883j)
168,2021-08-08 02:49:05,10145.0,(321.30789383870416+125.64329411845277j)
169,2021-08-08 02:50:05,10205.0,(321.6804055448987+124.6864735585601j)
170,2021-08-08 02:51:05,10265.0,(322.27313743757037+123.14635555364556j)
171,2021-08-08 02:52:05,10325.0,(322.47783335276966+122.60932670928145j)
172,2021-08-08 02:53:05,10385.0,(320.0283403150302+128.86761189378498j)
173,2021-08-08 02:54:05,10445.0,(322.5249300006384+122.4853849570769j)
174,2021-08-08 02:55:05,10505.0,(322.9603915305563+121.33254098727917j)
175,2021-08-08 02:56:05,10565.0,(319.963925717453+129.02746312113652j)
176,2021-08-08 02:57:05,10625.0,(323.22629171825884+120.6224039806164j)
177,2021-08-08 02:58:05,10685.0,(323.83891561432324+118.96788110132606j)
178,2021-08-08 02:59:05,10745.0,(322.4050336114527+122.80062826385715j)
179,2021-08-08 03:00:05,10805.0,(323.3495260381594+120.29166226674933j)
180,2021-08-08 03:01:05,10865.0,(322.3234237483404+123.01467596651943j)
181,2021-08-08 03:02:05,10925.0,(322.5248830695912+122.48550853446508j)
182,2021-08-08 03:03:05,10985.0,(324.4385528332427+117.3227404873889j)
183,2021-08-08 03:04:05,11045.0,(320.12074134995834+128.6379063789251j)
184,2021-08-08 03:05:05,11105.0,(321.61664629564285+124.8508423101077j)
185,2021-08-08 03:06:05,11165.0,(321.97096134937766+123.93425695810481j)
186,2021-08-08 03:07:05,11225.0,(323.2032266393994+120.68419237779665j)
187,2021-08-08 03:08:05,11285.0,(321.0214772608357+126.37330072950833j)
188,2021-08-08 03:09:05,11345.0,(320.80987905913+126.90950121273958j)
189,2021-08-08 03:10:05,11405.0,(320.77594548712506+126.99524714272168j)
190,2021-08-08 03:11:05,11465.0,(324.3030107299034+117.69688709358523j)
191,2021-08-08 03:12:05,11525.0,(324.210524718384+117.95141229264746j)
192,2021-08-08 03:13:05,11585.0,(325.83266147795587+113.3934597505157j)
193,2021-08-08 03:14:05,11645.0,(325.96251287873736+113.01964518515786j)
194,2021-08-08 03:15:05,11705.0,(326.5050702950658+111.44253708353068j)
195,2021-08-08 03:16:05,11765.0,(322.51035454385965+122.52375774515703j)
196,2021-08-08 03:17:05,11825.0,(324.3899074582555+117.45717491590047j)
197,2021-08-08 03:18:05,11885.0,(324.12784599468836+118.17842210337547j)
198,2021-08-08 03:19:05,11945.0,(324.0752290029751+118.32263497179758j)
199,2021-08-08 03:20:05,12005.0,(323.6605234781471+119.45235678651039j)
200,2021-08-08 03:21:05,12065.0,(320.9207350705213+126.6289137669446j)
201,2021-08-08 03:22:05,12125.0,(322.69150068508526+122.04587410317335j)
202,2021-08-08 03:23:05,12185.0,(320.55091866541176+127.56217520393966j)
203,2021-08-08 03:24:05,12245.0,(321.8835355852745+124.16114335460725j)
204,2021-08-08 03:25:05,12305.0,(323.8364747504862+118.97452509330597j)
205,2021-08-08 03:26:05,12365.0,(323.76020912021056+119.18190714381743j)
206,2021-08-08 03:27:05,12425.0,(322.9257345996219+121.42475008537001j)
207,2021-08-08 03:28:05,12485.0,(324.1426743307473+118.13774450915808j)
208,2021-08-08 03:29:05,12545.0,(324.23629127483986+117.88056421792868j)
209,2021-08-08 03:30:05,12605.0,(322.3132085320012+123.04143857175393j)
210,2021-08-08 03:31:05,12665.0,(321.6685947012503+124.71694024038104j)
211,2021-08-08 03:32:05,12725.0,(320.7210654801565+127.1337805513278j)
212,2021-08-08 03:33:05,12785.0,(321.89961083748096+124.11946077339476j)
213,2021-08-08 03:34:05,12845.0,(320.8449945432759+126.8206981392441j)
214,2021-08-08 03:35:05,12905.0,(320.27682556817496+128.2488011794763j)
215,2021-08-08 03:36:05,12965.0,(318.8412422551151+131.77732064818667j)
216,2021-08-08 03:37:05,13025.0,(318.83802597560344+131.7851023142617j)
217,2021-08-08 03:38:05,13085.0,(319.74672006929984+129.56479076093487j)
218,2021-08-08 03:39:05,13145.0,(318.2497487289747+133.1994648410588j)
219,2021-08-08 03:40:05,13205.0,(318.37234668742434+132.906165638553j)
220,2021-08-08 03:41:05,13265.0,(320.8709808974458+126.7549352802919j)
221,2021-08-08 03:42:05,13325.0,(324.36657751562586+117.52158691406211j)
222,2021-08-08 03:43:05,13385.0,(321.3339146973396+125.57673058844483j)
223,2021-08-08 03:44:05,13445.0,(318.8667421519882+131.71560556508658j)
224,2021-08-08 03:45:05,13505.0,(318.83083289508636+131.80250375249148j)
225,2021-08-08 03:46:05,13565.0,(321.5559866846988+125.00698951350611j)
226,2021-08-08 03:47:05,13625.0,(322.7703879942186+121.83709055152949j)
227,2021-08-08 03:48:05,13685.0,(321.0966373789394+126.18220739841998j)
228,2021-08-08 03:49:05,13745.0,(320.7642769428801+127.02471663936643j)
229,2021-08-08 03:50:05,13805.0,(322.9801655321809+121.27989393467097j)
230,2021-08-08 03:51:05,13865.0,(324.66368959769864+116.69828043638515j)
231,2021-08-08 03:52:05,13925.0,(327.29094313475366+109.11296230037675j)
232,2021-08-08 03:53:05,13985.0,(328.340914738752+105.91148997403243j)
233,2021-08-08 03:54:05,14045.0,(328.44935838757806+105.57470802606232j)
234,2021-08-08 03:55:05,14105.0,(328.17903709643275+106.41202756483035j)
235,2021-08-08 03:56:05,14165.0,(323.4506344922287+120.01952777183662j)
236,2021-08-08 03:57:05,14225.0,(322.202244739972+123.33172132311782j)
237,2021-08-08 03:58:05,14285.0,(322.51357419661184+122.51528255253118j)
238,2021-08-08 03:59:05,14345.0,(320.41981071095074+127.89114474410835j)
239,2021-08-08 04:00:05,14405.0,(321.59476778504444+124.9071868760294j)
240,2021-08-08 04:01:05,14465.0,(323.5492462483937+119.75343524131702j)
241,2021-08-08 04:02:05,14525.0,(326.10829756196387+112.59830487728325j)
242,2021-08-08 04:03:05,14585.0,(326.0297357506857+112.8255795745719j)
243,2021-08-08 04:04:05,14645.0,(323.59595860057675+119.62715234165613j)
244,2021-08-08 04:05:05,14705.0,(322.5961695698542+122.29763439600065j)
245,2021-08-08 04:06:05,14765.0,(323.72187220489815+119.28599857550593j)
246,2021-08-08 04:07:05,14825.0,(323.8279797151907+118.99764515980152j)
247,2021-08-08 04:08:05,14885.0,(326.37741368081777+111.81584788848293j)
248,2021-08-08 04:09:05,14945.0,(322.8913899645105+121.51604950288002j)
249,2021-08-08 04:10:05,15005.0,(322.132647322038+123.51339008097669j)
250,2021-08-08 04:11:05,15065.0,(323.54686904679596+119.7598577571612j)
251,2021-08-08 04:12:05,15125.0,(327.76261837059695+107.68781731862904j)
252,2021-08-08 04:13:05,15185.0,(323.7642020158676+119.17105979653132j)
253,2021-08-08 04:14:05,15245.0,(320.40888902109873+127.91850466709357j)
254,2021-08-08 04:15:05,15305.0,(321.78366405419587+124.4197474191955j)
255,2021-08-08 04:16:05,15365.0,(324.79828643111273+116.32314099702114j)
256,2021-08-08 04:17:05,15425.0,(326.19747923511034+112.33968373046004j)
257,2021-08-08 04:18:05,15485.0,(323.7939070092707+119.09032615486349j)
258,2021-08-08 04:19:05,15545.0,(326.26263826583073+112.15030482267842j)
259,2021-08-08 04:20:05,15605.0,(324.37609516812427+117.49531430435852j)
260,2021-08-08 04:21:05,15665.0,(319.75918297329724+129.53402990816502j)
261,2021-08-08 04:22:05,15725.0,(321.28531353500335+125.701023491118j)
262,2021-08-08 04:23:05,15785.0,(321.01894045413474+126.37974469710196j)
263,2021-08-08 04:24:05,15845.0,(320.21446987674676+128.40441301432762j)
264,2021-08-08 04:25:05,15905.0,(319.316167164376+130.62230049823916j)
265,2021-08-08 04:26:05,15965.0,(322.13621098117596+123.50409537619096j)
266,2021-08-08 04:27:05,16025.0,(321.2570684011201+125.77319270145783j)
267,2021-08-08 04:28:05,16085.0,(324.8133632766551+116.28103472582141j)
268,2021-08-08 04:29:05,16145.0,(322.3339563601637+122.98707483798478j)
269,2021-08-08 04:30:05,16205.0,(326.93520767821286+110.17427095471899j)
270,2021-08-08 04:31:05,16265.0,(325.79366966188536+113.50543955354011j)
271,2021-08-08 04:32:05,16325.0,(325.11820817009567+115.42595339119501j)
272,2021-08-08 04:33:05,16385.0,(325.06660091868366+115.57121167130349j)
273,2021-08-08 04:34:05,16445.0,(325.5438763472521+114.21989569599971j)
274,2021-08-08 04:35:05,16505.0,(326.0203983980835+112.85255791675662j)
275,2021-08-08 04:36:05,16565.0,(323.24003706381694+120.58556480351315j)
276,2021-08-08 04:37:05,16625.0,(323.15433980288094+120.81503493590593j)
277,2021-08-08 04:38:05,16685.0,(322.0270463373767+123.78845433732923j)
278,2021-08-08 04:39:05,16745.0,(322.9878506882167+121.25942564521j)
279,2021-08-08 04:40:05,16805.0,(322.2479200350343+123.21232906285847j)
280,2021-08-08 04:41:05,16865.0,(324.02634994691863+118.45642464669045j)
281,2021-08-08 04:42:05,16925.0,(322.7873571012192+121.79212657479147j)
282,2021-08-08 04:43:05,16985.0,(323.18980851896526+120.72012122871045j)
283,2021-08-08 04:44:05,17045.0,(322.57878843281867+122.3434724585452j)
284,2021-08-08 04:45:05,17105.0,(320.6567504744485+127.2959087133883j)
285,2021-08-08 04:46:05,17165.0,(322.51970184460873+122.49915069936068j)
286,2021-08-08 04:47:05,17225.0,(322.25259189735885+123.20010964051245j)
287,2021-08-08 04:48:05,17285.0,(321.4086601028126+125.38529902231242j)
288,2021-08-08 04:49:05,17345.0,(321.69605503558586+124.64609169380843j)
289,2021-08-08 04:50:05,17405.0,(321.2625475717029+125.75919659308944j)
290,2021-08-08 04:51:05,17465.0,(323.5362846270408+119.78844906638727j)
291,2021-08-08 04:52:05,17525.0,(322.06930186421107+123.6784734571854j)
292,2021-08-08 04:53:05,17585.0,(321.93001560784637+124.040578242492j)
293,2021-08-08 04:54:05,17645.0,(324.9432587053643+115.91755096592875j)
294,2021-08-08 04:55:05,17705.0,(321.6886376753992+124.66523328717484j)
295,2021-08-08 04:56:05,17765.0,(320.43906098251585+127.8429043656452j)
296,2021-08-08 04:57:05,17825.0,(320.72106879853413+127.1337721800385j)
297,2021-08-08 04:58:05,17885.0,(322.3719109484849+122.88755442038101j)
298,2021-08-08 04:59:05,17945.0,(321.57750119923355+124.95163353256703j)
299,2021-08-08 05:00:05,18005.0,(323.0447755237508+121.10769177393087j)
300,2021-08-08 05:01:05,18065.0,(324.74299236926083+116.47741801335657j)
301,2021-08-08 05:02:05,18125.0,(323.2673452115528+120.51233762513586j)
302,2021-08-08 05:03:05,18185.0,(323.9334351690092+118.71027579618078j)
303,2021-08-08 05:04:05,18245.0,(323.4740377600138+119.95643748975357j)
304,2021-08-08 05:05:05,18305.0,(322.65164518403213+122.15120081291641j)
305,2021-08-08 05:06:05,18365.0,(322.10902531903474+123.57498050989703j)
306,2021-08-08 05:07:05,18425.0,(323.05548663157526+121.07911693283904j)
307,2021-08-08 05:08:05,18485.0,(319.52808624223667+130.1030441702798j)
308,2021-08-08 05:09:05,18545.0,(319.2091028123679+130.88372198911196j)
309,2021-08-08 05:10:05,18605.0,(321.56617729295846+124.9807730060652j)
310,2021-08-08 05:11:05,18665.0,(324.05149792114725+118.38761208446046j)
311,2021-08-08 05:12:05,18725.0,(323.59840978092046+119.6205215975063j)
312,2021-08-08 05:13:05,18785.0,(321.20040457183114+125.91783075836406j)
313,2021-08-08 05:14:05,18845.0,(325.35941668757823+114.74428078435476j)
314,2021-08-08 05:15:05,18905.0,(321.9948550589018+123.87216521719814j)
315,2021-08-08 05:16:05,18965.0,(316.2224415328001+137.9433487741792j)
316,2021-08-08 05:17:05,19025.0,(315.09034058492784+140.51006109910486j)
317,2021-08-08 05:18:05,19085.0,(314.8001788343007+141.15894376869045j)
318,2021-08-08 05:19:05,19145.0,(312.88415528987105+145.3564768716683j)
319,2021-08-08 05:20:05,19205.0,(315.85067235646795+138.79248096336897j)
320,2021-08-08 05:21:05,19265.0,(323.2502232795113+120.55825624877833j)
321,2021-08-08 05:22:05,19325.0,(324.22601291693815+117.90883150971115j)
322,2021-08-08 05:23:05,19385.0,(325.16591828004124+115.29148099099757j)
323,2021-08-08 05:24:05,19445.0,(325.2369855888417+115.0908476164963j)
324,2021-08-08 05:25:05,19505.0,(327.2141044391475+109.34317471194389j)
325,2021-08-08 05:26:05,19565.0,(324.4691725773009+117.23803157253064j)
326,2021-08-08 05:27:05,19625.0,(324.53652450816264+117.05145988052757j)
327,2021-08-08 05:28:05,19685.0,(326.29595411273306+112.05333698583556j)
328,2021-08-08 05:29:05,19745.0,(325.0948737121874+115.4916580799537j)
329,2021-08-08 05:30:05,19805.0,(328.2718773882748+106.12527746007302j)
330,2021-08-08 05:31:05,19865.0,(326.38978602687416+111.77972793548626j)
331,2021-08-08 05:32:05,19925.0,(322.5595265557174+122.39424752884197j)
332,2021-08-08 05:33:05,19985.0,(325.4408179758658+114.5132044578239j)
333,2021-08-08 05:34:05,20045.0,(327.1209246367386+109.62162498706722j)
334,2021-08-08 05:35:05,20105.0,(325.72592698134866+113.69969433618158j)
335,2021-08-08 05:36:05,20165.0,(320.6509430443686+127.31053658184416j)
336,2021-08-08 05:37:05,20225.0,(320.0038795603682+128.92834081889572j)
337,2021-08-08 05:38:05,20285.0,(321.5158078098415+125.11029265566076j)
338,2021-08-08 05:39:05,20345.0,(323.1931402770427+120.71120112841147j)
339,2021-08-08 05:40:05,20405.0,(322.7681484411043+121.84302340266053j)
340,2021-08-08 05:41:05,20465.0,(320.0362804203468+128.8478917744063j)
341,2021-08-08 05:42:05,20525.0,(320.7235778012473+127.12744252271915j)
342,2021-08-08 05:43:05,20585.0,(319.6029288779029+129.91908194205394j)
343,2021-08-08 05:44:05,20645.0,(318.9053466044074+131.62211025174608j)
344,2021-08-08 05:45:05,20705.0,(315.0509381450675+140.59838681120362j)
345,2021-08-08 05:46:05,20765.0,(321.70481609389253+124.62347813311406j)
346,2021-08-08 05:47:05,20825.0,(321.4094085506299+125.38338045823397j)
347,2021-08-08 05:48:05,20885.0,(321.8024496781226+124.37115172402069j)
348,2021-08-08 05:49:05,20945.0,(324.1509882843979+118.11493044593534j)
349,2021-08-08 05:50:05,21005.0,(323.30047287717105+120.42343724291209j)
350,2021-08-08 05:51:05,21065.0,(320.15554666458326+128.55125802535667j)
351,2021-08-08 05:52:05,21125.0,(320.2926039544905+128.2093906547094j)
352,2021-08-08 05:53:05,21185.0,(317.46959382946494+135.0483505776896j)
353,2021-08-08 05:54:05,21245.0,(323.7217084863059+119.28644287892571j)
354,2021-08-08 05:55:05,21305.0,(324.5644317771686+116.9740553505934j)
355,2021-08-08 05:56:05,21365.0,(322.56658420043715+122.3756460953824j)
356,2021-08-08 05:57:05,21425.0,(324.4475430282679+117.29787646381443j)
357,2021-08-08 05:58:05,21485.0,(323.7339218712083+119.25329274232395j)
358,2021-08-08 05:59:05,21545.0,(324.10654406314666+118.23683053703519j)
359,2021-08-08 06:00:05,21605.0,(325.61194739337986+114.0256976066835j)
360,2021-08-08 06:01:05,21665.0,(321.5478520925253+125.02791214238304j)
361,2021-08-08 06:02:05,21725.0,(322.2282148968667+123.26385327572191j)
362,2021-08-08 06:03:05,21785.0,(321.4522402390875+125.27352970708529j)
363,2021-08-08 06:04:05,21845.0,(322.2986952213057+123.07945018825808j)
364,2021-08-08 06:05:05,21905.0,(324.4234859351702+117.36439738554618j)
365,2021-08-08 06:06:05,21965.0,(326.2048892190504+112.31816526985756j)
366,2021-08-08 06:07:05,22025.0,(324.68465607398304+116.63993359960111j)
367,2021-08-08 06:08:05,22085.0,(325.5095087241314+114.31780145792959j)
368,2021-08-08 06:09:05,22145.0,(325.34178923566395+114.7942514977855j)
369,2021-08-08 06:10:05,22205.0,(324.38719188253634+117.46467444539458j)
370,2021-08-08 06:11:05,22265.0,(324.18936789632835+118.0095493719855j)
371,2021-08-08 06:12:05,22325.0,(325.42020772165927+114.57176094654446j)
372,2021-08-08 06:13:05,22385.0,(326.1061210003389+112.60460845858982j)
373,2021-08-08 06:14:05,22445.0,(326.95994001385264+110.10085206817371j)
374,2021-08-08 06:15:05,22505.0,(324.9888529959985+115.78966028253672j)
375,2021-08-08 06:16:05,22565.0,(316.15830513055784+138.09028241325709j)
376,2021-08-08 06:17:05,22625.0,(318.3669646724208+132.91905734419558j)
377,2021-08-08 06:18:05,22685.0,(320.23013949698304+128.36532926667846j)
378,2021-08-08 06:19:05,22745.0,(316.85328826166415+136.48807170507888j)
379,2021-08-08 06:20:05,22805.0,(318.7712179798657+131.94662022057616j)
380,2021-08-08 06:21:05,22865.0,(324.71494113909125+116.55559618069186j)
381,2021-08-08 06:22:05,22925.0,(324.280966738836+117.75760956696566j)
382,2021-08-08 06:23:05,22985.0,(324.1997137867952+117.98112383156928j)
383,2021-08-08 06:24:05,23045.0,(325.0010089414485+115.75553631269875j)
384,2021-08-08 06:25:05,23105.0,(326.8476870189456+110.4336429280742j)
385,2021-08-08 06:26:05,23165.0,(323.4835006076666+119.93091692557756j)
386,2021-08-08 06:27:05,23225.0,(326.0961618866599+112.63344619956055j)
387,2021-08-08 06:28:05,23285.0,(326.77897838692826+110.63678992268119j)
388,2021-08-08 06:29:05,23345.0,(325.72420099998186+113.70463879245825j)
389,2021-08-08 06:30:05,23405.0,(328.5436723521088+105.28084040978301j)
390,2021-08-08 06:31:05,23465.0,(325.45921908875783+114.46089598695248j)
391,2021-08-08 06:32:05,23525.0,(322.80874692451346+121.73542175154036j)
392,2021-08-08 06:33:05,23585.0,(325.3650716465614+114.72824478927565j)
393,2021-08-08 06:34:05,23645.0,(326.1646978653088+112.43482497176669j)
394,2021-08-08 06:35:05,23705.0,(325.3503612179737+114.76995449739451j)
395,2021-08-08 06:36:05,23765.0,(321.00694239041724+126.41021690178113j)
396,2021-08-08 06:37:05,23825.0,(320.3022187663611+128.1853683278484j)
397,2021-08-08 06:38:05,23885.0,(319.7241500400468+129.62047631901996j)
398,2021-08-08 06:39:05,23945.0,(322.0743878031053+123.66522842438339j)
399,2021-08-08 06:40:05,24005.0,(321.63845178387686+124.79465667275463j)
400,2021-08-08 06:41:05,24065.0,(320.82238729717005+126.877877539564j)
401,2021-08-08 06:42:05,24125.0,(321.19662907242326+125.92746115328522j)
402,2021-08-08 06:43:05,24185.0,(323.15082789550826+120.82442811967961j)
403,2021-08-08 06:44:05,24245.0,(321.894217643064+124.13344693498094j)
404,2021-08-08 06:45:05,24305.0,(321.7726535840958+124.44821977613617j)
405,2021-08-08 06:46:05,24365.0,(325.81052049694637+113.45706118840236j)
406,2021-08-08 06:47:05,24425.0,(326.13395929821974+112.52395563819799j)
407,2021-08-08 06:48:05,24485.0,(326.559010630743+111.28437705208354j)
408,2021-08-08 06:49:05,24545.0,(327.9272151737656+107.18554729243506j)
409,2021-08-08 06:50:05,24605.0,(327.10209917441836+109.67778588068309j)
410,2021-08-08 06:51:05,24665.0,(320.99538454978165+126.43956302414921j)
411,2021-08-08 06:52:05,24725.0,(323.753315758176+119.20063143954738j)
412,2021-08-08 06:53:05,24785.0,(326.34566370666545+111.90847948147642j)
413,2021-08-08 06:54:05,24845.0,(325.16459839253247+115.29520350917925j)
414,2021-08-08 06:55:05,24905.0,(327.14022870014225+109.5640030576586j)
415,2021-08-08 06:56:05,24965.0,(322.95096811055595+121.35762108930223j)
416,2021-08-08 06:57:05,25025.0,(323.3608001718957+120.26135252936146j)
417,2021-08-08 06:58:05,25085.0,(326.79096293825444+110.6013858045568j)
418,2021-08-08 06:59:05,25145.0,(323.9531481242645+118.65646977884663j)
419,2021-08-08 07:00:05,25205.0,(325.86001983055684+113.31481578341428j)
420,2021-08-08 07:01:05,25265.0,(321.8201125281592+124.32544056774127j)
421,2021-08-08 07:02:05,25325.0,(322.8968047161376+121.50166049938795j)
422,2021-08-08 07:03:05,25385.0,(324.69865750695465+116.60095116756708j)
423,2021-08-08 07:04:05,25445.0,(326.84986105962764+110.4272082654548j)
424,2021-08-08 07:05:05,25505.0,(327.75026180151485+107.7254189550381j)
425,2021-08-08 07:06:05,25565.0,(324.4393927191844+117.32041788199876j)
426,2021-08-08 07:07:05,25625.0,(325.30791901421736+114.89019900165299j)
427,2021-08-08 07:08:05,25685.0,(328.57262676236354+105.19044130756636j)
428,2021-08-08 07:09:05,25745.0,(327.51085089115503+108.4511067188879j)
429,2021-08-08 07:10:05,25805.0,(330.21453362097185+99.91677429483036j)
430,2021-08-08 07:11:05,25865.0,(323.14547643532563+120.83873989489628j)
431,2021-08-08 07:12:05,25925.0,(322.84505170369783+121.6391079810957j)
432,2021-08-08 07:13:05,25985.0,(324.8664949002171+116.13251263641556j)
433,2021-08-08 07:14:05,26045.0,(325.0503387212879+115.61694208538823j)
434,2021-08-08 07:15:05,26105.0,(323.3132029590251+120.38925530285616j)
435,2021-08-08 07:16:05,26165.0,(320.44543247726864+127.82693301670132j)
436,2021-08-08 07:17:05,26225.0,(325.00186159103265+115.75314234336476j)
437,2021-08-08 07:18:05,26285.0,(322.8885093372303+121.52370360543387j)
438,2021-08-08 07:19:05,26345.0,(324.50363576148453+117.14260701204219j)
439,2021-08-08 07:20:05,26405.0,(326.0141918236608+112.87048653020545j)
440,2021-08-08 07:21:05,26465.0,(326.3321247150342+111.94795388470205j)
441,2021-08-08 07:22:05,26525.0,(326.0834936534669+112.67011656490558j)
442,2021-08-08 07:23:05,26585.0,(324.9624978500818+115.86360511841319j)
443,2021-08-08 07:24:05,26645.0,(324.9682978587917+115.84733655444846j)
444,2021-08-08 07:25:05,26705.0,(324.0779615074059+118.31515061565162j)
445,2021-08-08 07:26:05,26765.0,(320.9808917288758+126.47635014079003j)
446,2021-08-08 07:27:05,26825.0,(321.4645900997179+125.24183531081117j)
447,2021-08-08 07:28:05,26885.0,(322.43589944853545+122.71956138616984j)
448,2021-08-08 07:29:05,26945.0,(323.51623975804233+119.84257429151322j)
449,2021-08-08 07:30:05,27005.0,(323.42634167125095+120.08497621747385j)
450,2021-08-08 07:31:05,27065.0,(318.6166201998994+132.31949717404862j)
451,2021-08-08 07:32:05,27125.0,(318.1163298420586+133.51779165271796j)
452,2021-08-08 07:33:05,27185.0,(319.6200962075178+129.8768420477534j)
453,2021-08-08 07:34:05,27245.0,(321.98359223372233+123.90143797498088j)
454,2021-08-08 07:35:05,27305.0,(321.05162811617333+126.29668279077778j)
455,2021-08-08 07:36:05,27365.0,(322.81088202833416+121.72975989497773j)
456,2021-08-08 07:37:05,27425.0,(322.31827638728316+123.02816225048204j)
457,2021-08-08 07:38:05,27485.0,(323.7452227989516+119.22260991463484j)
458,2021-08-08 07:39:05,27545.0,(325.24993646449576+115.05424298930254j)
459,2021-08-08 07:40:05,27605.0,(326.5558861579149+111.29354525586338j)
460,2021-08-08 07:41:05,27665.0,(322.3017721203054+123.07139264715713j)
461,2021-08-08 07:42:05,27725.0,(326.3211773317727+111.97986080008211j)
462,2021-08-08 07:43:05,27785.0,(324.5890258889597+116.90579229643095j)
463,2021-08-08 07:44:05,27845.0,(326.67780381410086+110.9351724891427j)
464,2021-08-08 07:45:05,27905.0,(324.18078693936+118.03311984090425j)
465,2021-08-08 07:46:05,27965.0,(323.7465253821188+119.21907273169472j)
466,2021-08-08 07:47:05,28025.0,(324.33193006896374+117.61717195095625j)
467,2021-08-08 07:48:05,28085.0,(322.3235971925117+123.01422150661867j)
468,2021-08-08 07:49:05,28145.0,(326.7504050848656+110.72114873354703j)
469,2021-08-08 07:50:05,28205.0,(326.999764724749+109.9825162012526j)
470,2021-08-08 07:51:05,28265.0,(322.37843980901874+122.87042584081367j)
471,2021-08-08 07:52:05,28325.0,(324.41236349585904+117.39513793607735j)
472,2021-08-08 07:53:05,28385.0,(325.0269085819878+115.6827934380742j)
473,2021-08-08 07:54:05,28445.0,(325.1197277170262+115.42167322130946j)
474,2021-08-08 07:55:05,28505.0,(325.6431900809886+113.93644172904969j)
475,2021-08-08 07:56:05,28565.0,(325.3789612872854+114.68884667485j)
476,2021-08-08 07:57:05,28625.0,(324.31011214649544+117.67731794839456j)
477,2021-08-08 07:58:05,28685.0,(325.26496093682863+115.01176108017535j)
478,2021-08-08 07:59:05,28745.0,(327.7893499527531+107.60642200887236j)
479,2021-08-08 08:00:05,28805.0,(327.41277758566173+108.7468301774447j)
480,2021-08-08 08:01:05,28865.0,(319.38207752598+130.4610614520244j)
481,2021-08-08 08:02:05,28925.0,(324.47801761376263+117.2135490693919j)
482,2021-08-08 08:03:05,28985.0,(326.1388257855316+112.50984985873305j)
483,2021-08-08 08:04:05,29045.0,(329.6245866712255+101.84611854078562j)
484,2021-08-08 08:05:05,29105.0,(330.86395262433007+97.74479451001498j)
485,2021-08-08 08:06:05,29165.0,(319.4111330795094+130.38990783363545j)
486,2021-08-08 08:07:05,29225.0,(316.13968146407586+138.13291354269137j)
487,2021-08-08 08:08:05,29285.0,(317.3442540237751+135.34261870561582j)
488,2021-08-08 08:09:05,29345.0,(318.9178214627508+131.59188103166932j)
489,2021-08-08 08:10:05,29405.0,(318.21352818647193+133.2859725519435j)
490,2021-08-08 08:11:05,29465.0,(320.49784198212365+127.69547088601732j)
491,2021-08-08 08:12:05,29525.0,(319.9501139418405+129.06170845221004j)
492,2021-08-08 08:13:05,29585.0,(323.05938250002987+121.06872171911048j)
493,2021-08-08 08:14:05,29645.0,(322.7619550455735+121.85942874951944j)
494,2021-08-08 08:15:05,29705.0,(321.0111531734291+126.39952348907514j)
495,2021-08-08 08:16:05,29765.0,(319.4503009447934+130.29391860820263j)
496,2021-08-08 08:17:05,29825.0,(320.0042625830963+128.92739014130686j)
497,2021-08-08 08:18:05,29885.0,(323.4030093848966+120.14779865146295j)
498,2021-08-08 08:19:05,29945.0,(326.02515564628885+112.83881373806241j)
499,2021-08-08 08:20:05,30005.0,(326.23114350938886+112.24188614129982j)
500,2021-08-08 08:21:05,30065.0,(323.73536152263006+119.24938448399642j)
501,2021-08-08 08:22:05,30125.0,(326.0310103395947+112.8218963541346j)
502,2021-08-08 08:23:05,30185.0,(326.74461572870626+110.73823229716142j)
503,2021-08-08 08:24:05,30245.0,(324.64454827182436+116.75151937933443j)
504,2021-08-08 08:25:05,30305.0,(326.77372205541724+110.65231391186062j)
505,2021-08-08 08:26:05,30365.0,(323.5790980046066+119.67275101093489j)
506,2021-08-08 08:27:05,30425.0,(325.24912484805253+115.05653734393341j)
507,2021-08-08 08:28:05,30485.0,(323.854738773785+118.92480049915353j)
508,2021-08-08 08:29:05,30545.0,(325.1046039352901+115.46426503502356j)
509,2021-08-08 08:30:05,30605.0,(326.1180677312865+112.57000443818069j)
510,2021-08-08 08:31:05,30665.0,(321.29098086874643+125.68653711674462j)
511,2021-08-08 08:32:05,30725.0,(320.84410523422866+126.82294798831637j)
512,2021-08-08 08:33:05,30785.0,(325.1875290749871+115.23051216628534j)
513,2021-08-08 08:34:05,30845.0,(325.81657532318263+113.43967226977011j)
514,2021-08-08 08:35:05,30905.0,(323.3436402933464+120.30748223550779j)
515,2021-08-08 08:36:05,30965.0,(323.8477467825648+118.9438392849995j)
516,2021-08-08 08:37:05,31025.0,(325.51407072341993+114.30481075207801j)
517,2021-08-08 08:38:05,31085.0,(321.1047699037055+126.16151055329175j)
518,2021-08-08 08:39:05,31145.0,(326.3498831323547+111.89617410572377j)
519,2021-08-08 08:40:05,31205.0,(328.3986324504756+105.73238957224707j)
520,2021-08-08 08:41:05,31265.0,(322.40273168067256+122.80667166257807j)
521,2021-08-08 08:42:05,31325.0,(324.43453204661955+117.33385877780971j)
522,2021-08-08 08:43:05,31385.0,(323.8659498664445+118.89426612375233j)
523,2021-08-08 08:44:05,31445.0,(324.5130475253537+117.1165316503503j)
524,2021-08-08 08:45:05,31505.0,(325.5791345184697+114.11935491494964j)
525,2021-08-08 08:46:05,31565.0,(322.7424259069547+121.91114190136135j)
526,2021-08-08 08:47:05,31625.0,(323.77872824945325+119.13158747018664j)
527,2021-08-08 08:48:05,31685.0,(324.77328197507177+116.39293498808466j)
528,2021-08-08 08:49:05,31745.0,(323.96763593142293+118.61690802328732j)
529,2021-08-08 08:50:05,31805.0,(327.2747944453433+109.16138933138544j)
530,2021-08-08 08:51:05,31865.0,(322.057961915543+123.70799960716639j)
531,2021-08-08 08:52:05,31925.0,(321.95990431189585+123.96297840676002j)
532,2021-08-08 08:53:05,31985.0,(323.32620264714757+120.35433802641134j)
533,2021-08-08 08:54:05,32045.0,(323.429499583255+120.07647063153235j)
534,2021-08-08 08:55:05,32105.0,(322.99448868895104+121.24174312736962j)
535,2021-08-08 08:56:05,32165.0,(321.6219665407714+124.83713645565149j)
536,2021-08-08 08:57:05,32225.0,(323.05057830844845+121.09221219623089j)
537,2021-08-08 08:58:05,32285.0,(324.5055032679515+117.13743359325201j)
538,2021-08-08 08:59:05,32345.0,(324.1142659720176+118.21566137115762j)
539,2021-08-08 09:00:05,32405.0,(328.15879863279355+106.47442359497254j)
540,2021-08-08 09:01:05,32465.0,(325.95811995262494+113.03231412720064j)
541,2021-08-08 09:02:05,32525.0,(323.85620378672365+118.9208109157186j)
542,2021-08-08 09:03:05,32585.0,(323.98389569771126+118.57248976273785j)
543,2021-08-08 09:04:05,32645.0,(324.3108492604409+117.67528649623766j)
544,2021-08-08 09:05:05,32705.0,(324.74837599079376+116.46240720224722j)
545,2021-08-08 09:06:05,32765.0,(322.74519184799374+121.90381921417283j)
546,2021-08-08 09:07:05,32825.0,(323.1184782107151+120.91091364633554j)
547,2021-08-08 09:08:05,32885.0,(323.72658184580325+119.273216634886j)
548,2021-08-08 09:09:05,32945.0,(323.83746006266733+118.97184314013272j)
549,2021-08-08 09:10:05,33005.0,(322.1054207987961+123.58437559833567j)
550,2021-08-08 09:11:05,33065.0,(321.8822921614693+124.16436684040443j)
551,2021-08-08 09:12:05,33125.0,(324.8609703334997+116.14796577631925j)
552,2021-08-08 09:13:05,33185.0,(322.9358983391641+121.39771646895615j)
553,2021-08-08 09:14:05,33245.0,(324.9698970983102+115.84285036165879j)
554,2021-08-08 09:15:05,33305.0,(328.72405201552357+104.71627202347956j)
555,2021-08-08 09:16:05,33365.0,(326.55302295022017+111.30194608394304j)
556,2021-08-08 09:17:05,33425.0,(325.0637616382486+115.57919739119106j)
557,2021-08-08 09:18:05,33485.0,(324.23336335476455+117.88861729470416j)
558,2021-08-08 09:19:05,33545.0,(326.86009133122883+110.3969233943625j)
559,2021-08-08 09:20:05,33605.0,(327.1802702949531+109.44437276407322j)
560,2021-08-08 09:21:05,33665.0,(327.2015584100401+109.38071207503229j)
561,2021-08-08 09:22:05,33725.0,(327.2248104078706+109.31113142554649j)
562,2021-08-08 09:23:05,33785.0,(324.6710855748466+116.6777022041943j)
563,2021-08-08 09:24:05,33845.0,(323.51677409673374+119.8411318289465j)
564,2021-08-08 09:25:05,33905.0,(324.2224437024967+117.91864568244223j)
565,2021-08-08 09:26:05,33965.0,(324.3190774820621+117.6526072009635j)
566,2021-08-08 09:27:05,34025.0,(323.7418465312058+119.23177766252243j)
567,2021-08-08 09:28:05,34085.0,(325.3673612996386+114.72175121096446j)
568,2021-08-08 09:29:05,34145.0,(328.81434926714485+104.43238825203629j)
569,2021-08-08 09:30:05,34205.0,(332.46089738911496+92.16697731413545j)
570,2021-08-08 09:31:05,34265.0,(325.2096116905595+115.16817470150133j)
571,2021-08-08 09:32:05,34325.0,(322.4422475750621+122.7028808901502j)
572,2021-08-08 09:33:05,34385.0,(325.246744074188+115.06326724519732j)
573,2021-08-08 09:34:05,34445.0,(325.99305120051446+112.93153044645568j)
574,2021-08-08 09:35:05,34505.0,(325.82580665496624+113.4131549584992j)
575,2021-08-08 09:36:05,34565.0,(323.2168810249133+120.64761837900927j)
576,2021-08-08 09:37:05,34625.0,(322.17029997457337+123.41514418536089j)
577,2021-08-08 09:38:05,34685.0,(321.5713815215163+124.96738208966136j)
578,2021-08-08 09:39:05,34745.0,(325.80799875902875+113.46430251244979j)
579,2021-08-08 09:40:05,34805.0,(324.14347140438895+118.13555750032288j)
580,2021-08-08 09:41:05,34865.0,(319.481511434771+130.21737154218047j)
581,2021-08-08 09:42:05,34925.0,(322.86404431900985+121.5886873272856j)
582,2021-08-08 09:43:05,34985.0,(322.96070445907094+121.33170803751436j)
583,2021-08-08 09:44:05,35045.0,(321.43164883466466+125.32635448072686j)
584,2021-08-08 09:45:05,35105.0,(320.5696550002133+127.51508261003578j)
585,2021-08-08 09:46:05,35165.0,(319.8691515180187+129.26223697253107j)
586,2021-08-08 09:47:05,35225.0,(320.10933568543834+128.6662862098202j)
587,2021-08-08 09:48:05,35285.0,(321.5936602841054+124.910038287847j)
588,2021-08-08 09:49:05,35345.0,(323.84840468547446+118.94204800100401j)
589,2021-08-08 09:50:05,35405.0,(322.78030028193456+121.81082772029808j)
590,2021-08-08 09:51:05,35465.0,(323.47407585035756+119.95633477543869j)
591,2021-08-08 09:52:05,35525.0,(326.3165415166161+111.99336914583185j)
592,2021-08-08 09:53:05,35585.0,(328.0167413669088+106.91125938382021j)
593,2021-08-08 09:54:05,35645.0,(331.39194483992844+95.93945431995033j)
594,2021-08-08 09:55:05,35705.0,(330.18999102586423+99.99784910856673j)
595,2021-08-08 09:56:05,35765.0,(317.27154364521584+135.5129794262598j)
596,2021-08-08 09:57:05,35825.0,(318.1450093134881+133.44944004723502j)
597,2021-08-08 09:58:05,35885.0,(323.18815870628066+120.72453798645877j)
598,2021-08-08 09:59:05,35945.0,(318.169022148848+133.39217872441344j)
599,2021-08-08 10:00:05,36005.0,(318.1068549251029+133.54036412133803j)
600,2021-08-08 10:01:05,36065.0,(318.89112048738855+131.6565732286004j)
601,2021-08-08 10:02:05,36125.0,(318.7604452354946+131.97264320028322j)
602,2021-08-08 10:03:05,36185.0,(319.1479935583976+131.0326608431997j)
603,2021-08-08 10:04:05,36245.0,(323.2864546734189+120.46106518162401j)
604,2021-08-08 10:05:05,36305.0,(326.3636018154805+111.85615499393182j)
605,2021-08-08 10:06:05,36365.0,(321.802869295406+124.37006598552496j)
606,2021-08-08 10:07:05,36425.0,(324.35289417374497+117.55934688962593j)
607,2021-08-08 10:08:05,36485.0,(323.3729968611279+120.22855276951877j)
608,2021-08-08 10:09:05,36545.0,(324.0671836388573+118.34466818737195j)
609,2021-08-08 10:10:05,36605.0,(324.4568033472026+117.27225913111216j)
610,2021-08-08 10:11:05,36665.0,(320.7111227218632+127.15886033809043j)
611,2021-08-08 10:12:05,36725.0,(325.11486505152766+115.43536946069425j)
612,2021-08-08 10:13:05,36785.0,(331.6609535183618+95.00532569962103j)
613,2021-08-08 10:14:05,36845.0,(332.0819966715038+93.52297838856134j)
614,2021-08-08 10:15:05,36905.0,(327.4168748954024+108.73449330239424j)
615,2021-08-08 10:16:05,36965.0,(309.896796240862+151.62115841679108j)
616,2021-08-08 10:17:05,37025.0,(309.51073640769664+152.40769025336388j)
617,2021-08-08 10:18:05,37085.0,(314.92064782239356+140.88997684407497j)
618,2021-08-08 10:19:05,37145.0,(314.5758116435894+141.65824624347482j)
619,2021-08-08 10:20:05,37205.0,(315.58008775584415+139.4066290102939j)
620,2021-08-08 10:21:05,37265.0,(324.1660307186604+118.07364027634844j)
621,2021-08-08 10:22:05,37325.0,(324.67267659046684+116.6732748986764j)
622,2021-08-08 10:23:05,37385.0,(324.38461280283593+117.47179651624562j)
623,2021-08-08 10:24:05,37445.0,(323.4812920240674+119.93687385637513j)
624,2021-08-08 10:25:05,37505.0,(322.1016717312861+123.5941465762469j)
625,2021-08-08 10:26:05,37565.0,(321.90878405318966+124.09566773017053j)
626,2021-08-08 10:27:05,37625.0,(320.39867917375466+127.94407521926694j)
627,2021-08-08 10:28:05,37685.0,(321.98838657867555+123.88897815569142j)
628,2021-08-08 10:29:05,37745.0,(326.2040383949585+112.32063628212066j)
629,2021-08-08 10:30:05,37805.0,(328.14357661593147+106.52132709323672j)
630,2021-08-08 10:31:05,37865.0,(324.5754711678343+116.94342014914041j)
631,2021-08-08 10:32:05,37925.0,(326.82753826568376+110.49325875904384j)
632,2021-08-08 10:33:05,37985.0,(326.37229748035764+111.83078036655618j)
633,2021-08-08 10:34:05,38045.0,(322.52871495719086+122.47541805629061j)
634,2021-08-08 10:35:05,38105.0,(322.83698150715605+121.6605251153726j)
635,2021-08-08 10:36:05,38165.0,(322.2165305917019+123.29439327660786j)
636,2021-08-08 10:37:05,38225.0,(321.1038903611123+126.16374913166916j)
637,2021-08-08 10:38:05,38285.0,(320.3449199911947+128.0786174028869j)
638,2021-08-08 10:39:05,38345.0,(325.59595656523913+114.07135077821644j)
639,2021-08-08 10:40:05,38405.0,(330.6816878520126+98.35965290373952j)
640,2021-08-08 10:41:05,38465.0,(327.05896516461917+109.80634455917576j)
641,2021-08-08 10:42:05,38525.0,(323.2073988281489+120.67301828802456j)
642,2021-08-08 10:43:05,38585.0,(327.0560623697193+109.81499017535933j)
643,2021-08-08 10:44:05,38645.0,(329.29631332507597+102.9025657139481j)
644,2021-08-08 10:45:05,38705.0,(329.8640953666881+101.06769309683729j)
645,2021-08-08 10:46:05,38765.0,(322.0749995885896+123.663635075191j)
646,2021-08-08 10:47:05,38825.0,(326.44079378858805+111.63067746223058j)
647,2021-08-08 10:48:05,38885.0,(328.5145056017175+105.37181601006571j)
648,2021-08-08 10:49:05,38945.0,(324.18797739928243+118.0133691992664j)
649,2021-08-08 10:50:05,39005.0,(324.43792846159727+117.3244670797506j)
650,2021-08-08 10:51:05,39065.0,(319.3692098514894+130.49255840405354j)
651,2021-08-08 10:52:05,39125.0,(320.26782059298614+128.27128709348335j)
652,2021-08-08 10:53:05,39185.0,(321.1867932146456+125.95254608181804j)
653,2021-08-08 10:54:05,39245.0,(321.8841313253026+124.1595989078387j)
654,2021-08-08 10:55:05,39305.0,(325.7700332631571+113.57326017915284j)
655,2021-08-08 10:56:05,39365.0,(331.92233065333187+94.0880779570943j)
656,2021-08-08 10:57:05,39425.0,(332.74914152633863+91.12084730447069j)
657,2021-08-08 10:58:05,39485.0,(328.58111795605464+105.16391454652732j)
658,2021-08-08 10:59:05,39545.0,(326.81688152749496+110.52477527072075j)
659,2021-08-08 11:00:05,39605.0,(326.289872661369+112.0710444255234j)
660,2021-08-08 11:01:05,39665.0,(323.5396292008867+119.77941532898205j)
661,2021-08-08 11:02:05,39725.0,(323.251157456359+120.55575143112925j)
662,2021-08-08 11:03:05,39785.0,(324.3847706268074+117.47136070291155j)
663,2021-08-08 11:04:05,39845.0,(328.0179417549656+106.90757637714925j)
664,2021-08-08 11:05:05,39905.0,(327.0175457832438+109.92963544879079j)
665,2021-08-08 11:06:05,39965.0,(315.51439172702266+139.55525290409855j)
666,2021-08-08 11:07:05,40025.0,(318.74395771166144+132.01245934496706j)
667,2021-08-08 11:08:05,40085.0,(321.62035009807414+124.84130086951285j)
668,2021-08-08 11:09:05,40145.0,(317.9292499916589+133.9626515105657j)
669,2021-08-08 11:10:05,40205.0,(320.67221605018136+127.25694422492555j)
670,2021-08-08 11:11:05,40265.0,(330.9166998540905+97.56606868003749j)
671,2021-08-08 11:12:05,40325.0,(334.40481703332256+84.84349323849233j)
672,2021-08-08 11:13:05,40385.0,(329.9934325037909+100.64459500820675j)
673,2021-08-08 11:14:05,40445.0,(331.0078243582819+97.25646617884509j)
674,2021-08-08 11:15:05,40505.0,(332.001455286358+93.80849475255646j)
675,2021-08-08 11:16:05,40565.0,(317.3773220627228+135.26505624252982j)
676,2021-08-08 11:17:05,40625.0,(322.44743019734574+122.68926097718506j)
677,2021-08-08 11:18:05,40685.0,(323.06611983356134+121.05074231778569j)
678,2021-08-08 11:19:05,40745.0,(326.1207633659495+112.56219481517934j)
679,2021-08-08 11:20:05,40805.0,(324.9938550558408+115.77561995490723j)
680,2021-08-08 11:21:05,40865.0,(323.96363636080116+118.62783111853055j)
681,2021-08-08 11:22:05,40925.0,(324.2526309218685+117.8356115113191j)
682,2021-08-08 11:23:05,40985.0,(324.05951148225745+118.36567499862731j)
683,2021-08-08 11:24:05,41045.0,(325.8214146082335+113.42577212736802j)
684,2021-08-08 11:25:05,41105.0,(330.1088726410725+100.26530907367805j)
685,2021-08-08 11:26:05,41165.0,(328.6841964234312+104.84130398599257j)
686,2021-08-08 11:27:05,41225.0,(328.6979522071918+104.7981689477382j)
687,2021-08-08 11:28:05,41285.0,(328.04397921474487+106.82765419569989j)
688,2021-08-08 11:29:05,41345.0,(323.19100196908875+120.71692609661865j)
689,2021-08-08 11:30:05,41405.0,(323.28610389784416+120.46200656867838j)
690,2021-08-08 11:31:05,41465.0,(318.6983295444511+132.12257470083009j)
691,2021-08-08 11:32:05,41525.0,(321.3765829687459+125.46749347672804j)
692,2021-08-08 11:33:05,41585.0,(326.6813909288085+110.9246087251111j)
693,2021-08-08 11:34:05,41645.0,(328.5922745269607+105.12904984445792j)
694,2021-08-08 11:35:05,41705.0,(330.60388797911673+98.62083579594952j)
695,2021-08-08 11:36:05,41765.0,(323.7785492364223+119.13207399503149j)
696,2021-08-08 11:37:05,41825.0,(324.42334520820435+117.36478638807405j)
697,2021-08-08 11:38:05,41885.0,(326.20008146760466+112.33212741922095j)
698,2021-08-08 11:39:05,41945.0,(329.27827350212135+102.96027680354292j)
699,2021-08-08 11:40:05,42005.0,(328.89915007996456+104.16500888819127j)
700,2021-08-08 11:41:05,42065.0,(320.92362205904686+126.62159691183044j)
701,2021-08-08 11:42:05,42125.0,(315.37615343401455+139.86737233953073j)
702,2021-08-08 11:43:05,42185.0,(309.209910552198+153.01709452313403j)
703,2021-08-08 11:44:05,42245.0,(310.3646620039273+150.66113161392346j)
704,2021-08-08 11:45:05,42305.0,(313.9100266355695+143.1275486328751j)
705,2021-08-08 11:46:05,42365.0,(331.52394415734653+95.48232532964713j)
706,2021-08-08 11:47:05,42425.0,(333.06432395576786+89.96197034240255j)
707,2021-08-08 11:48:05,42485.0,(336.91943542789073+74.23135476974255j)
708,2021-08-08 11:49:05,42545.0,(337.41385028885065+71.95063330682402j)
709,2021-08-08 11:50:05,42605.0,(331.2560276001772+96.40769771418998j)
710,2021-08-08 11:51:05,42665.0,(304.13032393873914+162.87954463626667j)
711,2021-08-08 11:52:05,42725.0,(315.49903271894766+139.58997225233767j)
712,2021-08-08 11:53:05,42785.0,(316.14789559306627+138.11411264630294j)
713,2021-08-08 11:54:05,42845.0,(312.6774780292239+145.8005306344398j)
714,2021-08-08 11:55:05,42905.0,(313.64047596331847+143.71726353331067j)
715,2021-08-08 11:56:05,42965.0,(325.31064980359406+114.88246656632775j)
716,2021-08-08 11:57:05,43025.0,(333.90107690758987+86.80478581248705j)
717,2021-08-08 11:58:05,43085.0,(336.53305943944304+75.96380654185458j)
718,2021-08-08 11:59:05,43145.0,(331.2277952308074+96.50465100987789j)
719,2021-08-08 12:00:05,43205.0,(331.68752143373365+94.91252881019699j)
720,2021-08-08 12:01:05,43265.0,(326.59654182697716+111.17418255449213j)
721,2021-08-08 12:02:05,43325.0,(332.1398310871724+93.3173756884782j)
722,2021-08-08 12:03:05,43385.0,(326.8743415666225+110.35472271446757j)
723,2021-08-08 12:04:05,43445.0,(322.1044121442775+123.58700448343835j)
724,2021-08-08 12:05:05,43505.0,(322.20069330710396+123.33577434151671j)
725,2021-08-08 12:06:05,43565.0,(338.4940095989601+66.6843719743924j)
726,2021-08-08 12:07:05,43625.0,(338.45435055486143+66.88536903155264j)
727,2021-08-08 12:08:05,43685.0,(331.413630933354+95.86451497593178j)
728,2021-08-08 12:09:05,43745.0,(333.9095626508531+86.77213821449837j)
729,2021-08-08 12:10:05,43805.0,(330.9780464251435+97.35775667400914j)
730,2021-08-08 12:11:05,43865.0,(314.53224485263354+141.75495387450474j)
731,2021-08-08 12:12:05,43925.0,(314.5033778594913+141.81898785060494j)
732,2021-08-08 12:13:05,43985.0,(323.94818468383846+118.67001997153999j)
733,2021-08-08 12:14:05,44045.0,(324.63928012860674+116.76616717859682j)
734,2021-08-08 12:15:05,44105.0,(324.9691754757863+115.84487468415512j)
735,2021-08-08 12:16:05,44165.0,(325.0991347722984+115.4796630160608j)
736,2021-08-08 12:17:05,44225.0,(316.7271228851522+136.780589371788j)
737,2021-08-08 12:18:05,44285.0,(314.6379602855388+141.52015385575208j)
738,2021-08-08 12:19:05,44345.0,(320.18812851051445+128.47008352505384j)
739,2021-08-08 12:20:05,44405.0,(322.7874495822147+121.79188147084842j)
740,2021-08-08 12:21:05,44465.0,(330.85229814885366+97.78423599753727j)
741,2021-08-08 12:22:05,44525.0,(333.0389736823969+90.0557716561006j)
742,2021-08-08 12:23:05,44585.0,(332.6372766602913+91.5283681490323j)
743,2021-08-08 12:24:05,44645.0,(331.34501790408666+96.10140014661857j)
744,2021-08-08 12:25:05,44705.0,(328.79042736024013+104.50767855172494j)
745,2021-08-08 12:26:05,44765.0,(306.61389215870753+158.15473794764569j)
746,2021-08-08 12:27:05,44825.0,(304.5421878270659+162.10816090963505j)
747,2021-08-08 12:28:05,44885.0,(311.5526018919264+148.18898830335146j)
748,2021-08-08 12:29:05,44945.0,(312.6633682526272+145.8307860258663j)
749,2021-08-08 12:30:05,45005.0,(314.4233073279576+141.9964218174131j)
750,2021-08-08 12:31:05,45065.0,(330.6798425955734+98.3658563779465j)
751,2021-08-08 12:32:05,45125.0,(333.62517525453273+87.85921941596294j)
752,2021-08-08 12:33:05,45185.0,(332.2431056946165+92.94901139009453j)
753,2021-08-08 12:34:05,45245.0,(327.03735710126375+109.87068335193182j)
754,2021-08-08 12:35:05,45305.0,(329.31425910749834+102.8451201977003j)
755,2021-08-08 12:36:05,45365.0,(319.6571313220578+129.78566328740902j)
756,2021-08-08 12:37:05,45425.0,(311.2616459197652+148.7991524818562j)
757,2021-08-08 12:38:05,45485.0,(316.2913287864809+137.78532336385547j)
758,2021-08-08 12:39:05,45545.0,(320.95090974906833+126.55241416601021j)
759,2021-08-08 12:40:05,45605.0,(323.58169158744226+119.66573807656647j)
760,2021-08-08 12:41:05,45665.0,(322.0296343812146+123.78172151130097j)
761,2021-08-08 12:42:05,45725.0,(331.74039271617806+94.72756642348602j)
762,2021-08-08 12:43:05,45785.0,(330.6320233717658+98.52646913947592j)
763,2021-08-08 12:44:05,45845.0,(330.8378932616824+97.83296163446974j)
764,2021-08-08 12:45:05,45905.0,(331.29431220271005+96.2760546664292j)
765,2021-08-08 12:46:05,45965.0,(319.9625539679337+129.03086475071424j)
766,2021-08-08 12:47:05,46025.0,(324.05442220271357+118.37960741135045j)
767,2021-08-08 12:48:05,46085.0,(328.1373354774622+106.54055127392301j)
768,2021-08-08 12:49:05,46145.0,(322.3151025626006+123.03647694915628j)
769,2021-08-08 12:50:05,46205.0,(318.15520520916647+133.42513031027238j)
770,2021-08-08 12:51:05,46265.0,(319.2947685538776+130.6745988098902j)
771,2021-08-08 12:52:05,46325.0,(317.3099083413373+135.42312235512853j)
772,2021-08-08 12:53:05,46385.0,(313.97795309160796+142.97847730481683j)
773,2021-08-08 12:54:05,46445.0,(313.48582433215535+144.05428817910644j)
774,2021-08-08 12:55:05,46505.0,(309.15102870083723+153.13602271580032j)
775,2021-08-08 12:56:05,46565.0,(323.5874503373239+119.65016499859044j)
776,2021-08-08 12:57:05,46625.0,(320.24584031638614+128.3261538426665j)
777,2021-08-08 12:58:05,46685.0,(327.47078998468476+108.57201161812594j)
778,2021-08-08 12:59:05,46745.0,(332.81416020232155+90.88308296280154j)
779,2021-08-08 13:00:05,46805.0,(329.50274613831795+102.23962190514592j)
780,2021-08-08 13:01:05,46865.0,(318.88780848951245+131.66459507686957j)
781,2021-08-08 13:02:05,46925.0,(323.9280199297499+118.72505171357709j)
782,2021-08-08 13:03:05,46985.0,(329.0582935991566+103.66117601885114j)
783,2021-08-08 13:04:05,47045.0,(331.3590414986484+96.05303543926652j)
784,2021-08-08 13:05:05,47105.0,(331.708700812813+94.83848272234063j)
785,2021-08-08 13:06:05,47165.0,(316.0873672778673+138.2525813406267j)
786,2021-08-08 13:07:05,47225.0,(311.83435269566735+147.59517769518808j)
787,2021-08-08 13:08:05,47285.0,(312.7429242880577+145.6600951110298j)
788,2021-08-08 13:09:05,47345.0,(308.85369892129216+153.7348127869411j)
789,2021-08-08 13:10:05,47405.0,(313.31523067553775+144.42495015313176j)
790,2021-08-08 13:11:05,47465.0,(333.4797424135461+88.40962277826405j)
791,2021-08-08 13:12:05,47525.0,(336.4471868376928+76.34324114813724j)
792,2021-08-08 13:13:05,47585.0,(328.8837037011474+104.2137679954807j)
793,2021-08-08 13:14:05,47645.0,(323.9384060805027+118.69671042629332j)
794,2021-08-08 13:15:05,47705.0,(321.37225120952917+125.47858842256426j)
795,2021-08-08 13:16:05,47765.0,(319.4673500719441+130.25211030156058j)
796,2021-08-08 13:17:05,47825.0,(330.3083864048406+99.60607346256813j)
797,2021-08-08 13:18:05,47885.0,(329.69245279243063+101.62621006271418j)
798,2021-08-08 13:19:05,47945.0,(320.49483027835834+127.70302958366447j)
799,2021-08-08 13:20:05,48005.0,(323.9232594180985+118.73803943115807j)
800,2021-08-08 13:21:05,48065.0,(320.93526412010647+126.59208602498619j)
801,2021-08-08 13:22:05,48125.0,(322.03956527861453+123.75588226488853j)
802,2021-08-08 13:23:05,48185.0,(329.24998041254264+103.05071760225783j)
803,2021-08-08 13:24:05,48245.0,(335.5104673216339+80.35997957701865j)
804,2021-08-08 13:25:05,48305.0,(336.0113269867796+78.23930046072434j)
805,2021-08-08 13:26:05,48365.0,(323.0655314773521+121.05231253989321j)
806,2021-08-08 13:27:05,48425.0,(325.2880254767046+114.9465113931988j)
807,2021-08-08 13:28:05,48485.0,(322.4197360191856+122.76202110310284j)
808,2021-08-08 13:29:05,48545.0,(323.41053817917117+120.12753137669503j)
809,2021-08-08 13:30:05,48605.0,(317.0918350653927+135.93295455797983j)
810,2021-08-08 13:31:05,48665.0,(319.1522422557262+131.02231208134833j)
811,2021-08-08 13:32:05,48725.0,(322.05004523459473+123.72860770410166j)
812,2021-08-08 13:33:05,48785.0,(318.3374408727293+132.98975050206528j)
813,2021-08-08 13:34:05,48845.0,(311.2284688193849+148.86853326455915j)
814,2021-08-08 13:35:05,48905.0,(322.15694213415316+123.45000864630147j)
815,2021-08-08 13:36:05,48965.0,(334.16985651692323+85.76425243339409j)
816,2021-08-08 13:37:05,49025.0,(327.6272934841292+108.09882776544934j)
817,2021-08-08 13:38:05,49085.0,(323.48210728034167+119.93467500881273j)
818,2021-08-08 13:39:05,49145.0,(332.92654024494+90.47054106467112j)
819,2021-08-08 13:40:05,49205.0,(338.79659241103894+65.12963204769652j)
820,2021-08-08 13:41:05,49265.0,(333.1158857454133+89.77085642929288j)
821,2021-08-08 13:42:05,49325.0,(333.75922378068657+87.34861499367696j)
822,2021-08-08 13:43:05,49385.0,(331.0084304364994+97.25440339627374j)
823,2021-08-08 13:44:05,49445.0,(326.8485137067116+110.43119617079928j)
824,2021-08-08 13:45:05,49505.0,(325.58189408054744+114.11148166123863j)
825,2021-08-08 13:46:05,49565.0,(314.2775278409705+142.31878124185857j)
826,2021-08-08 13:47:05,49625.0,(318.6914375728471+132.13919788523046j)
827,2021-08-08 13:48:05,49685.0,(307.94821926692254+155.5406514398451j)
828,2021-08-08 13:49:05,49745.0,(315.0680774820563+140.55997492800344j)
829,2021-08-08 13:50:05,49805.0,(312.7116063333849+145.72731818157533j)
830,2021-08-08 13:51:05,49865.0,(307.67608075227554+156.0782795039695j)
831,2021-08-08 13:52:05,49925.0,(312.94139140180766+145.23321089716575j)
832,2021-08-08 13:53:05,49985.0,(324.2805522378529+117.75875101372803j)
833,2021-08-08 13:54:05,50045.0,(331.7027915280938+94.85914870200924j)
834,2021-08-08 13:55:05,50105.0,(333.21671893200113+89.39585126946207j)
835,2021-08-08 13:56:05,50165.0,(328.9795599572389+103.9107748519924j)
836,2021-08-08 13:57:05,50225.0,(327.18778201007933+109.42191418232824j)
837,2021-08-08 13:58:05,50285.0,(313.98615004296437+142.96047559097255j)
838,2021-08-08 13:59:05,50345.0,(311.2564222280126+148.8100790330317j)
839,2021-08-08 14:00:05,50405.0,(310.8466612399422+149.66413463479032j)
840,2021-08-08 14:01:05,50465.0,(322.0569659130163+123.71059254123011j)
841,2021-08-08 14:02:05,50525.0,(320.1736525444748+128.50615633630142j)
842,2021-08-08 14:03:05,50585.0,(328.7590140471549+104.60645621921535j)
843,2021-08-08 14:04:05,50645.0,(328.8928403842196+104.18492954357781j)
844,2021-08-08 14:05:05,50705.0,(332.65534827871403+91.46266594391119j)
845,2021-08-08 14:06:05,50765.0,(327.7003586425472+107.87712892706197j)
846,2021-08-08 14:07:05,50825.0,(326.6900445682062+110.89911983430457j)
847,2021-08-08 14:08:05,50885.0,(325.5051101050844+114.33032535367384j)
848,2021-08-08 14:09:05,50945.0,(325.2524963554798+115.04700610849716j)
849,2021-08-08 14:10:05,51005.0,(330.89045206153105+97.65504971334371j)
850,2021-08-08 14:11:05,51065.0,(332.6340588272713+91.5400617658488j)
851,2021-08-08 14:12:05,51125.0,(328.95226110556155+103.99716300716325j)
852,2021-08-08 14:13:05,51185.0,(328.86335254709985+104.27797155431196j)
853,2021-08-08 14:14:05,51245.0,(333.4914336742646+88.36551174459164j)
854,2021-08-08 14:15:05,51305.0,(331.3492979116685+96.08664201357207j)
855,2021-08-08 14:16:05,51365.0,(324.34817000396527+117.57238032411716j)
856,2021-08-08 14:17:05,51425.0,(326.8986443171869+110.2827109912762j)
857,2021-08-08 14:18:05,51485.0,(326.261133067479+112.15468358265178j)
858,2021-08-08 14:19:05,51545.0,(323.17004236360333+120.77302562537226j)
859,2021-08-08 14:20:05,51605.0,(326.25425995137203+112.1746756785263j)
860,2021-08-08 14:21:05,51665.0,(327.67755374465486+107.94637915149747j)
861,2021-08-08 14:22:05,51725.0,(327.3018302819227+109.08030021091562j)
862,2021-08-08 14:23:05,51785.0,(335.9406987751403+78.54200727299018j)
863,2021-08-08 14:24:05,51845.0,(333.60612773038685+87.93151619719072j)
864,2021-08-08 14:25:05,51905.0,(326.16246590893064+112.44129949536186j)
865,2021-08-08 14:26:05,51965.0,(308.5992528610924+154.24493876161884j)
866,2021-08-08 14:27:05,52025.0,(300.1880196180529+170.0357400013052j)
867,2021-08-08 14:28:05,52085.0,(299.90014167131375+170.54297119941927j)
868,2021-08-08 14:29:05,52145.0,(301.73108104403536+167.28226066142747j)
869,2021-08-08 14:30:05,52205.0,(311.6604629138144+147.96200815191358j)
870,2021-08-08 14:31:05,52265.0,(333.714775792916+87.51827476295351j)
871,2021-08-08 14:32:05,52325.0,(331.5496929000778+95.39287781519178j)
872,2021-08-08 14:33:05,52385.0,(326.8597392319924+110.39796587434907j)
873,2021-08-08 14:34:05,52445.0,(328.98628816039803+103.88947108558959j)
874,2021-08-08 14:35:05,52505.0,(330.71529302105415+98.24660280130956j)
875,2021-08-08 14:36:05,52565.0,(319.5804060904699+129.9744745827054j)
876,2021-08-08 14:37:05,52625.0,(320.43304430789505+127.85798416827383j)
877,2021-08-08 14:38:05,52685.0,(320.6276705408957+127.36913630671624j)
878,2021-08-08 14:39:05,52745.0,(319.38298991856294+130.4588277989616j)
879,2021-08-08 14:40:05,52805.0,(319.3155828918382+130.62372878786468j)
880,2021-08-08 14:41:05,52865.0,(329.715168862974+101.55248604372306j)
881,2021-08-08 14:42:05,52925.0,(329.3662643414099+102.67844912046776j)
882,2021-08-08 14:43:05,52985.0,(331.5840251536373+95.27347092927839j)
883,2021-08-08 14:44:05,53045.0,(337.09417095663895+73.4337790601591j)
884,2021-08-08 14:45:05,53105.0,(338.93084777821775+64.42732668936834j)
885,2021-08-08 14:46:05,53165.0,(322.96147318800416+121.32966181537833j)
886,2021-08-08 14:47:05,53225.0,(317.4108487660535+135.18636427396635j)
887,2021-08-08 14:48:05,53285.0,(308.0076346729237+155.42296157000348j)
888,2021-08-08 14:49:05,53345.0,(306.01075940539073+159.318596303558j)
889,2021-08-08 14:50:05,53405.0,(313.6454680228447+143.70636864360156j)
890,2021-08-08 14:51:05,53465.0,(333.9605205985118+86.57580887044016j)
891,2021-08-08 14:52:05,53525.0,(338.6882952063941+65.69047640401477j)
892,2021-08-08 14:53:05,53585.0,(334.6544327665272+83.85350696133057j)
893,2021-08-08 14:54:05,53645.0,(332.42433291086206+92.29876970343835j)
894,2021-08-08 14:55:05,53705.0,(333.5326671046872+88.2097498808034j)
895,2021-08-08 14:56:05,53765.0,(326.7079137184193+110.84646640176611j)
896,2021-08-08 14:57:05,53825.0,(327.73230824217706+107.78002660166041j)
897,2021-08-08 14:58:05,53885.0,(328.8349502171462+104.36750220105395j)
898,2021-08-08 14:59:05,53945.0,(332.57609432509497+91.7504304265955j)
899,2021-08-08 15:00:05,54005.0,(327.76866544323894+107.66941048207747j)
900,2021-08-08 15:01:05,54065.0,(317.7192122143164+134.4600393794163j)
901,2021-08-08 15:02:05,54125.0,(321.2839006943763+125.7046345788657j)
902,2021-08-08 15:03:05,54185.0,(320.2785068609399+128.244602392954j)
903,2021-08-08 15:04:05,54245.0,(325.73871398507737+113.6630556132817j)
904,2021-08-08 15:05:05,54305.0,(323.52685887278136+119.81390398410116j)
905,2021-08-08 15:06:05,54365.0,(316.76555267343923+136.69156755078424j)
906,2021-08-08 15:07:05,54425.0,(319.99940704035123+128.93944118780578j)
907,2021-08-08 15:08:05,54485.0,(324.58965971412846+116.90403246537866j)
908,2021-08-08 15:09:05,54545.0,(315.432671525426+139.73986451379125j)
909,2021-08-08 15:10:05,54605.0,(312.3299022317867+146.54361866653412j)
910,2021-08-08 15:11:05,54665.0,(325.14256533256804+115.35732403691019j)
911,2021-08-08 15:12:05,54725.0,(324.9213927750465+115.97882788304047j)
912,2021-08-08 15:13:05,54785.0,(321.2883298805198+125.6933135953789j)
913,2021-08-08 15:14:05,54845.0,(328.2332040221478+106.24482941468295j)
914,2021-08-08 15:15:05,54905.0,(330.2644474203974+99.7516655003793j)
915,2021-08-08 15:16:05,54965.0,(325.5665513203134+114.1552480676982j)
916,2021-08-08 15:17:05,55025.0,(332.41244921490414+92.34155947864849j)
917,2021-08-08 15:18:05,55085.0,(328.512121555663+105.37924838884219j)
918,2021-08-08 15:19:05,55145.0,(328.28570670354617+106.08249042209206j)
919,2021-08-08 15:20:05,55205.0,(327.48107412392716+108.54098806736064j)
920,2021-08-08 15:21:05,55265.0,(319.72635076858006+129.61504783090157j)
921,2021-08-08 15:22:05,55325.0,(322.4992879526113+122.55288356484603j)
922,2021-08-08 15:23:05,55385.0,(328.74124408395033+104.66228756403426j)
923,2021-08-08 15:24:05,55445.0,(336.1110569258053+77.80975139542633j)
924,2021-08-08 15:25:05,55505.0,(330.4021471474103+99.29461798295547j)
925,2021-08-08 15:26:05,55565.0,(306.927940282036+157.54440476966155j)
926,2021-08-08 15:27:05,55625.0,(311.62928336550044+148.02766548555925j)
927,2021-08-08 15:28:05,55685.0,(305.2350801552236+160.7997072218548j)
928,2021-08-08 15:29:05,55745.0,(313.67554200139523+143.6407127179858j)
929,2021-08-08 15:30:05,55805.0,(315.4081220712705+139.7952664845078j)
930,2021-08-08 15:31:05,55865.0,(326.2392436720319+112.2183402492686j)
931,2021-08-08 15:32:05,55925.0,(320.03079964088647+128.8615042641315j)
932,2021-08-08 15:33:05,55985.0,(319.87779329679444+129.24085018125368j)
933,2021-08-08 15:34:05,56045.0,(315.754178025003+139.01186661488555j)
934,2021-08-08 15:35:05,56105.0,(325.6474355096687+113.92430709017358j)
935,2021-08-08 15:36:05,56165.0,(326.9592033722302+110.10303960471117j)
936,2021-08-08 15:37:05,56225.0,(324.13949995460916+118.14645390013158j)
937,2021-08-08 15:38:05,56285.0,(325.84022720405585+113.37171752959051j)
938,2021-08-08 15:39:05,56345.0,(322.69089678386473+122.04747081699458j)
939,2021-08-08 15:40:05,56405.0,(328.6511181900917+104.94494991376358j)
940,2021-08-08 15:41:05,56465.0,(325.6471969408046+113.92498902609934j)
941,2021-08-08 15:42:05,56525.0,(328.8677231369083+104.26418694233328j)
942,2021-08-08 15:43:05,56585.0,(327.08048094227+109.74223884436348j)
943,2021-08-08 15:44:05,56645.0,(326.82364473288123+110.50477475437621j)
944,2021-08-08 15:45:05,56705.0,(327.02645730804045+109.90312197818763j)
945,2021-08-08 15:46:05,56765.0,(328.4552699173703+105.55631512850098j)
946,2021-08-08 15:47:05,56825.0,(331.25743273246303+96.40286956049461j)
947,2021-08-08 15:48:05,56885.0,(320.98656576243604+126.46194921808427j)
948,2021-08-08 15:49:05,56945.0,(326.33553253646613+111.9380194756949j)
949,2021-08-08 15:50:05,57005.0,(327.55258174555877+108.32500261628904j)
950,2021-08-08 15:51:05,57065.0,(328.30976626526643+106.0080061827697j)
951,2021-08-08 15:52:05,57125.0,(328.1256255733983+106.57661020161056j)
952,2021-08-08 15:53:05,57185.0,(315.7923411913137+138.92514979264513j)
953,2021-08-08 15:54:05,57245.0,(324.8778096619357+116.1008561090877j)
954,2021-08-08 15:55:05,57305.0,(321.9645962543243+123.95079168278818j)
955,2021-08-08 15:56:05,57365.0,(322.2430698853034+123.22501333290859j)
956,2021-08-08 15:57:05,57425.0,(327.71790421482586+107.82381581562686j)
957,2021-08-08 15:58:05,57485.0,(325.1096640459178+115.4500166476838j)
958,2021-08-08 15:59:05,57545.0,(324.2824759487212+117.75345342098075j)
959,2021-08-08 16:00:05,57605.0,(321.0433490895992+126.31772640977097j)
960,2021-08-08 16:01:05,57665.0,(325.98664627247973+112.95001749455902j)
961,2021-08-08 16:02:05,57725.0,(328.6003356165996+105.10385070328353j)
962,2021-08-08 16:03:05,57785.0,(330.63295418085215+98.5233455057354j)
963,2021-08-08 16:04:05,57845.0,(331.1519141400985+96.76471341015194j)
964,2021-08-08 16:05:05,57905.0,(327.09693880395565+109.69317492479318j)
965,2021-08-08 16:06:05,57965.0,(321.85557755668293+124.23359930249974j)
966,2021-08-08 16:07:05,58025.0,(318.7163742718665+132.07903986248346j)
967,2021-08-08 16:08:05,58085.0,(319.2017916886203+130.9015514910907j)
968,2021-08-08 16:09:05,58145.0,(312.55404505159385+146.0649476153887j)
969,2021-08-08 16:10:05,58205.0,(305.6124925828183+160.08124305276013j)
970,2021-08-08 16:11:05,58265.0,(319.74938708921707+129.55820875602603j)
971,2021-08-08 16:12:05,58325.0,(324.2631582555028+117.80663902415154j)
972,2021-08-08 16:13:05,58385.0,(321.0476825649216+126.3067120927994j)
973,2021-08-08 16:14:05,58445.0,(317.95898372358914+133.8920635043854j)
974,2021-08-08 16:15:05,58505.0,(318.5862651860924+132.39256638790863j)
975,2021-08-08 16:16:05,58565.0,(318.5593397545965+132.45734051050368j)
976,2021-08-08 16:17:05,58625.0,(327.86965674932793+107.36148370378413j)
977,2021-08-08 16:18:05,58685.0,(329.08070825429303+103.58999688605489j)
978,2021-08-08 16:19:05,58745.0,(325.4831513360726+114.39282405963787j)
979,2021-08-08 16:20:05,58805.0,(324.2906159808324+117.73103408520757j)
980,2021-08-08 16:21:05,58865.0,(323.2940038668412+120.44080315136917j)
981,2021-08-08 16:22:05,58925.0,(326.94196621205873+110.15421339827662j)
982,2021-08-08 16:23:05,58985.0,(324.19056234808187+118.00626798791009j)
983,2021-08-08 16:24:05,59045.0,(331.42821351517244+95.8140870965291j)
984,2021-08-08 16:25:05,59105.0,(335.7050189634382+79.54332305578903j)
985,2021-08-08 16:26:05,59165.0,(321.97392511245044+123.92655707184849j)
986,2021-08-08 16:27:05,59225.0,(320.11695121152127+128.64733789332954j)
987,2021-08-08 16:28:05,59285.0,(322.36106653381427+122.91599889022498j)
988,2021-08-08 16:29:05,59345.0,(300.9838410772292+168.62303345153418j)
989,2021-08-08 16:30:05,59405.0,(310.1384673262805+151.1262091250411j)
990,2021-08-08 16:31:05,59465.0,(332.733382006207+91.1783773638878j)
991,2021-08-08 16:32:05,59525.0,(326.496427634227+111.4678551964105j)
992,2021-08-08 16:33:05,59585.0,(331.6939562344953+94.89003845245671j)
993,2021-08-08 16:34:05,59645.0,(332.03649641198353+93.68439064462578j)
994,2021-08-08 16:35:05,59705.0,(330.5026538195347+98.95956658274535j)
995,2021-08-08 16:36:05,59765.0,(326.9051493672137+110.26342692479538j)
996,2021-08-08 16:37:05,59825.0,(326.2018382776678+112.3270257073973j)
997,2021-08-08 16:38:05,59885.0,(329.91724419004316+100.8940631853402j)
998,2021-08-08 16:39:05,59945.0,(329.79362905649924+101.29739499979348j)
999,2021-08-08 16:40:05,60005.0,(327.54407553271363+108.35072027180979j)
1000,2021-08-08 16:41:05,60065.0,(320.1899911160828+128.46544122480094j)
1001,2021-08-08 16:42:05,60125.0,(318.6432658596496+132.25531793578912j)
1002,2021-08-08 16:43:05,60185.0,(309.9448860743337+151.5228286310954j)
1003,2021-08-08 16:44:05,60245.0,(312.0433751178921+147.1527507219437j)
1004,2021-08-08 16:45:05,60305.0,(306.7717589377251+157.84830666894806j)
1005,2021-08-08 16:46:05,60365.0,(326.43660129844926+111.64293677934702j)
1006,2021-08-08 16:47:05,60425.0,(324.01150356228374+118.4970276391277j)
1007,2021-08-08 16:48:05,60485.0,(319.4319464407129+130.33891051062807j)
1008,2021-08-08 16:49:05,60545.0,(324.3891518998116+117.45926157490072j)
1009,2021-08-08 16:50:05,60605.0,(322.79508844965807+121.77163410572031j)
1010,2021-08-08 16:51:05,60665.0,(314.2430850849746+142.39481548243748j)
1011,2021-08-08 16:52:05,60725.0,(323.13042013643457+120.87899562145311j)
1012,2021-08-08 16:53:05,60785.0,(316.91465193036277+136.3455294164683j)
1013,2021-08-08 16:54:05,60845.0,(317.1833140848485+135.71936216381332j)
1014,2021-08-08 16:55:05,60905.0,(321.65462692075386+124.75295980645363j)
1015,2021-08-08 16:56:05,60965.0,(326.96288752300234+110.09209863846056j)
1016,2021-08-08 16:57:05,61025.0,(327.13994736041576+109.56484308857655j)
1017,2021-08-08 16:58:05,61085.0,(332.97258023078297+90.30094581151853j)
1018,2021-08-08 16:59:05,61145.0,(334.2087918160003+85.61240256463631j)
1019,2021-08-08 17:00:05,61205.0,(338.3138410838887+67.59249167670406j)
1020,2021-08-08 17:01:05,61265.0,(310.73632110729613+149.8930910505996j)
1021,2021-08-08 17:02:05,61325.0,(301.0219722292749+168.55495316126914j)
1022,2021-08-08 17:03:05,61385.0,(290.8440938198752+185.56592653312094j)
1023,2021-08-08 17:04:05,61445.0,(285.5288330848406+193.64474038095955j)
1024,2021-08-08 17:05:05,61505.0,(273.4461003740923+210.36214058190657j)
1025,2021-08-08 17:06:05,61565.0,(315.6208581097395+139.31429907253482j)
1026,2021-08-08 17:07:05,61625.0,(322.3361371207177+122.9813591813568j)
1027,2021-08-08 17:08:05,61685.0,(321.41270747724735+125.37492361770528j)
1028,2021-08-08 17:09:05,61745.0,(316.3262992868161+137.70501944194942j)
1029,2021-08-08 17:10:05,61805.0,(318.8104295234834+131.8518487813199j)
1030,2021-08-08 17:11:05,61865.0,(332.1459698744649+93.2955234518304j)
1031,2021-08-08 17:12:05,61925.0,(337.1210768756413+73.31015977480851j)
1032,2021-08-08 17:13:05,61985.0,(333.89490828734347+86.82851040865836j)
1033,2021-08-08 17:14:05,62045.0,(331.57966592524104+95.28864121659815j)
1034,2021-08-08 17:15:05,62105.0,(328.3116099230842+106.00229615302037j)
1035,2021-08-08 17:16:05,62165.0,(318.97402786477915+131.45558013153766j)
1036,2021-08-08 17:17:05,62225.0,(319.9866572651004+128.9710788212116j)
1037,2021-08-08 17:18:05,62285.0,(314.852560770899+141.04206810738188j)
1038,2021-08-08 17:19:05,62345.0,(319.35797874506915+130.52004218457776j)
1039,2021-08-08 17:20:05,62405.0,(321.458774208406+125.25676223034453j)
1040,2021-08-08 17:21:05,62465.0,(323.47561719709716+119.95217830017535j)
1041,2021-08-08 17:22:05,62525.0,(327.38249395833066+108.83796511155282j)
1042,2021-08-08 17:23:05,62585.0,(317.78092227236885+134.31412970988077j)
1043,2021-08-08 17:24:05,62645.0,(318.0967031685256+133.5645440725753j)
1044,2021-08-08 17:25:05,62705.0,(318.1476897209523+133.44304974490296j)
1045,2021-08-08 17:26:05,62765.0,(320.4543410148906+127.8045982142747j)
1046,2021-08-08 17:27:05,62825.0,(322.69632163767443+122.03312665630826j)
1047,2021-08-08 17:28:05,62885.0,(327.8652895754872+107.37481963468854j)
1048,2021-08-08 17:29:05,62945.0,(322.27214008064544+123.14896559793277j)
1049,2021-08-08 17:30:05,63005.0,(322.677098558704+122.08394679783417j)
1050,2021-08-08 17:31:05,63065.0,(328.1564641753368+106.48161822559285j)
1051,2021-08-08 17:32:05,63125.0,(320.885868434916+126.7172420737201j)
1052,2021-08-08 17:33:05,63185.0,(322.06379079720966+123.6928237907566j)
1053,2021-08-08 17:34:05,63245.0,(324.25083283399556+117.84055925894212j)
1054,2021-08-08 17:35:05,63305.0,(319.4834916828778+130.21251300131087j)
1055,2021-08-08 17:36:05,63365.0,(326.83460744397087+110.47234666171198j)
1056,2021-08-08 17:37:05,63425.0,(325.41536487239154+114.58551524939047j)
1057,2021-08-08 17:38:05,63485.0,(328.231427040821+106.25031907126763j)
1058,2021-08-08 17:39:05,63545.0,(329.66656474266057+101.71015726451904j)
1059,2021-08-08 17:40:05,63605.0,(327.1323460171504+109.58753665137017j)
1060,2021-08-08 17:41:05,63665.0,(308.74853519138765+153.94590613969726j)
1061,2021-08-08 17:42:05,63725.0,(304.4880884563467+162.2097530612756j)
1062,2021-08-08 17:43:05,63785.0,(307.66376385592883+156.10255734613463j)
1063,2021-08-08 17:44:05,63845.0,(307.1935896527141+157.02578920763276j)
1064,2021-08-08 17:45:05,63905.0,(312.8719216140976+145.3828073243256j)
1065,2021-08-08 17:46:05,63965.0,(327.6572891972998+108.00787395313856j)
1066,2021-08-08 17:47:05,64025.0,(326.13692311529974+112.51536508799609j)
1067,2021-08-08 17:48:05,64085.0,(327.5266775604676+108.40330016287095j)
1068,2021-08-08 17:49:05,64145.0,(323.60829233286375+119.59378384099985j)
1069,2021-08-08 17:50:05,64205.0,(324.5090648961557+117.12756635490473j)
1070,2021-08-08 17:51:05,64265.0,(322.68126019154676+122.07294672119336j)
1071,2021-08-08 17:52:05,64325.0,(324.1084659344224+118.23156223968013j)
1072,2021-08-08 17:53:05,64385.0,(314.59640905988726+141.6124973532494j)
1073,2021-08-08 17:54:05,64445.0,(320.45073963900836+127.8136278524809j)
1074,2021-08-08 17:55:05,64505.0,(321.24294654321096+125.80925759353195j)
1075,2021-08-08 17:56:05,64565.0,(317.7339821577771+134.425133744257j)
1076,2021-08-08 17:57:05,64625.0,(324.22316059904404+117.91667452555846j)
1077,2021-08-08 17:58:05,64685.0,(318.7898598948002+131.90157401734697j)
1078,2021-08-08 17:59:05,64745.0,(316.11636683791573+138.1862605948808j)
1079,2021-08-08 18:00:05,64805.0,(315.0774886632029+140.53887767336568j)
1080,2021-08-08 18:01:05,64865.0,(328.83714215313574+104.36059572730686j)
1081,2021-08-08 18:02:05,64925.0,(334.66156886811643+83.82502205625094j)
1082,2021-08-08 18:03:05,64985.0,(332.4779343252627+92.10550030701908j)
1083,2021-08-08 18:04:05,65045.0,(331.6242384728327+95.1334034780307j)
1084,2021-08-08 18:05:05,65105.0,(328.43548133937185+105.61787063454335j)
1085,2021-08-08 18:06:05,65165.0,(322.56013533743914+122.39264312487481j)
1086,2021-08-08 18:07:05,65225.0,(322.1819515892262+123.38472381197579j)
1087,2021-08-08 18:08:05,65285.0,(322.91840823231496+121.44423257078942j)
1088,2021-08-08 18:09:05,65345.0,(326.94910259220285+110.13303007796172j)
1089,2021-08-08 18:10:05,65405.0,(316.1824041794091+138.03509440475193j)
1090,2021-08-08 18:11:05,65465.0,(304.98089280707745+161.28129160754486j)
1091,2021-08-08 18:12:05,65525.0,(298.9183697708455+172.25796995651632j)
1092,2021-08-08 18:13:05,65585.0,(304.7825931001599+161.65571732277937j)
1093,2021-08-08 18:14:05,65645.0,(309.7952023317648+151.8286290928721j)
1094,2021-08-08 18:15:05,65705.0,(318.7269242572938+132.0535791013834j)
1095,2021-08-08 18:16:05,65765.0,(329.8014598017779+101.27189695377614j)
1096,2021-08-08 18:17:05,65825.0,(315.2044451002875+140.25390471933343j)
1097,2021-08-08 18:18:05,65885.0,(311.50161549763885+148.29613461705995j)
1098,2021-08-08 18:19:05,65945.0,(311.5257905509083+148.24534333877614j)
1099,2021-08-08 18:20:05,66005.0,(321.8674827578726+124.20275175337544j)
1100,2021-08-08 18:21:05,66065.0,(331.3927309153575+95.93673903391478j)
1101,2021-08-08 18:22:05,66125.0,(330.82145585117985+97.88853021935643j)
1102,2021-08-08 18:23:05,66185.0,(327.56819819316513+108.27777026002754j)
1103,2021-08-08 18:24:05,66245.0,(326.29738235391477+112.04917790409333j)
1104,2021-08-08 18:25:05,66305.0,(324.027993353688+118.45192916614893j)
1105,2021-08-08 18:26:05,66365.0,(325.14398457130164+115.35332373667067j)
1106,2021-08-08 18:27:05,66425.0,(330.4028262160251+99.29235835885402j)
1107,2021-08-08 18:28:05,66485.0,(331.5253678643374+95.47738194156639j)
1108,2021-08-08 18:29:05,66545.0,(323.9514011230023+118.66123929254938j)
1109,2021-08-08 18:30:05,66605.0,(325.8736749062803+113.27554018002272j)
1110,2021-08-08 18:31:05,66665.0,(322.80237600965137+121.75231432101673j)
1111,2021-08-08 18:32:05,66725.0,(329.9252301072878+100.86794604161022j)
1112,2021-08-08 18:33:05,66785.0,(330.15081706571334+100.12710917050329j)
1113,2021-08-08 18:34:05,66845.0,(333.163209614685+89.59506548488855j)
1114,2021-08-08 18:35:05,66905.0,(328.3475911545557+105.89078988750987j)
1115,2021-08-08 18:36:05,66965.0,(305.51360058744996+160.26989691171613j)
1116,2021-08-08 18:37:05,67025.0,(299.4558674352847+171.32187092890743j)
1117,2021-08-08 18:38:05,67085.0,(299.8901391456188+170.5605594597456j)
1118,2021-08-08 18:39:05,67145.0,(312.21649214065343+146.7850879189889j)
1119,2021-08-08 18:40:05,67205.0,(310.6332134114547+150.1066511706715j)
1120,2021-08-08 18:41:05,67265.0,(328.3465060008594+105.89415468772394j)
1121,2021-08-08 18:42:05,67325.0,(323.85153563490786+118.93352288952012j)
1122,2021-08-08 18:43:05,67385.0,(318.7884322130487+131.90502449545463j)
1123,2021-08-08 18:44:05,67445.0,(316.6276299629937+137.01074389994952j)
1124,2021-08-08 18:45:05,67505.0,(313.4852390835856+144.05556176943378j)
1125,2021-08-08 18:46:05,67565.0,(325.3774632815115+114.69309651626217j)
1126,2021-08-08 18:47:05,67625.0,(330.98334032554806+97.33975768894446j)
1127,2021-08-08 18:48:05,67685.0,(328.9525350514426+103.99629648804535j)
1128,2021-08-08 18:49:05,67745.0,(324.82006751410563+116.26230575785031j)
1129,2021-08-08 18:50:05,67805.0,(320.5704825270695+127.5130022090369j)
1130,2021-08-08 18:51:05,67865.0,(324.1160225231983+118.21084528816141j)
1131,2021-08-08 18:52:05,67925.0,(328.80103091215534+104.4743129726339j)
1132,2021-08-08 18:53:05,67985.0,(329.09022225854926+103.55976831674862j)
1133,2021-08-08 18:54:05,68045.0,(332.23891885655087+92.96397580262037j)
1134,2021-08-08 18:55:05,68105.0,(332.1227863309566+93.37802096725838j)
1135,2021-08-08 18:56:05,68165.0,(313.9326457184227+143.0779296475571j)
1136,2021-08-08 18:57:05,68225.0,(313.5521704426138+143.90982041099932j)
1137,2021-08-08 18:58:05,68285.0,(301.3096706639473+168.04012129364705j)
1138,2021-08-08 18:59:05,68345.0,(304.30436001248637+162.55416474944926j)
1139,2021-08-08 19:00:05,68405.0,(306.4505321263394+158.47104265285634j)
1140,2021-08-08 19:01:05,68465.0,(323.7372063443689+119.24437608685591j)
1141,2021-08-08 19:02:05,68525.0,(325.7271741916229+113.69612127570647j)
1142,2021-08-08 19:03:05,68585.0,(325.9727252392375+112.99018718501436j)
1143,2021-08-08 19:04:05,68645.0,(327.8821400565289+107.32335361863579j)
1144,2021-08-08 19:05:05,68705.0,(320.16470848730575+128.52843825099004j)
1145,2021-08-08 19:06:05,68765.0,(312.3262534371841+146.5513951277566j)
1146,2021-08-08 19:07:05,68825.0,(314.32997054975976+142.20291703824907j)
1147,2021-08-08 19:08:05,68885.0,(316.26211487889685+137.85236556667235j)
1148,2021-08-08 19:09:05,68945.0,(314.54960528787575+141.7164274642906j)
1149,2021-08-08 19:10:05,69005.0,(311.70122744814887+147.87611303830434j)
1150,2021-08-08 19:11:05,69065.0,(318.0443306131414+133.68920586509148j)
1151,2021-08-08 19:12:05,69125.0,(326.3297985549116+111.95473449171699j)
1152,2021-08-08 19:13:05,69185.0,(325.66767107366996+113.86644816385511j)
1153,2021-08-08 19:14:05,69245.0,(321.1579725796357+126.0260157607863j)
1154,2021-08-08 19:15:05,69305.0,(320.5220499576209+127.63469548271112j)
1155,2021-08-08 19:16:05,69365.0,(314.449415398553+141.93859642644156j)
1156,2021-08-08 19:17:05,69425.0,(320.1433449415281+128.58164211756574j)
1157,2021-08-08 19:18:05,69485.0,(324.5985611624802+116.87931421448191j)
1158,2021-08-08 19:19:05,69545.0,(319.84301266137595+129.32690072716852j)
1159,2021-08-08 19:20:05,69605.0,(311.151805135802+149.02870247281862j)
1160,2021-08-08 19:21:05,69665.0,(320.57654186506323+127.4977678464896j)
1161,2021-08-08 19:22:05,69725.0,(322.7548521444676+121.87824013006949j)
1162,2021-08-08 19:23:05,69785.0,(316.5382226046635+137.21717687767998j)
1163,2021-08-08 19:24:05,69845.0,(316.3379941558002+137.67815169257943j)
1164,2021-08-08 19:25:05,69905.0,(315.958755712905+138.54625468901293j)
1165,2021-08-08 19:26:05,69965.0,(323.963939356727+118.62700365629628j)
1166,2021-08-08 19:27:05,70025.0,(326.451856524697+111.59832154463j)
1167,2021-08-08 19:28:05,70085.0,(323.5976838085965+119.62248548542877j)
1168,2021-08-08 19:29:05,70145.0,(321.94287614761515+124.00719534688838j)
1169,2021-08-08 19:30:05,70205.0,(322.6199183126404+122.2349717059126j)
1170,2021-08-08 19:31:05,70265.0,(316.88483630546403+136.41481048500287j)
1171,2021-08-08 19:32:05,70325.0,(317.47050180471547+135.04621610345905j)
1172,2021-08-08 19:33:05,70385.0,(315.3624513983413+139.8982639207106j)
1173,2021-08-08 19:34:05,70445.0,(318.6627191722137+132.2084392532144j)
1174,2021-08-08 19:35:05,70505.0,(321.1943947714076+125.93315991997181j)
1175,2021-08-08 19:36:05,70565.0,(317.8427702943752+134.16770614271164j)
1176,2021-08-08 19:37:05,70625.0,(322.51035864012647+122.52374696285214j)
1177,2021-08-08 19:38:05,70685.0,(323.0700088289624+121.04036266987207j)
1178,2021-08-08 19:39:05,70745.0,(326.1080303721546+112.59907871201207j)
1179,2021-08-08 19:40:05,70805.0,(324.7922413617045+116.34001870053271j)
1180,2021-08-08 19:41:05,70865.0,(322.8178709326761+121.71122465283999j)
1181,2021-08-08 19:42:05,70925.0,(325.33223329417257+114.82133068304898j)
1182,2021-08-08 19:43:05,70985.0,(318.2658029630636+133.16110041703755j)
1183,2021-08-08 19:44:05,71045.0,(317.78603885833064+134.30202346476977j)
1184,2021-08-08 19:45:05,71105.0,(319.7313509955957+129.60271289803785j)
1185,2021-08-08 19:46:05,71165.0,(322.4597274570092+122.6569368945407j)
1186,2021-08-08 19:47:05,71225.0,(315.2653866684971+140.1168653972926j)
1187,2021-08-08 19:48:05,71285.0,(318.00248876886667+133.7887033228398j)
1188,2021-08-08 19:49:05,71345.0,(318.3375985484891+132.98937307311812j)
1189,2021-08-08 19:50:05,71405.0,(317.63727332889493+134.65349082806912j)
1190,2021-08-08 19:51:05,71465.0,(324.1713504749879+118.05903409406065j)
1191,2021-08-08 19:52:05,71525.0,(328.21539678411784+106.29982744033076j)
1192,2021-08-08 19:53:05,71585.0,(329.0601513731023+103.6552785839245j)
1193,2021-08-08 19:54:05,71645.0,(326.6763199950532+110.93954188876769j)
1194,2021-08-08 19:55:05,71705.0,(326.162047437725+112.44251336230089j)
1195,2021-08-08 19:56:05,71765.0,(321.0810957973582+126.22174900375792j)
1196,2021-08-08 19:57:05,71825.0,(320.0476181729751+128.81972714536212j)
1197,2021-08-08 19:58:05,71885.0,(316.18354429804964+138.03248282604815j)
1198,2021-08-08 19:59:05,71945.0,(316.92987006478074+136.31015171556814j)
1199,2021-08-08 20:00:05,72005.0,(316.97312864478374+136.20952873105972j)
1200,2021-08-08 20:01:05,72065.0,(319.5519756038155+130.04435738508033j)
1201,2021-08-08 20:02:05,72125.0,(322.21569268151507+123.29658304175125j)
1202,2021-08-08 20:03:05,72185.0,(320.91095931502355+126.65368605576116j)
1203,2021-08-08 20:04:05,72245.0,(312.3495631825172+146.50170777056047j)
1204,2021-08-08 20:05:05,72305.0,(317.0270604457167+136.08395550228505j)
1205,2021-08-08 20:06:05,72365.0,(323.4850122813636+119.92683948693916j)
1206,2021-08-08 20:07:05,72425.0,(319.03678256031054+131.30320397296148j)
1207,2021-08-08 20:08:05,72485.0,(323.36441216635785+120.25164008987925j)
1208,2021-08-08 20:09:05,72545.0,(324.8162127484285+116.27307485298407j)
1209,2021-08-08 20:10:05,72605.0,(328.9298663396135+104.06797312239719j)
1210,2021-08-08 20:11:05,72665.0,(324.9349281477957+115.94090076235763j)
1211,2021-08-08 20:12:05,72725.0,(321.8463062222529+124.25761614923984j)
1212,2021-08-08 20:13:05,72785.0,(320.2478281442886+128.3211929841139j)
1213,2021-08-08 20:14:05,72845.0,(319.5736581649694+129.9910651047189j)
1214,2021-08-08 20:15:05,72905.0,(314.0773421325665+142.7600194695376j)
1215,2021-08-08 20:16:05,72965.0,(314.90903477684793+140.91593173205789j)
1216,2021-08-08 20:17:05,73025.0,(313.87793713539287+143.19790703648692j)
1217,2021-08-08 20:18:05,73085.0,(318.3399510494527+132.98374173496583j)
1218,2021-08-08 20:19:05,73145.0,(310.63187647505526+150.10941781775722j)
1219,2021-08-08 20:20:05,73205.0,(319.21691814550843+130.86465974312455j)
1220,2021-08-08 20:21:05,73265.0,(327.61483441326016+108.13658156411333j)
1221,2021-08-08 20:22:05,73325.0,(326.1891123665344+112.36397542598972j)
1222,2021-08-08 20:23:05,73385.0,(329.322730011277+102.81799209243283j)
1223,2021-08-08 20:24:05,73445.0,(332.42314982213816+92.30303062374645j)
1224,2021-08-08 20:25:05,73505.0,(329.27606206299976+102.96734896210326j)
1225,2021-08-08 20:26:05,73565.0,(320.54285853957185+127.58242762731875j)
1226,2021-08-08 20:27:05,73625.0,(319.6248579669775+129.8651229914693j)
1227,2021-08-08 20:28:05,73685.0,(312.2403240357072+146.73438603843533j)
1228,2021-08-08 20:29:05,73745.0,(309.452487822938+152.52592494456277j)
1229,2021-08-08 20:30:05,73805.0,(308.45666108021794+154.52989430930043j)
1230,2021-08-08 20:31:05,73865.0,(322.98460267552105+121.26807673306197j)
1231,2021-08-08 20:32:05,73925.0,(315.3898639767881+139.83645340433623j)
1232,2021-08-08 20:33:05,73985.0,(313.2369867268325+144.59457163494818j)
1233,2021-08-08 20:34:05,74045.0,(313.0902245196077+144.9120813122964j)
1234,2021-08-08 20:35:05,74105.0,(319.4513213744009+130.29141672477607j)
1235,2021-08-08 20:36:05,74165.0,(331.0963129373843+96.95479131672492j)
1236,2021-08-08 20:37:05,74225.0,(328.3534252317592+105.87269779585056j)
1237,2021-08-08 20:38:05,74285.0,(323.39385297585324+120.17244217137396j)
1238,2021-08-08 20:39:05,74345.0,(325.009678610186+115.73119203440189j)
1239,2021-08-08 20:40:05,74405.0,(323.84659673549936+118.94697046513986j)
1240,2021-08-08 20:41:05,74465.0,(318.4570321940063+132.70312221717188j)
1241,2021-08-08 20:42:05,74525.0,(315.2084671204147+140.2448653448619j)
1242,2021-08-08 20:43:05,74585.0,(315.6392368751275+139.27265397373296j)
1243,2021-08-08 20:44:05,74645.0,(314.73097299583475+141.313179276015j)
1244,2021-08-08 20:45:05,74705.0,(312.6939512562688+145.76519765616962j)
1245,2021-08-08 20:46:05,74765.0,(322.82258529419454+121.69871989455147j)
1246,2021-08-08 20:47:05,74825.0,(323.4554268635151+120.00661162011552j)
1247,2021-08-08 20:48:05,74885.0,(326.3893617554267+111.78096677379921j)
1248,2021-08-08 20:49:05,74945.0,(318.363456170188+132.92746057671j)
1249,2021-08-08 20:50:05,75005.0,(319.0601079015201+131.2465144141755j)
1250,2021-08-08 20:51:05,75065.0,(324.6923723260694+116.61845202740919j)
1251,2021-08-08 20:52:05,75125.0,(320.346127499058+128.07559719305343j)
1252,2021-08-08 20:53:05,75185.0,(326.6875839925642+110.90636800969229j)
1253,2021-08-08 20:54:05,75245.0,(326.66938211804177+110.95996929801672j)
1254,2021-08-08 20:55:05,75305.0,(326.2816737582078+112.09491232675312j)
1255,2021-08-08 20:56:05,75365.0,(322.6548164248477+122.14282393103512j)
1256,2021-08-08 20:57:05,75425.0,(315.23996222226975+140.17405686539115j)
1257,2021-08-08 20:58:05,75485.0,(314.7923340500617+141.17643721001872j)
1258,2021-08-08 20:59:05,75545.0,(314.0023799532328+142.9248242388481j)
1259,2021-08-08 21:00:05,75605.0,(312.7907790372204+145.55730331827655j)
1260,2021-08-08 21:01:05,75665.0,(321.4936303238165+125.16727072686857j)
1261,2021-08-08 21:02:05,75725.0,(316.4667967405298+137.38182762209925j)
1262,2021-08-08 21:03:05,75785.0,(317.78886130396637+134.29534478576846j)
1263,2021-08-08 21:04:05,75845.0,(316.22626658637347+137.93457985887315j)
1264,2021-08-08 21:05:05,75905.0,(319.54592346585713+130.0592280322799j)
1265,2021-08-08 21:06:05,75965.0,(323.9796116609873+118.58419468038676j)
1266,2021-08-08 21:07:05,76025.0,(324.5519130810162+117.00878477897514j)
1267,2021-08-08 21:08:05,76085.0,(325.2483995796856+115.05858755804874j)
1268,2021-08-08 21:09:05,76145.0,(325.6643994518156+113.87580484759825j)
1269,2021-08-08 21:10:05,76205.0,(324.21531501514306+117.93824447409563j)
1270,2021-08-08 21:11:05,76265.0,(317.30861775673674+135.4261462839031j)
1271,2021-08-08 21:12:05,76325.0,(309.6311613510983+152.16288614629437j)
1272,2021-08-08 21:13:05,76385.0,(312.02321750031393+147.19548818069046j)
1273,2021-08-08 21:14:05,76445.0,(314.368900457106+142.1168337157502j)
1274,2021-08-08 21:15:05,76505.0,(308.9516562906554+153.53785876864615j)
1275,2021-08-08 21:16:05,76565.0,(320.39841794976803+127.94472937673423j)
1276,2021-08-08 21:17:05,76625.0,(321.6460664946751+124.77502918654456j)
1277,2021-08-08 21:18:05,76685.0,(322.7886889371498+121.78859673317514j)
1278,2021-08-08 21:19:05,76745.0,(326.88536225405284+110.32207369351181j)
1279,2021-08-08 21:20:05,76805.0,(324.8312693948588+116.23100456988527j)
1280,2021-08-08 21:21:05,76865.0,(320.093917522548+128.70463847534106j)
1281,2021-08-08 21:22:05,76925.0,(321.62135203842433+124.83871960644238j)
1282,2021-08-08 21:23:05,76985.0,(317.9609206626149+133.88746368268497j)
1283,2021-08-08 21:24:05,77045.0,(315.83599771825385+138.82587131120465j)
1284,2021-08-08 21:25:05,77105.0,(311.51861525487834+148.26042071194553j)
1285,2021-08-08 21:26:05,77165.0,(324.09473179712785+118.26920487323726j)
1286,2021-08-08 21:27:05,77225.0,(328.1990885446797+106.35016821068744j)
1287,2021-08-08 21:28:05,77285.0,(317.44348790490056+135.1097035255841j)
1288,2021-08-08 21:29:05,77345.0,(316.818830897706+136.56803574999086j)
1289,2021-08-08 21:30:05,77405.0,(316.9221938344772+136.32799806034737j)
1290,2021-08-08 21:31:05,77465.0,(324.129833826832+118.17296993555799j)
1291,2021-08-08 21:32:05,77525.0,(320.7174731372171+127.1428426002754j)
1292,2021-08-08 21:33:05,77585.0,(319.0069660517765+131.375627916447j)
1293,2021-08-08 21:34:05,77645.0,(315.24068054744816+140.1724413998049j)
1294,2021-08-08 21:35:05,77705.0,(317.618758737838+134.69715697755112j)
1295,2021-08-08 21:36:05,77765.0,(325.41451244778176+114.5879360507574j)
1296,2021-08-08 21:37:05,77825.0,(325.4394924620823+114.51697143228287j)
1297,2021-08-08 21:38:05,77885.0,(325.3929015205222+114.64928974946064j)
1298,2021-08-08 21:39:05,77945.0,(316.3934748299802+137.55060554214458j)
1299,2021-08-08 21:40:05,78005.0,(314.66377976161385+141.46273610436978j)
1300,2021-08-08 21:41:05,78065.0,(324.6903609096091+116.6240521178534j)
1301,2021-08-08 21:42:05,78125.0,(320.48873506011284+127.71832562153638j)
1302,2021-08-08 21:43:05,78185.0,(322.7748618621971+121.82523773766903j)
1303,2021-08-08 21:44:05,78245.0,(320.99651875398786+126.43668355275972j)
1304,2021-08-08 21:45:05,78305.0,(323.27328439336736+120.49640491535426j)
1305,2021-08-08 21:46:05,78365.0,(326.5749738146536+111.23752279675364j)
1306,2021-08-08 21:47:05,78425.0,(323.90830023234065+118.778840879156j)
1307,2021-08-08 21:48:05,78485.0,(323.2703671187276+120.5042312241485j)
1308,2021-08-08 21:49:05,78545.0,(324.6310919006079+116.78893000374258j)
1309,2021-08-08 21:50:05,78605.0,(320.25412812896144+128.30546915996516j)
1310,2021-08-08 21:51:05,78665.0,(313.4218018867577+144.193530028424j)
1311,2021-08-08 21:52:05,78725.0,(313.65933984945127+143.6760889125481j)
1312,2021-08-08 21:53:05,78785.0,(311.5637165601051+148.16561855995639j)
1313,2021-08-08 21:54:05,78845.0,(316.46018702408855+137.39705247449416j)
1314,2021-08-08 21:55:05,78905.0,(315.2950773781769+140.05004170327632j)
1315,2021-08-08 21:56:05,78965.0,(320.8751233432942+126.74444847576453j)
1316,2021-08-08 21:57:05,79025.0,(315.0868911883143+140.5177960305504j)
1317,2021-08-08 21:58:05,79085.0,(316.7796250210379+136.6589520358276j)
1318,2021-08-08 21:59:05,79145.0,(310.57789642254556+150.22107127079929j)
1319,2021-08-08 22:00:05,79205.0,(315.9994824354546+138.45333907322293j)
1320,2021-08-08 22:01:05,79265.0,(327.3805193641189+108.8439044727805j)
1321,2021-08-08 22:02:05,79325.0,(331.4032945545803-95.90024170131203j)
1322,2021-08-08 22:03:05,79385.0,(335.3297909775032-81.11061140802735j)
1323,2021-08-08 22:04:05,79445.0,(334.9382352634315-82.71262635546162j)
1324,2021-08-08 22:05:05,79505.0,(338.6586753080438-65.84300751485264j)
1325,2021-08-08 22:06:05,79565.0,(316.18654414120107+138.0256110439085j)
1326,2021-08-08 22:07:05,79625.0,(314.52458791939137+141.77194219639185j)
1327,2021-08-08 22:08:05,79685.0,(312.7391126046703+145.66827879549936j)
1328,2021-08-08 22:09:05,79745.0,(311.95064539483286+147.34922747590923j)
1329,2021-08-08 22:10:05,79805.0,(313.2549455618162+144.55566084060345j)
1330,2021-08-08 22:11:05,79865.0,(323.29574330866075+120.43613394036083j)
1331,2021-08-08 22:12:05,79925.0,(327.29486830590326+109.10118780573131j)
1332,2021-08-08 22:13:05,79985.0,(328.1403540922396+106.53125370622288j)
1333,2021-08-08 22:14:05,80045.0,(324.0513378888818+118.3880501251109j)
1334,2021-08-08 22:15:05,80105.0,(326.55783146458793+111.28783720221072j)
1335,2021-08-08 22:16:05,80165.0,(316.20263888924956+137.98873562532137j)
1336,2021-08-08 22:17:05,80225.0,(316.340937778208+137.67138804270087j)
1337,2021-08-08 22:18:05,80285.0,(313.51164969458665+143.99807465997176j)
1338,2021-08-08 22:19:05,80345.0,(317.68367166906944+134.54398817806353j)
1339,2021-08-08 22:20:05,80405.0,(316.69638358201735+136.8517468871762j)
1340,2021-08-08 22:21:05,80465.0,(319.84039804165917+129.3333668492127j)
1341,2021-08-08 22:22:05,80525.0,(320.3727464097702+128.00899717543723j)
1342,2021-08-08 22:23:05,80585.0,(311.75426121433+147.76427381037442j)
1343,2021-08-08 22:24:05,80645.0,(311.5070997720107+148.28461414331082j)
1344,2021-08-08 22:25:05,80705.0,(309.5129797145894+152.40313444347584j)
1345,2021-08-08 22:26:05,80765.0,(319.90022127927995+129.1853258906278j)
1346,2021-08-08 22:27:05,80825.0,(316.60091497131395+137.07246492029984j)
1347,2021-08-08 22:28:05,80885.0,(314.3686833510389+142.1173139632685j)
1348,2021-08-08 22:29:05,80945.0,(321.2863115291145+125.69847263995204j)
1349,2021-08-08 22:30:05,81005.0,(321.3047528968052+125.6513261606217j)
1350,2021-08-08 22:31:05,81065.0,(322.5101487779583+122.52429936636737j)
1351,2021-08-08 22:32:05,81125.0,(322.92436799706036+121.4283844646676j)
1352,2021-08-08 22:33:05,81185.0,(326.8484851774902+110.43128061006966j)
1353,2021-08-08 22:34:05,81245.0,(327.00810924816653+109.95770316780533j)
1354,2021-08-08 22:35:05,81305.0,(326.5024905634709+111.45009491180629j)
1355,2021-08-08 22:36:05,81365.0,(315.853061355289+138.78704418097544j)
1356,2021-08-08 22:37:05,81425.0,(315.4329037913515+139.7393402222723j)
1357,2021-08-08 22:38:05,81485.0,(312.57227113483617+146.02594056403285j)
1358,2021-08-08 22:39:05,81545.0,(313.4209126571747+144.1954628590777j)
1359,2021-08-08 22:40:05,81605.0,(309.9482723012274+151.515901797416j)
1360,2021-08-08 22:41:05,81665.0,(311.07454683099456+149.18990017387688j)
1361,2021-08-08 22:42:05,81725.0,(305.9183279684331+159.49600814126416j)
1362,2021-08-08 22:43:05,81785.0,(310.05835309983803+151.2905075443141j)
1363,2021-08-08 22:44:05,81845.0,(307.34744527162707+156.72443295480193j)
1364,2021-08-08 22:45:05,81905.0,(302.169167801216+166.4896213892042j)
1365,2021-08-08 22:46:05,81965.0,(317.34620191914803+135.33805129190878j)
1366,2021-08-08 22:47:05,82025.0,(316.25723986866495+137.8635493183522j)
1367,2021-08-08 22:48:05,82085.0,(320.16530740620794+128.5269463322318j)
1368,2021-08-08 22:49:05,82145.0,(317.23226694543996+135.60489964841653j)
1369,2021-08-08 22:50:05,82205.0,(313.04728898846+145.00480977186783j)
1370,2021-08-08 22:51:05,82265.0,(309.5991950047731+152.22791614022861j)
1371,2021-08-08 22:52:05,82325.0,(307.25238124161956+156.9107205430988j)
1372,2021-08-08 22:53:05,82385.0,(310.94649890098907+149.45659845325395j)
1373,2021-08-08 22:54:05,82445.0,(309.0319160692973+153.3762525638789j)
1374,2021-08-08 22:55:05,82505.0,(305.99085311113646+159.35682543373818j)
1375,2021-08-08 22:56:05,82565.0,(317.08460718381434+135.9498138545476j)
1376,2021-08-08 22:57:05,82625.0,(315.1510515524149+140.37383910617788j)
1377,2021-08-08 22:58:05,82685.0,(318.3243979209481+133.02096710017508j)
1378,2021-08-08 22:59:05,82745.0,(312.5799889312283+146.00941928435023j)
1379,2021-08-08 23:00:05,82805.0,(306.37262394132324+158.6216104422992j)
1380,2021-08-08 23:01:05,82865.0,(316.7290961843963+136.77601993849441j)
1381,2021-08-08 23:02:05,82925.0,(318.39278077223094+132.8572058720418j)
1382,2021-08-08 23:03:05,82985.0,(317.00507537681233+136.13516145853552j)
1383,2021-08-08 23:04:05,83045.0,(311.5827979575539+148.12548739815892j)
1384,2021-08-08 23:05:05,83105.0,(311.52547282496585+148.2460110127131j)
1385,2021-08-08 23:06:05,83165.0,(317.07800343394234+135.96521517779772j)
1386,2021-08-08 23:07:05,83225.0,(309.8446735101167+151.7276451323528j)
1387,2021-08-08 23:08:05,83285.0,(312.35110491574477+146.49842066695948j)
1388,2021-08-08 23:09:05,83345.0,(308.18674327377505+155.06750552680046j)
1389,2021-08-08 23:10:05,83405.0,(304.68201515240503+161.84520271750296j)
1390,2021-08-08 23:11:05,83465.0,(318.15662908345706+133.42173499940517j)
1391,2021-08-08 23:12:05,83525.0,(317.51589065254353+134.93946488378418j)
1392,2021-08-08 23:13:05,83585.0,(320.5009804582942+127.68759346652331j)
1393,2021-08-08 23:14:05,83645.0,(322.91771900497304+121.4460652002578j)
1394,2021-08-08 23:15:05,83705.0,(320.6737172261124+127.25316137678973j)
1395,2021-08-08 23:16:05,83765.0,(316.86029354366855+136.4718079876581j)
1396,2021-08-08 23:17:05,83825.0,(311.3609773588351+148.5911901094777j)
1397,2021-08-08 23:18:05,83885.0,(311.47119120679855+148.3600251018379j)
1398,2021-08-08 23:19:05,83945.0,(309.4450143465191+152.5410865835254j)
1399,2021-08-08 23:20:05,84005.0,(307.1384791583816+157.13355663344615j)
1400,2021-08-08 23:21:05,84065.0,(324.3718665312884+117.50698789011676j)
1401,2021-08-08 23:22:05,84125.0,(323.72978587037636+119.26452003978505j)
1402,2021-08-08 23:23:05,84185.0,(321.91278373772514+124.08529190129097j)
1403,2021-08-08 23:24:05,84245.0,(320.12309132671487+128.632058210338j)
1404,2021-08-08 23:25:05,84305.0,(320.4799999772547+127.74024273727844j)
1405,2021-08-08 23:26:05,84365.0,(319.28532408464366+130.6976733693606j)
1406,2021-08-08 23:27:05,84425.0,(316.4779776442317+137.35606890930285j)
1407,2021-08-08 23:28:05,84485.0,(314.7549323454549+141.2598051966946j)
1408,2021-08-08 23:29:05,84545.0,(313.5411851555381+143.93375285616855j)
1409,2021-08-08 23:30:05,84605.0,(316.83011158352724+136.54186315547943j)
1410,2021-08-08 23:31:05,84665.0,(321.13506094207924+126.08438695463869j)
1411,2021-08-08 23:32:05,84725.0,(311.86860827582495+147.5227818748686j)
1412,2021-08-08 23:33:05,84785.0,(308.304719149539+154.83281354455818j)
1413,2021-08-08 23:34:05,84845.0,(311.2128100724045+148.90126543061163j)
1414,2021-08-08 23:35:05,84905.0,(306.8403589032007+157.71491415891836j)
1415,2021-08-08 23:36:05,84965.0,(314.39979346888776+142.04847717142462j)
1416,2021-08-08 23:37:05,85025.0,(305.18244856773845+160.89957453703747j)
1417,2021-08-08 23:38:05,85085.0,(304.25400926966586+162.64838715257557j)
1418,2021-08-08 23:39:05,85145.0,(304.36608400229784+162.43856349126636j)
1419,2021-08-08 23:40:05,85205.0,(307.7686988691113+155.89556759707526j)
1420,2021-08-08 23:41:05,85265.0,(324.8392120421188+116.2088048293046j)
1421,2021-08-08 23:42:05,85325.0,(322.58912176636306+122.31622344565167j)
1422,2021-08-08 23:43:05,85385.0,(322.4406524667663+122.70707248079064j)
1423,2021-08-08 23:44:05,85445.0,(325.3447734521139+114.78579349114897j)
1424,2021-08-08 23:45:05,85505.0,(322.5519136044466+122.41430892714139j)
1425,2021-08-08 23:46:05,85565.0,(315.7835091823893+138.9452242016826j)
1426,2021-08-08 23:47:05,85625.0,(313.50966402826623+144.00239776088327j)
1427,2021-08-08 23:48:05,85685.0,(315.77888880482465+138.9557245499091j)
1428,2021-08-08 23:49:05,85745.0,(316.87173021884564+136.44525124794603j)
1429,2021-08-08 23:50:05,85805.0,(314.96396317579485+140.79311737651287j)
1430,2021-08-08 23:51:05,85865.0,(318.73067751355006+132.0445198096208j)
1431,2021-08-08 23:52:05,85925.0,(315.36172640377396+139.89989821165423j)
1432,2021-08-08 23:53:05,85985.0,(315.23444946836497+140.1864539403749j)
1433,2021-08-08 23:54:05,86045.0,(310.94215583416445+149.4656339270074j)
1434,2021-08-08 23:55:05,86105.0,(315.4933951729446+139.60271344872996j)
1435,2021-08-08 23:56:05,86165.0,(328.33916873341826+105.91690269002343j)
1436,2021-08-08 23:57:05,86225.0,(327.07714816654135+109.75217149215021j)
1437,2021-08-08 23:58:05,86285.0,(322.28371990878463+123.11865773210837j)
1438,2021-08-08 23:59:05,86345.0,(323.8098431105136+119.04698864206752j)
1439,2021-08-09 00:00:05,86405.0,(327.7308634818112+107.7844196601088j)
1440,2021-08-09 00:01:05,86465.0,(323.97090519846876+118.60797858864618j)
1441,2021-08-09 00:02:05,86525.0,(320.1041879213101+128.67909261118757j)
1442,2021-08-09 00:03:05,86585.0,(319.13137407705585+131.07313256228468j)
1443,2021-08-09 00:04:05,86645.0,(314.44530476507924+141.94770273307145j)
1444,2021-08-09 00:05:05,86705.0,(315.2999103522583+140.03916070820296j)
1445,2021-08-09 00:06:05,86765.0,(323.99294803867343+118.54775249328631j)
1446,2021-08-09 00:07:05,86825.0,(322.3128301968377+123.04242963508351j)
1447,2021-08-09 00:08:05,86885.0,(316.0983604008864+138.22744500232693j)
1448,2021-08-09 00:09:05,86945.0,(314.47297945214575+141.88638128619084j)
1449,2021-08-09 00:10:05,87005.0,(314.5193582402435+141.783543798797j)
1450,2021-08-09 00:11:05,87065.0,(326.25308745568015+112.17808576382608j)
1451,2021-08-09 00:12:05,87125.0,(324.48919053760073+117.18261485498891j)
1452,2021-08-09 00:13:05,87185.0,(325.12103961397236+115.4179778038492j)
1453,2021-08-09 00:14:05,87245.0,(326.0947309857715+112.6375888561067j)
1454,2021-08-09 00:15:05,87305.0,(327.1962035990233+109.39672915762365j)
1455,2021-08-09 00:16:05,87365.0,(324.22902908704395+117.90053730697244j)
1456,2021-08-09 00:17:05,87425.0,(321.2131994602883+125.88518774059574j)
1457,2021-08-09 00:18:05,87485.0,(318.18471279246484+133.35474699153627j)
1458,2021-08-09 00:19:05,87545.0,(314.9293685100065+140.87048253586883j)
1459,2021-08-09 00:20:05,87605.0,(315.80264260145583+138.90173118408987j)
1460,2021-08-09 00:21:05,87665.0,(324.00786080491906+118.50698771220283j)
1461,2021-08-09 00:22:05,87725.0,(319.40839379721336+130.39661794649538j)
1462,2021-08-09 00:23:05,87785.0,(318.3554096529531+132.94673047766324j)
1463,2021-08-09 00:24:05,87845.0,(319.38378406323375+130.45688359549928j)
1464,2021-08-09 00:25:05,87905.0,(317.23634035896873+135.5953699639059j)
1465,2021-08-09 00:26:05,87965.0,(323.37285570227414+120.22893243706439j)
1466,2021-08-09 00:27:05,88025.0,(321.0001808680684+126.42738580967084j)
1467,2021-08-09 00:28:05,88085.0,(321.54053378017943+125.04673180998088j)
1468,2021-08-09 00:29:05,88145.0,(321.08686700342867+126.20706730576738j)
1469,2021-08-09 00:30:05,88205.0,(314.10079195263626+142.70841774305651j)
1470,2021-08-09 00:31:05,88265.0,(317.19407859843955+135.69420216828337j)
1471,2021-08-09 00:32:05,88325.0,(315.4901078883843+139.61014226973504j)
1472,2021-08-09 00:33:05,88385.0,(315.8046129911915+138.89725128123945j)
1473,2021-08-09 00:34:05,88445.0,(320.320729601312+128.13910483409495j)
1474,2021-08-09 00:35:05,88505.0,(321.1262070485673+126.10693536281282j)
1475,2021-08-09 00:36:05,88565.0,(321.06916997993517+126.25208152104072j)
1476,2021-08-09 00:37:05,88625.0,(320.53248109039174+127.60849723289456j)
1477,2021-08-09 00:38:05,88685.0,(319.07664975732797+131.2062939787549j)
1478,2021-08-09 00:39:05,88745.0,(318.2701787865237+133.15064136230902j)
1479,2021-08-09 00:40:05,88805.0,(318.30644361365347+133.0639243146994j)
1480,2021-08-09 00:41:05,88865.0,(324.83846687572947+116.21088777660039j)
1481,2021-08-09 00:42:05,88925.0,(320.64757390937757+127.31902193321415j)
1482,2021-08-09 00:43:05,88985.0,(321.9221621218552+124.06095894676123j)
1483,2021-08-09 00:44:05,89045.0,(323.1148038366029+120.92073247228386j)
1484,2021-08-09 00:45:05,89105.0,(321.47109198184654+125.22514531833922j)
1485,2021-08-09 00:46:05,89165.0,(317.6560785761435+134.60912206691992j)
1486,2021-08-09 00:47:05,89225.0,(314.9936269790181+140.72673861993397j)
1487,2021-08-09 00:48:05,89285.0,(311.078451841356+149.1817575978549j)
1488,2021-08-09 00:49:05,89345.0,(310.52214235076565+150.33628673707102j)
1489,2021-08-09 00:50:05,89405.0,(311.7301010161631+147.81523642863337j)
1490,2021-08-09 00:51:05,89465.0,(322.44673286059583+122.69109367646682j)
1491,2021-08-09 00:52:05,89525.0,(321.1080602911986+126.15313557745576j)
1492,2021-08-09 00:53:05,89585.0,(325.1375585108757+115.37143513706879j)
1493,2021-08-09 00:54:05,89645.0,(322.5770331342582+122.3481004932225j)
1494,2021-08-09 00:55:05,89705.0,(323.9665915045966+118.61976053294768j)
1495,2021-08-09 00:56:05,89765.0,(327.44503641017974+108.64965775526434j)
1496,2021-08-09 00:57:05,89825.0,(328.34940793986914+105.88515620962842j)
1497,2021-08-09 00:58:05,89885.0,(323.7515929635709+119.20531050901343j)
1498,2021-08-09 00:59:05,89945.0,(322.74062767444417+121.91590236021632j)
1499,2021-08-09 01:00:05,90005.0,(323.5441667159706+119.7671582031912j)
1500,2021-08-09 01:01:05,90065.0,(324.762158458081+116.42396846718586j)
1501,2021-08-09 01:02:05,90125.0,(324.74080387965125+116.48351941625846j)
1502,2021-08-09 01:03:05,90185.0,(323.67945880200267+119.40103831057179j)
1503,2021-08-09 01:04:05,90245.0,(324.3987798734438+117.43266843864593j)
1504,2021-08-09 01:05:05,90305.0,(322.26649149996325+123.163746517813j)
1505,2021-08-09 01:06:05,90365.0,(318.14623085119393+133.44652784984265j)
1506,2021-08-09 01:07:05,90425.0,(320.21285136664443+128.40844917544675j)
1507,2021-08-09 01:08:05,90485.0,(321.65608085768116+124.74921100863476j)
1508,2021-08-09 01:09:05,90545.0,(319.9371455356473+129.09385309340664j)
1509,2021-08-09 01:10:05,90605.0,(320.4751598161432+127.75238526468878j)
1510,2021-08-09 01:11:05,90665.0,(324.5219444392844+117.09187664968906j)
1511,2021-08-09 01:12:05,90725.0,(325.1143548772554+115.43680631733554j)
1512,2021-08-09 01:13:05,90785.0,(323.61138398557716+119.58541781897716j)
1513,2021-08-09 01:14:05,90845.0,(317.2221867088883+135.62847879273457j)
1514,2021-08-09 01:15:05,90905.0,(318.07952991141036+133.60543645876172j)
1515,2021-08-09 01:16:05,90965.0,(321.989415981509+123.8863026968144j)
1516,2021-08-09 01:17:05,91025.0,(319.00160898570175+131.3886352183227j)
1517,2021-08-09 01:18:05,91085.0,(318.7866966183037+131.90921900757957j)
1518,2021-08-09 01:19:05,91145.0,(320.3918869737359+127.9610829956078j)
1519,2021-08-09 01:20:05,91205.0,(319.8081537807547+129.4130780692012j)
1520,2021-08-09 01:21:05,91265.0,(321.431072818699+125.32783181169381j)
1521,2021-08-09 01:22:05,91325.0,(324.13906176906903+118.14765607267724j)
1522,2021-08-09 01:23:05,91385.0,(323.53731518105513+119.78566560918125j)
1523,2021-08-09 01:24:05,91445.0,(321.54600656402727+125.03265838462588j)
1524,2021-08-09 01:25:05,91505.0,(321.8274409085238+124.30646917305084j)
1525,2021-08-09 01:26:05,91565.0,(323.7260795392114+119.27457996644615j)
1526,2021-08-09 01:27:05,91625.0,(321.4668190449073+125.2361140132863j)
1527,2021-08-09 01:28:05,91685.0,(321.306520996102+125.64680483554471j)
1528,2021-08-09 01:29:05,91745.0,(320.1838122073317+128.48084059648792j)
1529,2021-08-09 01:30:05,91805.0,(316.6730750676501+136.905673831286j)
1530,2021-08-09 01:31:05,91865.0,(321.49800300570257+125.15603886087666j)
1531,2021-08-09 01:32:05,91925.0,(324.9801047555958+115.81421118775525j)
1532,2021-08-09 01:33:05,91985.0,(324.02386578319397+118.46321962075275j)
1533,2021-08-09 01:34:05,92045.0,(318.767146001763+131.95645732547794j)
1534,2021-08-09 01:35:05,92105.0,(320.21279185161393+128.40859758830393j)
1535,2021-08-09 01:36:05,92165.0,(323.43633878267593+120.05804743897056j)
1536,2021-08-09 01:37:05,92225.0,(322.1946413826868+123.35158314461079j)
1537,2021-08-09 01:38:05,92285.0,(320.7486776196027+127.06410116660089j)
1538,2021-08-09 01:39:05,92345.0,(320.48962660016696+127.71608842148888j)
1539,2021-08-09 01:40:05,92405.0,(320.3993299138564+127.94244561814435j)
1540,2021-08-09 01:41:05,92465.0,(320.013857728917+128.90357194995212j)
1541,2021-08-09 01:42:05,92525.0,(318.36739340229167+132.91803044820685j)
1542,2021-08-09 01:43:05,92585.0,(317.03520885621487+136.06497104507184j)
1543,2021-08-09 01:44:05,92645.0,(315.63491411762175+139.2824504019136j)
1544,2021-08-09 01:45:05,92705.0,(315.26866368765377+140.1094918147984j)
1545,2021-08-09 01:46:05,92765.0,(321.3040828999694+125.65303940537846j)
1546,2021-08-09 01:47:05,92825.0,(323.3444868239573+120.30520703839761j)
1547,2021-08-09 01:48:05,92885.0,(322.2902458201138+123.10157370728696j)
1548,2021-08-09 01:49:05,92945.0,(321.3043388020422+125.65238504295283j)
1549,2021-08-09 01:50:05,93005.0,(318.5054074163976+132.5869731403301j)
1550,2021-08-09 01:51:05,93065.0,(321.03274555295536+126.34467255381774j)
1551,2021-08-09 01:52:05,93125.0,(320.13018149752634+128.61441168998462j)
1552,2021-08-09 01:53:05,93185.0,(319.0393754356836+131.29690370153034j)
1553,2021-08-09 01:54:05,93245.0,(320.15720811588665+128.54712012114803j)
1554,2021-08-09 01:55:05,93305.0,(320.4636135069662+127.78134612711578j)
1555,2021-08-09 01:56:05,93365.0,(322.010735219309+123.83087823123935j)
1556,2021-08-09 01:57:05,93425.0,(322.428683578764+122.738518834412j)
1557,2021-08-09 01:58:05,93485.0,(324.03100704988645+118.4436848052122j)
1558,2021-08-09 01:59:05,93545.0,(321.8311550214225+124.2968529673101j)
1559,2021-08-09 02:00:05,93605.0,(322.83374274564693+121.66911910931823j)
1560,2021-08-09 02:01:05,93665.0,(325.55709991977415+114.18219954014812j)
1561,2021-08-09 02:02:05,93725.0,(325.0751788798003+115.54708164322378j)
1562,2021-08-09 02:03:05,93785.0,(323.8443539612832+118.9530764940492j)
1563,2021-08-09 02:04:05,93845.0,(324.09516644396547+118.2680137977226j)
1564,2021-08-09 02:05:05,93905.0,(321.400589116672+125.40598596341478j)
1565,2021-08-09 02:06:05,93965.0,(320.0390114445081+128.841108166695j)
1566,2021-08-09 02:07:05,94025.0,(321.1506677407638+126.04462943601172j)
1567,2021-08-09 02:08:05,94085.0,(322.7015298792317+122.0193534387202j)
1568,2021-08-09 02:09:05,94145.0,(325.51892858293184+114.2909757339578j)
1569,2021-08-09 02:10:05,94205.0,(323.68032423507094+119.3986922167883j)
1570,2021-08-09 02:11:05,94265.0,(322.22146934324064+123.28148561030176j)
1571,2021-08-09 02:12:05,94325.0,(317.8380134488042+134.1789745337092j)
1572,2021-08-09 02:13:05,94385.0,(313.752170826318+143.47325639913868j)
1573,2021-08-09 02:14:05,94445.0,(311.67968075921345+147.92152176689763j)
1574,2021-08-09 02:15:05,94505.0,(313.1023460512507+144.88588922736002j)
1575,2021-08-09 02:16:05,94565.0,(323.0378326241494+121.12620977101545j)
1576,2021-08-09 02:17:05,94625.0,(323.0137655577417+121.19037610391463j)
1577,2021-08-09 02:18:05,94685.0,(323.39539421907006+120.16829447858643j)
1578,2021-08-09 02:19:05,94745.0,(323.38373078611227+120.19967829763631j)
1579,2021-08-09 02:20:05,94805.0,(323.60050388487434+119.61485645794771j)
1580,2021-08-09 02:21:05,94865.0,(321.9583692475806+123.96696524251354j)
1581,2021-08-09 02:22:05,94925.0,(321.19698360648624+125.92655685793446j)
1582,2021-08-09 02:23:05,94985.0,(322.1410450711861+123.49148586215983j)
1583,2021-08-09 02:24:05,95045.0,(321.5747652110495+124.95867468670752j)
1584,2021-08-09 02:25:05,95105.0,(323.86289820799874+118.9025784594912j)
1585,2021-08-09 02:26:05,95165.0,(325.95470348849227+113.04216591046483j)
1586,2021-08-09 02:27:05,95225.0,(327.4606279674606+108.60265710909832j)
1587,2021-08-09 02:28:05,95285.0,(326.2597510266169+112.15870389786943j)
1588,2021-08-09 02:29:05,95345.0,(326.29806606066796+112.04718686815832j)
1589,2021-08-09 02:30:05,95405.0,(324.51718593145193+117.10506408832815j)
1590,2021-08-09 02:31:05,95465.0,(320.7911569649438+126.95681790708521j)
1591,2021-08-09 02:32:05,95525.0,(325.788876150457+113.51919739243314j)
1592,2021-08-09 02:33:05,95585.0,(324.78394176483664+116.36318649682627j)
1593,2021-08-09 02:34:05,95645.0,(322.4300028800613+122.73505303198294j)
1594,2021-08-09 02:35:05,95705.0,(320.2468415993224+128.32365505104073j)
1595,2021-08-09 02:36:05,95765.0,(319.72170873077073+129.6264979326226j)
1596,2021-08-09 02:37:05,95825.0,(318.9148140974927+131.59916925711062j)
1597,2021-08-09 02:38:05,95885.0,(318.16806838765854+133.39445362707636j)
1598,2021-08-09 02:39:05,95945.0,(319.6912454603714+129.70160976640403j)
1599,2021-08-09 02:40:05,96005.0,(319.6749026665907+129.74188454429725j)
1600,2021-08-09 02:41:05,96065.0,(324.5737651408298+116.9481551043259j)
1601,2021-08-09 02:42:05,96125.0,(323.06134561345516+121.06348322439618j)
1602,2021-08-09 02:43:05,96185.0,(324.93573060183536+115.93865178727714j)
1603,2021-08-09 02:44:05,96245.0,(323.7590571291739+119.18503650554578j)
1604,2021-08-09 02:45:05,96305.0,(322.3943889775775+122.82857141469357j)
1605,2021-08-09 02:46:05,96365.0,(323.1482625330805+120.8312890846211j)
1606,2021-08-09 02:47:05,96425.0,(320.96797360821597+126.50912978056397j)
1607,2021-08-09 02:48:05,96485.0,(320.2246463021487+128.37903216905696j)
1608,2021-08-09 02:49:05,96545.0,(321.4676074379584+125.23409027942303j)
1609,2021-08-09 02:50:05,96605.0,(319.91704784853323+129.14365062162088j)
1610,2021-08-09 02:51:05,96665.0,(319.35452239416304+130.5284989050132j)
1611,2021-08-09 02:52:05,96725.0,(321.1509162660269+126.04399621358952j)
1612,2021-08-09 02:53:05,96785.0,(323.5048490658072+119.87331909524028j)
1613,2021-08-09 02:54:05,96845.0,(324.1416107543923+118.1406626761001j)
1614,2021-08-09 02:55:05,96905.0,(324.21563864220013+117.9373548110619j)
1615,2021-08-09 02:56:05,96965.0,(322.5397596673347+122.4463287883224j)
1616,2021-08-09 02:57:05,97025.0,(321.23902908477714+125.81926002273936j)
1617,2021-08-09 02:58:05,97085.0,(322.1167125082579+123.55494131305456j)
1618,2021-08-09 02:59:05,97145.0,(319.68570816373943+129.71525737494574j)
1619,2021-08-09 03:00:05,97205.0,(322.29150846353343+123.09826795004138j)
1620,2021-08-09 03:01:05,97265.0,(326.34874436925065+111.8994953009775j)
1621,2021-08-09 03:02:05,97325.0,(322.0372809473583+123.76182642492076j)
1622,2021-08-09 03:03:05,97385.0,(321.85345226936056+124.23910520562534j)
1623,2021-08-09 03:04:05,97445.0,(321.3083817622513+125.64204634326578j)
1624,2021-08-09 03:05:05,97505.0,(320.0387222171398+128.84182659998427j)
1625,2021-08-09 03:06:05,97565.0,(321.64599698951446+124.7752083573546j)
1626,2021-08-09 03:07:05,97625.0,(324.2078113975096+117.95887007273697j)
1627,2021-08-09 03:08:05,97685.0,(321.7172810800248+124.59129606227033j)
1628,2021-08-09 03:09:05,97745.0,(324.81256132854776+116.2832748213965j)
1629,2021-08-09 03:10:05,97805.0,(324.0948592549843+118.26885559813239j)
1630,2021-08-09 03:11:05,97865.0,(321.7104360697157+124.6089696764779j)
1631,2021-08-09 03:12:05,97925.0,(322.0139023451195+123.82264209936662j)
1632,2021-08-09 03:13:05,97985.0,(321.7609590985293+124.4784527538583j)
1633,2021-08-09 03:14:05,98045.0,(317.6738286181994+134.56722710621213j)
1634,2021-08-09 03:15:05,98105.0,(320.5024727007343+127.68384781449475j)
1635,2021-08-09 03:16:05,98165.0,(327.2824434880546+109.1384541968977j)
1636,2021-08-09 03:17:05,98225.0,(327.77064495814824+107.66338422936343j)
1637,2021-08-09 03:18:05,98285.0,(325.58201881444006+114.11112577095007j)
1638,2021-08-09 03:19:05,98345.0,(325.3827591048282+114.67807147545395j)
1639,2021-08-09 03:20:05,98405.0,(327.3708666900845+108.8729334710099j)
1640,2021-08-09 03:21:05,98465.0,(323.87629156570694+118.86609172360804j)
1641,2021-08-09 03:22:05,98525.0,(325.12510886542015+115.40651448357967j)
1642,2021-08-09 03:23:05,98585.0,(327.30388141290774+109.0741454793263j)
1643,2021-08-09 03:24:05,98645.0,(327.02707486812386+109.90128435645563j)
1644,2021-08-09 03:25:05,98705.0,(327.3985892427645+108.78953884380408j)
1645,2021-08-09 03:26:05,98765.0,(321.06002974892385+126.27532339146923j)
1646,2021-08-09 03:27:05,98825.0,(322.6942462882865+122.03861443180485j)
1647,2021-08-09 03:28:05,98885.0,(322.1258272471797+123.53117590438521j)
1648,2021-08-09 03:29:05,98945.0,(321.2087870543127+125.89644601456067j)
1649,2021-08-09 03:30:05,99005.0,(323.21067615923766+120.66424000791793j)
1650,2021-08-09 03:31:05,99065.0,(323.6028651390735+119.6084682360853j)
1651,2021-08-09 03:32:05,99125.0,(324.28111928627953+117.75718948088792j)
1652,2021-08-09 03:33:05,99185.0,(324.84372941378416+116.19617661758153j)
1653,2021-08-09 03:34:05,99245.0,(324.07439279070667+118.32492525809917j)
1654,2021-08-09 03:35:05,99305.0,(322.53883286136295+122.4487700894941j)
1655,2021-08-09 03:36:05,99365.0,(323.4354189686514+120.06052538854293j)
1656,2021-08-09 03:37:05,99425.0,(325.21775830496216+115.14516786689408j)
1657,2021-08-09 03:38:05,99485.0,(322.0767848499518+123.65898536183231j)
1658,2021-08-09 03:39:05,99545.0,(323.2080783817371+120.67119817414962j)
1659,2021-08-09 03:40:05,99605.0,(322.2315598499427+123.25510876500341j)
1660,2021-08-09 03:41:05,99665.0,(321.1083743540174+126.15233616433831j)
1661,2021-08-09 03:42:05,99725.0,(321.16634899196157+126.00466767216822j)
1662,2021-08-09 03:43:05,99785.0,(317.39388111672883+135.22619653624744j)
1663,2021-08-09 03:44:05,99845.0,(318.39649457471796+132.8483053807296j)
1664,2021-08-09 03:45:05,99905.0,(322.3578259558609+122.92449733479037j)
1665,2021-08-09 03:46:05,99965.0,(325.1328822941776+115.3846127136563j)
1666,2021-08-09 03:47:05,100025.0,(326.75672185945496+110.7025054805119j)
1667,2021-08-09 03:48:05,100085.0,(324.67765457027855+116.65942149154905j)
1668,2021-08-09 03:49:05,100145.0,(326.5008678119736+111.45484878652948j)
1669,2021-08-09 03:50:05,100205.0,(326.8235727502328+110.50498764659123j)
1670,2021-08-09 03:51:05,100265.0,(323.8726505559348+118.8760119699232j)
1671,2021-08-09 03:52:05,100325.0,(325.8494155720402+113.34530590791942j)
1672,2021-08-09 03:53:05,100385.0,(330.4266243480491+99.21313381782318j)
1673,2021-08-09 03:54:05,100445.0,(330.6589566233186+98.43604220395248j)
1674,2021-08-09 03:55:05,100505.0,(327.75356015804056+107.71538331979178j)
1675,2021-08-09 03:56:05,100565.0,(315.91729215474885+138.64077509019867j)
1676,2021-08-09 03:57:05,100625.0,(314.37908891688323+142.09429422672258j)
1677,2021-08-09 03:58:05,100685.0,(314.05339547639375+142.81269127688833j)
1678,2021-08-09 03:59:05,100745.0,(316.9354973043035+136.2970672775971j)
1679,2021-08-09 04:00:05,100805.0,(315.53696068575005+139.50421657139776j)
1680,2021-08-09 04:01:05,100865.0,(322.7393117459721+121.91938588155799j)
1681,2021-08-09 04:02:05,100925.0,(323.4985729939413+119.89025511226347j)
1682,2021-08-09 04:03:05,100985.0,(322.8591918411163+121.60157171558785j)
1683,2021-08-09 04:04:05,101045.0,(325.06284084420264+115.58178707000772j)
1684,2021-08-09 04:05:05,101105.0,(324.4044946108485+117.41688071261295j)
1685,2021-08-09 04:06:05,101165.0,(323.9956534343186+118.5403583412371j)
1686,2021-08-09 04:07:05,101225.0,(322.67879863044703+122.07945328519217j)
1687,2021-08-09 04:08:05,101285.0,(324.04272325018934+118.41162742147073j)
1688,2021-08-09 04:09:05,101345.0,(324.4224789312205+117.3671809498797j)
1689,2021-08-09 04:10:05,101405.0,(323.09277303670905+120.97958510198984j)
1690,2021-08-09 04:11:05,101465.0,(323.67264976902993+119.41949502277637j)
1691,2021-08-09 04:12:05,101525.0,(323.1957475950778+120.70422004411758j)
1692,2021-08-09 04:13:05,101585.0,(319.7426887727759+129.57473895924218j)
1693,2021-08-09 04:14:05,101645.0,(319.5387786094849+130.0767810362734j)
1694,2021-08-09 04:15:05,101705.0,(319.949249325086+129.06385185757455j)
1695,2021-08-09 04:16:05,101765.0,(321.1294931574689+126.09856709902422j)
1696,2021-08-09 04:17:05,101825.0,(321.25518397717934+125.7780058984426j)
1697,2021-08-09 04:18:05,101885.0,(322.80029982406774+121.75781877765382j)
1698,2021-08-09 04:19:05,101945.0,(323.91780759281704+118.75291122436863j)
1699,2021-08-09 04:20:05,102005.0,(327.0453610768883+109.8468561138086j)
1700,2021-08-09 04:21:05,102065.0,(322.61124373323076+122.25786443782651j)
1701,2021-08-09 04:22:05,102125.0,(322.50099292653493+122.54839681284723j)
1702,2021-08-09 04:23:05,102185.0,(324.25383766916417+117.83229080697424j)
1703,2021-08-09 04:24:05,102245.0,(324.80208006206146+116.31254784999858j)
1704,2021-08-09 04:25:05,102305.0,(324.0134368095752+118.49174134448118j)
1705,2021-08-09 04:26:05,102365.0,(321.1381306800507+126.0765680978137j)
1706,2021-08-09 04:27:05,102425.0,(325.1859779440566+115.23488945873781j)
1707,2021-08-09 04:28:05,102485.0,(325.49855561228713+114.34898466674214j)
1708,2021-08-09 04:29:05,102545.0,(326.2690825043788+112.13155578047999j)
1709,2021-08-09 04:30:05,102605.0,(327.15892287403545+109.50816948475098j)
1710,2021-08-09 04:31:05,102665.0,(323.24185552038466+120.58069016114797j)
1711,2021-08-09 04:32:05,102725.0,(322.2107658203815+123.3094578264104j)
1712,2021-08-09 04:33:05,102785.0,(326.16807831333506+112.42501807598761j)
1713,2021-08-09 04:34:05,102845.0,(327.67332375367096+107.95921869030883j)
1714,2021-08-09 04:35:05,102905.0,(329.0529958161949+103.67799161050166j)
1715,2021-08-09 04:36:05,102965.0,(323.36519156543557+120.24954421472519j)
1716,2021-08-09 04:37:05,103025.0,(321.09154998039776+126.19515256611768j)
1717,2021-08-09 04:38:05,103085.0,(319.74200545449105+129.57642512409512j)
1718,2021-08-09 04:39:05,103145.0,(324.148044387127+118.12300927423551j)
1719,2021-08-09 04:40:05,103205.0,(325.1970198633998+115.20372507850404j)
1720,2021-08-09 04:41:05,103265.0,(323.30630119395596+120.40778881900877j)
1721,2021-08-09 04:42:05,103325.0,(322.42197333536836+122.75614489925546j)
1722,2021-08-09 04:43:05,103385.0,(320.95094492024447+126.55232496798389j)
1723,2021-08-09 04:44:05,103445.0,(325.3464842318219+114.78094440277476j)
1724,2021-08-09 04:45:05,103505.0,(322.5474033614317+122.42619239687998j)
1725,2021-08-09 04:46:05,103565.0,(320.14177628052266+128.58554771027647j)
1726,2021-08-09 04:47:05,103625.0,(319.2448141089785+130.79659270991644j)
1727,2021-08-09 04:48:05,103685.0,(320.0795797382367+128.74029141878532j)
1728,2021-08-09 04:49:05,103745.0,(317.59614969259104+134.7504571437193j)
1729,2021-08-09 04:50:05,103805.0,(318.9630793221438+131.48214338584455j)
1730,2021-08-09 04:51:05,103865.0,(323.1518364021932+120.82173078502954j)
1731,2021-08-09 04:52:05,103925.0,(325.6641616940587+113.87648478990738j)
1732,2021-08-09 04:53:05,103985.0,(326.6182537679164+111.1103789283295j)
1733,2021-08-09 04:54:05,104045.0,(326.8569357874826+110.40626579871942j)
1734,2021-08-09 04:55:05,104105.0,(326.68481406205814+110.91452682691519j)
1735,2021-08-09 04:56:05,104165.0,(325.06057943799607+115.58814686391618j)
1736,2021-08-09 04:57:05,104225.0,(324.49664127185633+117.1619810488205j)
1737,2021-08-09 04:58:05,104285.0,(325.1549939722458+115.32228706936398j)
1738,2021-08-09 04:59:05,104345.0,(325.7862579103589+113.52671120386208j)
1739,2021-08-09 05:00:05,104405.0,(327.8018683657447+107.5682810866055j)
1740,2021-08-09 05:01:05,104465.0,(324.0299663368981+118.44653188552496j)
1741,2021-08-09 05:02:05,104525.0,(323.89284431681756+118.82098047214464j)
1742,2021-08-09 05:03:05,104585.0,(325.6481960161185+113.92213319389545j)
1743,2021-08-09 05:04:05,104645.0,(322.8491355212259+121.6282684789893j)
1744,2021-08-09 05:05:05,104705.0,(322.8351475337802+121.66539161504551j)
1745,2021-08-09 05:06:05,104765.0,(322.83798813193056+121.65785391386562j)
1746,2021-08-09 05:07:05,104825.0,(321.4343559893228+125.31941106520297j)
1747,2021-08-09 05:08:05,104885.0,(322.2866027171618+123.11111123302518j)
1748,2021-08-09 05:09:05,104945.0,(321.64304669344705+124.78281337490772j)
1749,2021-08-09 05:10:05,105005.0,(321.1514683479256+126.0425895400891j)
1750,2021-08-09 05:11:05,105065.0,(322.58236089914135+122.33405264576224j)
1751,2021-08-09 05:12:05,105125.0,(322.9781802518866+121.28518079790234j)
1752,2021-08-09 05:13:05,105185.0,(325.2620660659597+115.01994774169944j)
1753,2021-08-09 05:14:05,105245.0,(323.1458008243456+120.83787241420772j)
1754,2021-08-09 05:15:05,105305.0,(322.6089141517763+122.26401150711457j)
1755,2021-08-09 05:16:05,105365.0,(319.80254824080464+129.42692972750228j)
1756,2021-08-09 05:17:05,105425.0,(317.1242542511489+135.85730516116035j)
1757,2021-08-09 05:18:05,105485.0,(319.1930841328553+130.92278274523477j)
1758,2021-08-09 05:19:05,105545.0,(319.0993130472505+131.15116626539321j)
1759,2021-08-09 05:20:05,105605.0,(321.01598588526366+126.38724938106772j)
1760,2021-08-09 05:21:05,105665.0,(323.17905426558485+120.74890841743515j)
1761,2021-08-09 05:22:05,105725.0,(322.95196871270093+121.35495830245526j)
1762,2021-08-09 05:23:05,105785.0,(327.4948727033724+108.49934724689322j)
1763,2021-08-09 05:24:05,105845.0,(329.4813948830957+102.30840838313136j)
1764,2021-08-09 05:25:05,105905.0,(328.99653243760383+103.85702501050513j)
1765,2021-08-09 05:26:05,105965.0,(323.94397215996804+118.68151878545302j)
1766,2021-08-09 05:27:05,106025.0,(327.18303228886634+109.43611552984993j)
1767,2021-08-09 05:28:05,106085.0,(324.4179718193898+117.37963861161613j)
1768,2021-08-09 05:29:05,106145.0,(325.7043602025419+113.76145984054887j)
1769,2021-08-09 05:30:05,106205.0,(327.157121701543+109.51355039428576j)
1770,2021-08-09 05:31:05,106265.0,(322.20910103302674+123.31380787036285j)
1771,2021-08-09 05:32:05,106325.0,(323.70133981710813+119.34170520236874j)
1772,2021-08-09 05:33:05,106385.0,(327.2962890284372+109.09692565885481j)
1773,2021-08-09 05:34:05,106445.0,(327.4842522291063+108.53139887582354j)
1774,2021-08-09 05:35:05,106505.0,(324.1368981104494+118.15359191889242j)
1775,2021-08-09 05:36:05,106565.0,(318.6685415788278+132.1944046017944j)
1776,2021-08-09 05:37:05,106625.0,(320.6486800054575+127.31623624172097j)
1777,2021-08-09 05:38:05,106685.0,(319.33553674077274+130.57494007076002j)
1778,2021-08-09 05:39:05,106745.0,(320.42273786103+127.88381078792443j)
1779,2021-08-09 05:40:05,106805.0,(323.68885233611445+119.37557067226561j)
1780,2021-08-09 05:41:05,106865.0,(324.8040259153521+116.30711392335071j)
1781,2021-08-09 05:42:05,106925.0,(324.7309032219835+116.5111174636772j)
1782,2021-08-09 05:43:05,106985.0,(324.35229547955805+117.56099870765584j)
1783,2021-08-09 05:44:05,107045.0,(320.6796076306919+127.23831675177674j)
1784,2021-08-09 05:45:05,107105.0,(319.0711071036909+131.2197721824917j)
1785,2021-08-09 05:46:05,107165.0,(322.8037623010876+121.74863877786453j)
1786,2021-08-09 05:47:05,107225.0,(325.08775430177366+115.51169639058044j)
1787,2021-08-09 05:48:05,107285.0,(323.61106839972234+119.5862718257837j)
1788,2021-08-09 05:49:05,107345.0,(323.9798197382898+118.58362619832997j)
1789,2021-08-09 05:50:05,107405.0,(326.09886103018056+112.62563134037902j)
1790,2021-08-09 05:51:05,107465.0,(320.3733162737589+128.0075709470109j)
1791,2021-08-09 05:52:05,107525.0,(321.1187853186392+126.12583286338169j)
1792,2021-08-09 05:53:05,107585.0,(320.62526808250135+127.37518387434869j)
1793,2021-08-09 05:54:05,107645.0,(324.2292925995382+117.89981263938904j)
1794,2021-08-09 05:55:05,107705.0,(325.0656045044505+115.57401424263227j)
1795,2021-08-09 05:56:05,107765.0,(321.72754548813674+124.56478825967989j)
1796,2021-08-09 05:57:05,107825.0,(326.5432514479936+111.33061094673104j)
1797,2021-08-09 05:58:05,107885.0,(326.2255120098818+112.2582527651775j)
1798,2021-08-09 05:59:05,107945.0,(324.1153832446225+118.2125980773263j)
1799,2021-08-09 06:00:05,108005.0,(326.4931435853061+111.4774739208989j)
1800,2021-08-09 06:01:05,108065.0,(323.81582381597576+119.03071975914851j)
1801,2021-08-09 06:02:05,108125.0,(324.75551324858384+116.44250347123622j)
1802,2021-08-09 06:03:05,108185.0,(326.1119172735388+112.5878208874148j)
1803,2021-08-09 06:04:05,108245.0,(327.8483329833258+107.42658218548291j)
1804,2021-08-09 06:05:05,108305.0,(328.30713631483064+106.01615086747495j)
1805,2021-08-09 06:06:05,108365.0,(323.46269442486556+119.98702144567999j)
1806,2021-08-09 06:07:05,108425.0,(321.4394378958373+125.3063755968074j)
1807,2021-08-09 06:08:05,108485.0,(323.0489515849156+121.09655189098838j)
1808,2021-08-09 06:09:05,108545.0,(319.68095735618897+129.72696521475592j)
1809,2021-08-09 06:10:05,108605.0,(324.8250090778978+116.24849881845188j)
1810,2021-08-09 06:11:05,108665.0,(328.15100341033803+106.49844581395689j)
1811,2021-08-09 06:12:05,108725.0,(329.1392903880193+103.40371135926955j)
1812,2021-08-09 06:13:05,108785.0,(327.7730176818072+107.65616043572112j)
1813,2021-08-09 06:14:05,108845.0,(329.27254826350907+102.9785849585004j)
1814,2021-08-09 06:15:05,108905.0,(326.02570794842006+112.8372179590206j)
1815,2021-08-09 06:16:05,108965.0,(316.16626921865065+138.0720471650931j)
1816,2021-08-09 06:17:05,109025.0,(317.15324529776854+135.78961299412217j)
1817,2021-08-09 06:18:05,109085.0,(318.48564999467567+132.6344251974915j)
1818,2021-08-09 06:19:05,109145.0,(317.3485072716833+135.33264547933135j)
1819,2021-08-09 06:20:05,109205.0,(317.8540036296258+134.14109130545276j)
1820,2021-08-09 06:21:05,109265.0,(323.3358028405899+120.3285444166561j)
1821,2021-08-09 06:22:05,109325.0,(323.6055743856843+119.60113806528497j)
1822,2021-08-09 06:23:05,109385.0,(324.9952856448907+115.77160406851017j)
1823,2021-08-09 06:24:05,109445.0,(326.2406347645683+112.2142960072893j)
1824,2021-08-09 06:25:05,109505.0,(327.768217764053+107.67077330351222j)
1825,2021-08-09 06:26:05,109565.0,(325.22543766841363+115.12347585696315j)
1826,2021-08-09 06:27:05,109625.0,(329.3322037109092+102.7876432209447j)
1827,2021-08-09 06:28:05,109685.0,(329.0972278926783+103.5375033181435j)
1828,2021-08-09 06:29:05,109745.0,(329.4622242705352+102.37012639784898j)
1829,2021-08-09 06:30:05,109805.0,(330.2304472330663+99.86416634733912j)
1830,2021-08-09 06:31:05,109865.0,(324.4808475344766+117.20571480652191j)
1831,2021-08-09 06:32:05,109925.0,(325.0139278246715+115.71925820700379j)
1832,2021-08-09 06:33:05,109985.0,(325.457059846477+114.46703541232593j)
1833,2021-08-09 06:34:05,110045.0,(321.44164768165217+125.30070684439333j)
1834,2021-08-09 06:35:05,110105.0,(321.32130637597754+125.60898880587801j)
1835,2021-08-09 06:36:05,110165.0,(322.317692685934+123.02969146354795j)
1836,2021-08-09 06:37:05,110225.0,(320.43262175912105+127.85904313960776j)
1837,2021-08-09 06:38:05,110285.0,(319.9023184911816+129.180132466129j)
1838,2021-08-09 06:39:05,110345.0,(323.3873006204258+120.19007362271805j)
1839,2021-08-09 06:40:05,110405.0,(323.62852054478986+119.53903416872046j)
1840,2021-08-09 06:41:05,110465.0,(324.48412193907524+117.19664930972793j)
1841,2021-08-09 06:42:05,110525.0,(320.64643784954967+127.3218830146447j)
1842,2021-08-09 06:43:05,110585.0,(325.59651739380826+114.06974998229603j)
1843,2021-08-09 06:44:05,110645.0,(325.53553618229523+114.2436636426964j)
1844,2021-08-09 06:45:05,110705.0,(323.39391641031887+120.17227146391001j)
1845,2021-08-09 06:46:05,110765.0,(321.98985707620307+123.8851562538722j)
1846,2021-08-09 06:47:05,110825.0,(322.4305999884296+122.73348439240735j)
1847,2021-08-09 06:48:05,110885.0,(327.0838333325371+109.73224673036223j)
1848,2021-08-09 06:49:05,110945.0,(327.0233424725166+109.91239001178666j)
1849,2021-08-09 06:50:05,111005.0,(328.08693429643415+106.69565850571101j)
1850,2021-08-09 06:51:05,111065.0,(324.8248425859073+116.2489640342681j)
1851,2021-08-09 06:52:05,111125.0,(326.1666074710023+112.42928520121941j)
1852,2021-08-09 06:53:05,111185.0,(327.0402603820593+109.86204116634134j)
1853,2021-08-09 06:54:05,111245.0,(328.1639873905273+106.45843029065306j)
1854,2021-08-09 06:55:05,111305.0,(328.72949981428064+104.69916882121298j)
1855,2021-08-09 06:56:05,111365.0,(322.9468755106034+121.36851155855392j)
1856,2021-08-09 06:57:05,111425.0,(323.6612023723675+119.45051728173215j)
1857,2021-08-09 06:58:05,111485.0,(324.5020362167799+117.14703791032717j)
1858,2021-08-09 06:59:05,111545.0,(324.6955103905295+116.60971457058614j)
1859,2021-08-09 07:00:05,111605.0,(325.0823479713144+115.52691044712167j)
1860,2021-08-09 07:01:05,111665.0,(322.44483614256586+122.69607836028761j)
1861,2021-08-09 07:02:05,111725.0,(324.755710184737+116.44195421928947j)
1862,2021-08-09 07:03:05,111785.0,(324.9788562023496+115.81771462696263j)
1863,2021-08-09 07:04:05,111845.0,(326.2860394043614+112.08220416201443j)
1864,2021-08-09 07:05:05,111905.0,(328.1443889846311+106.5188245236639j)
1865,2021-08-09 07:06:05,111965.0,(323.2017792170732+120.68806863529748j)
1866,2021-08-09 07:07:05,112025.0,(326.03792782450506+112.80190432746612j)
1867,2021-08-09 07:08:05,112085.0,(327.300113413195+109.08545164094842j)
1868,2021-08-09 07:09:05,112145.0,(329.9290446284274+100.85546842176267j)
1869,2021-08-09 07:10:05,112205.0,(329.9183440351562+100.89046669086378j)
1870,2021-08-09 07:11:05,112265.0,(321.76516940783864+124.46756909309703j)
1871,2021-08-09 07:12:05,112325.0,(322.8977356155931+121.49918655827508j)
1872,2021-08-09 07:13:05,112385.0,(325.55375250717145+114.19174325886866j)
1873,2021-08-09 07:14:05,112445.0,(328.3745139050238+105.80727110004943j)
1874,2021-08-09 07:15:05,112505.0,(325.44521023256635+114.50072111860555j)
1875,2021-08-09 07:16:05,112565.0,(317.5668586143574+134.81947303638577j)
1876,2021-08-09 07:17:05,112625.0,(318.1934496455003+133.33389892557884j)
1877,2021-08-09 07:18:05,112685.0,(319.14702388570146+131.03502258899908j)
1878,2021-08-09 07:19:05,112745.0,(327.14645302481557+109.54541648687145j)
1879,2021-08-09 07:20:05,112805.0,(325.29575380728573+114.92463858959813j)
1880,2021-08-09 07:21:05,112865.0,(319.6526213051736+129.7967707330628j)
1881,2021-08-09 07:22:05,112925.0,(317.94524520967656+133.92468423915977j)
1882,2021-08-09 07:23:05,112985.0,(319.4878643174319+130.20178398887714j)
1883,2021-08-09 07:24:05,113045.0,(319.80923032421185+129.41041766193018j)
1884,2021-08-09 07:25:05,113105.0,(318.06714866148593+133.6349091455979j)
1885,2021-08-09 07:26:05,113165.0,(322.95272785785846+121.35293803269876j)
1886,2021-08-09 07:27:05,113225.0,(323.18229215437424+120.74024199845168j)
1887,2021-08-09 07:28:05,113285.0,(321.8978896085629+124.12392462999824j)
1888,2021-08-09 07:29:05,113345.0,(328.8014478429311+104.47300080112694j)
1889,2021-08-09 07:30:05,113405.0,(325.23427260801174+115.09851398318528j)
1890,2021-08-09 07:31:05,113465.0,(315.6365894456823+139.27865379553958j)
1891,2021-08-09 07:32:05,113525.0,(314.49145265598577+141.84543068540435j)
1892,2021-08-09 07:33:05,113585.0,(318.94071483066966+131.536384408655j)
1893,2021-08-09 07:34:05,113645.0,(318.5311127773422+132.52520587732778j)
1894,2021-08-09 07:35:05,113705.0,(319.30128366063053+130.6586784437742j)
1895,2021-08-09 07:36:05,113765.0,(323.22048074647995+120.63797422874103j)
1896,2021-08-09 07:37:05,113825.0,(324.9598171492937+115.87112340137905j)
1897,2021-08-09 07:38:05,113885.0,(327.00345292336704+109.97154984901897j)
1898,2021-08-09 07:39:05,113945.0,(326.29655187960066+112.05159629154367j)
1899,2021-08-09 07:40:05,114005.0,(327.9196606624081+107.20865707139104j)
1900,2021-08-09 07:41:05,114065.0,(327.1938127339604+109.4038797694764j)
1901,2021-08-09 07:42:05,114125.0,(322.48710078161554+122.58494944106371j)
1902,2021-08-09 07:43:05,114185.0,(325.43174468653933+114.5389870318184j)
1903,2021-08-09 07:44:05,114245.0,(328.46693763482864+105.52000227822975j)
1904,2021-08-09 07:45:05,114305.0,(327.9812105575231+107.02021080721947j)
1905,2021-08-09 07:46:05,114365.0,(327.0154872181877+109.93575905705718j)
1906,2021-08-09 07:47:05,114425.0,(330.24069905896647+99.83025936581119j)
1907,2021-08-09 07:48:05,114485.0,(325.07581136175094+115.5453022303344j)
1908,2021-08-09 07:49:05,114545.0,(324.6629973890567+116.70020619670453j)
1909,2021-08-09 07:50:05,114605.0,(327.83104034664166+107.47934213251686j)
1910,2021-08-09 07:51:05,114665.0,(327.58626284393256+108.22310472327958j)
1911,2021-08-09 07:52:05,114725.0,(328.6740354799262+104.87315386379962j)
1912,2021-08-09 07:53:05,114785.0,(331.86136960882305+94.30287037707876j)
1913,2021-08-09 07:54:05,114845.0,(332.5884468375591+91.70564339330558j)
1914,2021-08-09 07:55:05,114905.0,(330.7042700656928+98.28370037965257j)
1915,2021-08-09 07:56:05,114965.0,(317.4050897725184+135.19988530505324j)
1916,2021-08-09 07:57:05,115025.0,(317.60409916080175+134.73171933978875j)
1917,2021-08-09 07:58:05,115085.0,(323.786947486804+119.10924664851849j)
1918,2021-08-09 07:59:05,115145.0,(323.0433298627788+121.11154788527743j)
1919,2021-08-09 08:00:05,115205.0,(318.70059099550207+132.11711962920518j)
1920,2021-08-09 08:01:05,115265.0,(319.33814581841256+130.5685590992651j)
1921,2021-08-09 08:02:05,115325.0,(322.9426009264407+121.37988509990298j)
1922,2021-08-09 08:03:05,115385.0,(323.1739083431412+120.76268035373745j)
1923,2021-08-09 08:04:05,115445.0,(327.74340323928976+107.74628361631933j)
1924,2021-08-09 08:05:05,115505.0,(328.0738315132552+106.73594088315446j)
1925,2021-08-09 08:06:05,115565.0,(321.5397061314223+125.04885997448599j)
1926,2021-08-09 08:07:05,115625.0,(317.9273533210172+133.96715272891737j)
1927,2021-08-09 08:08:05,115685.0,(319.0301598751895+131.31929443159152j)
1928,2021-08-09 08:09:05,115745.0,(322.93331113011914+121.40459860539748j)
1929,2021-08-09 08:10:05,115805.0,(322.9110171019076+121.46388366181763j)
1930,2021-08-09 08:11:05,115865.0,(325.36719730491825+114.7222163224822j)
1931,2021-08-09 08:12:05,115925.0,(325.48156527857327+114.3973367863511j)
1932,2021-08-09 08:13:05,115985.0,(328.2549203702949+106.1777154241481j)
1933,2021-08-09 08:14:05,116045.0,(328.18085078905995+106.40643390025232j)
1934,2021-08-09 08:15:05,116105.0,(331.57787876698063+95.29485984243587j)
1935,2021-08-09 08:16:05,116165.0,(327.6433883452131+108.05003504704607j)
1936,2021-08-09 08:17:05,116225.0,(319.0259243845817+131.32958375995557j)
1937,2021-08-09 08:18:05,116285.0,(320.43160265438695+127.86159712885298j)
1938,2021-08-09 08:19:05,116345.0,(324.15689165916456+118.09872814670216j)
1939,2021-08-09 08:20:05,116405.0,(323.16397891880445+120.78924922925273j)
1940,2021-08-09 08:21:05,116465.0,(321.4699003516943+125.22820436256252j)
1941,2021-08-09 08:22:05,116525.0,(318.84609950021354+131.76556770833545j)
1942,2021-08-09 08:23:05,116585.0,(318.1483448096305+133.44148790721894j)
1943,2021-08-09 08:24:05,116645.0,(320.34642925821896+128.07484242234653j)
1944,2021-08-09 08:25:05,116705.0,(324.166766081042+118.07162135144503j)
1945,2021-08-09 08:26:05,116765.0,(322.91442986605176+121.45481046168042j)
1946,2021-08-09 08:27:05,116825.0,(328.3955985718599+105.7418121588137j)
1947,2021-08-09 08:28:05,116885.0,(328.26264175210594+106.15384133383286j)
1948,2021-08-09 08:29:05,116945.0,(324.64370323754105+116.75386909312851j)
1949,2021-08-09 08:30:05,117005.0,(330.888531721391+97.66155628117964j)
1950,2021-08-09 08:31:05,117065.0,(333.2091384364014+89.42410224582112j)
1951,2021-08-09 08:32:05,117125.0,(334.5066731432802+84.44101860242273j)
1952,2021-08-09 08:33:05,117185.0,(332.2379270702396+92.96752022115118j)
1953,2021-08-09 08:34:05,117245.0,(331.70699743762736+94.84444027413456j)
1954,2021-08-09 08:35:05,117305.0,(334.529472583758+84.35064891767419j)
1955,2021-08-09 08:36:05,117365.0,(327.45062941623155+108.63280027189667j)
1956,2021-08-09 08:37:05,117425.0,(324.13724976217395+118.15262720995284j)
1957,2021-08-09 08:38:05,117485.0,(324.1224409208519+118.19324554097356j)
1958,2021-08-09 08:39:05,117545.0,(331.7589194270091+94.6626609631447j)
1959,2021-08-09 08:40:05,117605.0,(333.43317410544404+88.58509133013655j)
1960,2021-08-09 08:41:05,117665.0,(321.6952922361043+124.64806036648716j)
1961,2021-08-09 08:42:05,117725.0,(316.52110075559574+137.25666751187714j)
1962,2021-08-09 08:43:05,117785.0,(313.58337732634254+143.84180708196303j)
1963,2021-08-09 08:44:05,117845.0,(315.69491182010614+139.14640725112318j)
1964,2021-08-09 08:45:05,117905.0,(320.32739253220484+128.1224476566022j)
1965,2021-08-09 08:46:05,117965.0,(324.43776733930974+117.32491263105177j)
1966,2021-08-09 08:47:05,118025.0,(323.05262064197416+121.08676350597835j)
1967,2021-08-09 08:48:05,118085.0,(325.20035019049334+115.19432380104719j)
1968,2021-08-09 08:49:05,118145.0,(327.2491702756571+109.23818267388923j)
1969,2021-08-09 08:50:05,118205.0,(332.1293492075522+93.354675271075j)
1970,2021-08-09 08:51:05,118265.0,(331.1987999582164+96.60411433390072j)
1971,2021-08-09 08:52:05,118325.0,(330.44851098170335+99.14021177088087j)
1972,2021-08-09 08:53:05,118385.0,(328.9735884524467+103.92967863281521j)
1973,2021-08-09 08:54:05,118445.0,(323.249194594267+120.5610144041502j)
1974,2021-08-09 08:55:05,118505.0,(323.24662740250363+120.56789735624898j)
1975,2021-08-09 08:56:05,118565.0,(326.72275255300315+110.80272092412304j)
1976,2021-08-09 08:57:05,118625.0,(326.8631629885251+110.38782850086729j)
1977,2021-08-09 08:58:05,118685.0,(323.2262790645346+120.6224378882121j)
1978,2021-08-09 08:59:05,118745.0,(320.63012010719444+127.36296981480166j)
1979,2021-08-09 09:00:05,118805.0,(322.6198052722946+122.23527005765033j)
1980,2021-08-09 09:01:05,118865.0,(324.3156806755506+117.66197035556677j)
1981,2021-08-09 09:02:05,118925.0,(326.2201909498243+112.27371471836204j)
1982,2021-08-09 09:03:05,118985.0,(331.1800450890228+96.66839056709706j)
1983,2021-08-09 09:04:05,119045.0,(333.1066261336369+89.8052093470388j)
1984,2021-08-09 09:05:05,119105.0,(333.77206130963765+87.29954804645594j)
1985,2021-08-09 09:06:05,119165.0,(325.36279979700345+114.73468746745706j)
1986,2021-08-09 09:07:05,119225.0,(325.81190295845926+113.45309114602175j)
1987,2021-08-09 09:08:05,119285.0,(327.18036338006186+109.44409448887889j)
1988,2021-08-09 09:09:05,119345.0,(326.29599169619604+112.05322754385949j)
1989,2021-08-09 09:10:05,119405.0,(325.0630138931627+115.5813003850256j)
1990,2021-08-09 09:11:05,119465.0,(314.15753248649827+142.58346601901212j)
1991,2021-08-09 09:12:05,119525.0,(310.4971798024399+150.38783639221387j)
1992,2021-08-09 09:13:05,119585.0,(313.8831256330892+143.18653373415515j)
1993,2021-08-09 09:14:05,119645.0,(316.8510397676713+136.49329140344443j)
1994,2021-08-09 09:15:05,119705.0,(315.98206582708656+138.49308313286528j)
1995,2021-08-09 09:16:05,119765.0,(328.7366965434163+104.67657018512703j)
1996,2021-08-09 09:17:05,119825.0,(328.0673035721958+106.75600370409498j)
1997,2021-08-09 09:18:05,119885.0,(327.1563423834813+109.51587847550852j)
1998,2021-08-09 09:19:05,119945.0,(332.9400640129436+90.42075964653804j)
1999,2021-08-09 09:20:05,120005.0,(332.25702404193646+92.89924636290691j)
2000,2021-08-09 09:21:05,120065.0,(313.9681388726406+143.00002717779554j)
2001,2021-08-09 09:22:05,120125.0,(315.6030590238929+139.35461648169806j)
2002,2021-08-09 09:23:05,120185.0,(314.5919178642185+141.62247425642875j)
2003,2021-08-09 09:24:05,120245.0,(313.15141327114617+144.7798064865533j)
2004,2021-08-09 09:25:05,120305.0,(310.63251549340197+150.10809544538694j)
2005,2021-08-09 09:26:05,120365.0,(327.5182008261452+108.42890817307364j)
2006,2021-08-09 09:27:05,120425.0,(331.0894333853763+96.97828159206813j)
2007,2021-08-09 09:28:05,120485.0,(330.3947895767923+99.31909695777117j)
2008,2021-08-09 09:29:05,120545.0,(327.09145792270675+109.70951715324503j)
2009,2021-08-09 09:30:05,120605.0,(326.4347027542475+111.64848784352652j)
2010,2021-08-09 09:31:05,120665.0,(320.0611110327257+128.7861995886874j)
2011,2021-08-09 09:32:05,120725.0,(321.5870235493677+124.92712389492695j)
2012,2021-08-09 09:33:05,120785.0,(324.02954842631414+118.44767514239753j)
2013,2021-08-09 09:34:05,120845.0,(330.00690574813103+100.60040834183617j)
2014,2021-08-09 09:35:05,120905.0,(328.0032682545028+106.95258769363488j)
2015,2021-08-09 09:36:05,120965.0,(321.78092745709193+124.426824780084j)
2016,2021-08-09 09:37:05,121025.0,(322.1160242669849+123.55673559313233j)
2017,2021-08-09 09:38:05,121085.0,(321.82277972652287+124.31853622486855j)
2018,2021-08-09 09:39:05,121145.0,(327.753117967882+107.7167287951672j)
2019,2021-08-09 09:40:05,121205.0,(326.41689582000896+111.70053770340331j)
2020,2021-08-09 09:41:05,121265.0,(315.34489080156345+139.9378427922555j)
2021,2021-08-09 09:42:05,121325.0,(316.28091391539175+137.8092286200186j)
2022,2021-08-09 09:43:05,121385.0,(315.8274945609538+138.84521482338053j)
2023,2021-08-09 09:44:05,121445.0,(317.3946427558641+135.2244088538656j)
2024,2021-08-09 09:45:05,121505.0,(320.28416805149624+128.2304632119877j)
2025,2021-08-09 09:46:05,121565.0,(328.78710703971274+104.5181239998905j)
2026,2021-08-09 09:47:05,121625.0,(329.1345823752899+103.41869601113483j)
2027,2021-08-09 09:48:05,121685.0,(332.37270527153646+92.48451108418301j)
2028,2021-08-09 09:49:05,121745.0,(332.02258080218957+93.73369638210944j)
2029,2021-08-09 09:50:05,121805.0,(327.9973094103532+106.9708606096494j)
2030,2021-08-09 09:51:05,121865.0,(314.54117822592207+141.73513043790078j)
2031,2021-08-09 09:52:05,121925.0,(320.7525010670069+127.05444919112338j)
2032,2021-08-09 09:53:05,121985.0,(320.2666713239254+128.2741565518665j)
2033,2021-08-09 09:54:05,122045.0,(321.36541940511285+125.49608444320458j)
2034,2021-08-09 09:55:05,122105.0,(318.158363599968+133.41759880686857j)
2035,2021-08-09 09:56:05,122165.0,(318.9480493681725+131.51859870085963j)
2036,2021-08-09 09:57:05,122225.0,(324.16091619068146+118.08768104428998j)
2037,2021-08-09 09:58:05,122285.0,(322.05483470628224+123.71614058929109j)
2038,2021-08-09 09:59:05,122345.0,(322.36967192681936+122.89342790318298j)
2039,2021-08-09 10:00:05,122405.0,(325.3197056785197+114.85681998576007j)
2040,2021-08-09 10:01:05,122465.0,(319.8319476109975+129.3542627336113j)
2041,2021-08-09 10:02:05,122525.0,(314.6018999424343+141.60029856116324j)
2042,2021-08-09 10:03:05,122585.0,(311.12995812356814+149.07430750477002j)
2043,2021-08-09 10:04:05,122645.0,(305.67852161737335+159.9551231496416j)
2044,2021-08-09 10:05:05,122705.0,(313.16771926984035+144.7445322191014j)
2045,2021-08-09 10:06:05,122765.0,(332.6555761415345+91.46183718876274j)
2046,2021-08-09 10:07:05,122825.0,(334.55453681650056+84.25118334775351j)
2047,2021-08-09 10:08:05,122885.0,(337.70236926656884+70.58406188188654j)
2048,2021-08-09 10:09:05,122945.0,(336.6910315207779+75.26054273970219j)
2049,2021-08-09 10:10:05,123005.0,(337.89243814122+69.66850254585513j)
2050,2021-08-09 10:11:05,123065.0,(331.3437949402599+96.10561666514093j)
2051,2021-08-09 10:12:05,123125.0,(330.367059934526+99.4112956872472j)
2052,2021-08-09 10:13:05,123185.0,(334.0711324931641+86.14800308036622j)
2053,2021-08-09 10:14:05,123245.0,(333.150419838488+89.64261130421822j)
2054,2021-08-09 10:15:05,123305.0,(327.3451596144986+108.95020182155902j)
2055,2021-08-09 10:16:05,123365.0,(315.6365976725868+139.27863515153206j)
2056,2021-08-09 10:17:05,123425.0,(308.3361613291321+154.7701896904421j)
2057,2021-08-09 10:18:05,123485.0,(307.75427561566926+155.92403868638954j)
2058,2021-08-09 10:19:05,123545.0,(311.49813309027576+148.30344932358403j)
2059,2021-08-09 10:20:05,123605.0,(310.4329702428726+150.52033412860789j)
2060,2021-08-09 10:21:05,123665.0,(321.226598271875+125.85099349103069j)
2061,2021-08-09 10:22:05,123725.0,(319.74559627888834+129.5675640747257j)
2062,2021-08-09 10:23:05,123785.0,(320.3681103217412+128.0205994708533j)
2063,2021-08-09 10:24:05,123845.0,(328.070903535359+106.7449401774772j)
2064,2021-08-09 10:25:05,123905.0,(324.5121509130911+117.11901600405965j)
2065,2021-08-09 10:26:05,123965.0,(318.0031834540003+133.78705211313027j)
2066,2021-08-09 10:27:05,124025.0,(325.81264165195563+113.45096976127765j)
2067,2021-08-09 10:28:05,124085.0,(329.3467681502324+102.74096704332246j)
2068,2021-08-09 10:29:05,124145.0,(330.8667618800874+97.7352847388575j)
2069,2021-08-09 10:30:05,124205.0,(330.0660253981601+100.40626911633115j)
2070,2021-08-09 10:31:05,124265.0,(320.30614327922234+128.1755615458357j)
2071,2021-08-09 10:32:05,124325.0,(317.133300142107+135.8361878917996j)
2072,2021-08-09 10:33:05,124385.0,(313.12138448869047+144.84473955199635j)
2073,2021-08-09 10:34:05,124445.0,(316.6925100434511+136.86071051393327j)
2074,2021-08-09 10:35:05,124505.0,(318.15956757290905+133.41472767959135j)
2075,2021-08-09 10:36:05,124565.0,(327.620575004736+108.11918809150464j)
2076,2021-08-09 10:37:05,124625.0,(329.9809095382915+100.68564614820673j)
2077,2021-08-09 10:38:05,124685.0,(324.61135003088816+116.84379072558453j)
2078,2021-08-09 10:39:05,124745.0,(322.1884036212429+123.36787495938754j)
2079,2021-08-09 10:40:05,124805.0,(322.4783262355151+122.60803035829541j)
2080,2021-08-09 10:41:05,124865.0,(321.8430937598979+124.26593659992902j)
2081,2021-08-09 10:42:05,124925.0,(327.3516595411244+108.93067059222491j)
2082,2021-08-09 10:43:05,124985.0,(332.43519593667753+92.25963636684688j)
2083,2021-08-09 10:44:05,125045.0,(332.6978290671966+91.30802009667292j)
2084,2021-08-09 10:45:05,125105.0,(330.5065054297647+98.94670216134j)
2085,2021-08-09 10:46:05,125165.0,(320.27232966810845+128.26002825885573j)
2086,2021-08-09 10:47:05,125225.0,(315.57939848320564+139.4081893325428j)
2087,2021-08-09 10:48:05,125285.0,(312.35730701245654+146.4851963712578j)
2088,2021-08-09 10:49:05,125345.0,(321.66210372033794+124.73368041634366j)
2089,2021-08-09 10:50:05,125405.0,(326.6874720937981+110.90669761995397j)
2090,2021-08-09 10:51:05,125465.0,(327.1035930983182+109.67333031402804j)
2091,2021-08-09 10:52:05,125525.0,(322.54642656361466+122.42876586424755j)
2092,2021-08-09 10:53:05,125585.0,(317.8723709396226+134.09756072808693j)
2093,2021-08-09 10:54:05,125645.0,(322.19299274839597+123.35588929529094j)
2094,2021-08-09 10:55:05,125705.0,(324.10804765410904+118.23270886620917j)
2095,2021-08-09 10:56:05,125765.0,(327.41821996674514+108.73044299462826j)
2096,2021-08-09 10:57:05,125825.0,(328.40970331888576+105.6979979280659j)
2097,2021-08-09 10:58:05,125885.0,(331.5244487993323+95.48057314605362j)
2098,2021-08-09 10:59:05,125945.0,(333.5077227641512+88.30401381970178j)
2099,2021-08-09 11:00:05,126005.0,(333.2784049532058+89.16560318781558j)
2100,2021-08-09 11:01:05,126065.0,(317.7988433695762+134.27172134503817j)
2101,2021-08-09 11:02:05,126125.0,(315.5120924617084+139.5604510971299j)
2102,2021-08-09 11:03:05,126185.0,(316.2844037758401+137.80121889214686j)
2103,2021-08-09 11:04:05,126245.0,(323.496729277355+119.89522987531106j)
2104,2021-08-09 11:05:05,126305.0,(319.4974420944868+130.17827965939645j)
2105,2021-08-09 11:06:05,126365.0,(310.61639001110825+150.14146081768058j)
2106,2021-08-09 11:07:05,126425.0,(307.62559299923515+156.17776580508806j)
2107,2021-08-09 11:08:05,126485.0,(311.7506076084984+147.77198197131978j)
2108,2021-08-09 11:09:05,126545.0,(321.7475606366294+124.51308053525352j)
2109,2021-08-09 11:10:05,126605.0,(325.485039201642+114.38745235341845j)
2110,2021-08-09 11:11:05,126665.0,(322.14486024014286+123.48153311673295j)
2111,2021-08-09 11:12:05,126725.0,(320.741074229113+127.08329277428498j)
2112,2021-08-09 11:13:05,126785.0,(312.1998466373622+146.82048821471585j)
2113,2021-08-09 11:14:05,126845.0,(317.3547849947169+135.31792357613605j)
2114,2021-08-09 11:15:05,126905.0,(317.57048255218075+134.81093654290476j)
2115,2021-08-09 11:16:05,126965.0,(314.3979288018462+142.05260421797703j)
2116,2021-08-09 11:17:05,127025.0,(315.1516414833096+140.3725146543136j)
2117,2021-08-09 11:18:05,127085.0,(326.7016247726842+110.86500065795438j)
2118,2021-08-09 11:19:05,127145.0,(329.64565618694445+101.77790210590314j)
2119,2021-08-09 11:20:05,127205.0,(333.97237142700095+86.53008218778793j)
2120,2021-08-09 11:21:05,127265.0,(324.34791656543905+117.57307948530989j)
2121,2021-08-09 11:22:05,127325.0,(332.11344284144985+93.41124709583431j)
2122,2021-08-09 11:23:05,127385.0,(330.0730275840073+100.38324791282226j)
2123,2021-08-09 11:24:05,127445.0,(327.07797219223045+109.74971574732443j)
2124,2021-08-09 11:25:05,127505.0,(323.3805565738199+120.2082178139518j)
2125,2021-08-09 11:26:05,127565.0,(317.2928058433179+135.46318821020924j)
2126,2021-08-09 11:27:05,127625.0,(324.4202104342772+117.37345126466765j)
2127,2021-08-09 11:28:05,127685.0,(320.2977133175271+128.19662571052032j)
2128,2021-08-09 11:29:05,127745.0,(318.74019226013+132.0215506573656j)
2129,2021-08-09 11:30:05,127805.0,(319.96484632794096+129.02518015618944j)
2130,2021-08-09 11:31:05,127865.0,(326.30564156819634+112.02512343562833j)
2131,2021-08-09 11:32:05,127925.0,(324.1677587985368+118.0688958004337j)
2132,2021-08-09 11:33:05,127985.0,(325.59376001545115+114.07762023727875j)
2133,2021-08-09 11:34:05,128045.0,(325.5708358648396+114.14302797047948j)
2134,2021-08-09 11:35:05,128105.0,(327.80670726734576+107.55353397513584j)
2135,2021-08-09 11:36:05,128165.0,(329.7824273561479+101.333857160808j)
2136,2021-08-09 11:37:05,128225.0,(323.0912932840103+120.98353691335709j)
2137,2021-08-09 11:38:05,128285.0,(320.55478809757693+127.55245128070857j)
2138,2021-08-09 11:39:05,128345.0,(328.2147099336823+106.30194816252805j)
2139,2021-08-09 11:40:05,128405.0,(327.71878987711125+107.82112391123466j)
2140,2021-08-09 11:41:05,128465.0,(311.19066771471824+148.94753548571325j)
2141,2021-08-09 11:42:05,128525.0,(312.97463702950284+145.16155336813864j)
2142,2021-08-09 11:43:05,128585.0,(317.74777040370975+134.39253849626974j)
2143,2021-08-09 11:44:05,128645.0,(323.7202268202214+119.29046377420292j)
2144,2021-08-09 11:45:05,128705.0,(329.24122256931+103.07869499108958j)
2145,2021-08-09 11:46:05,128765.0,(328.7836807611808+104.52890157812794j)
2146,2021-08-09 11:47:05,128825.0,(325.8607956371599+113.31258476761131j)
2147,2021-08-09 11:48:05,128885.0,(328.5312633085597+105.31955672562347j)
2148,2021-08-09 11:49:05,128945.0,(327.9704753483213+107.0531050450951j)
2149,2021-08-09 11:50:05,129005.0,(330.20850310480205+99.93670235346956j)
2150,2021-08-09 11:51:05,129065.0,(324.44231216110046+117.31234410563556j)
2151,2021-08-09 11:52:05,129125.0,(327.4376550413775+108.67190097262423j)
2152,2021-08-09 11:53:05,129185.0,(328.1122619450786+106.61774505814738j)
2153,2021-08-09 11:54:05,129245.0,(318.7021803479911+132.11328563561113j)
2154,2021-08-09 11:55:05,129305.0,(325.99699465247477+112.92014646445661j)
2155,2021-08-09 11:56:05,129365.0,(329.1869428238169+103.25190881678213j)
2156,2021-08-09 11:57:05,129425.0,(331.34287287376804+96.10879562120196j)
2157,2021-08-09 11:58:05,129485.0,(332.03296846787276+93.69689349392867j)
2158,2021-08-09 11:59:05,129545.0,(328.1721133055748+106.43337845127816j)
2159,2021-08-09 12:00:05,129605.0,(322.8212933275301+121.70214695863329j)
2160,2021-08-09 12:01:05,129665.0,(318.744781040518+132.01047140068943j)
2161,2021-08-09 12:02:05,129725.0,(323.48147803979094+119.93637215287222j)
2162,2021-08-09 12:03:05,129785.0,(324.60541670267685+116.86027317819142j)
2163,2021-08-09 12:04:05,129845.0,(327.4879513768008+108.52023637564626j)
2164,2021-08-09 12:05:05,129905.0,(331.20226319806665+96.59224012558447j)
2165,2021-08-09 12:06:05,129965.0,(326.23712670048354+112.22449448410379j)
2166,2021-08-09 12:07:05,130025.0,(321.5134307909892+125.11640108717882j)
2167,2021-08-09 12:08:05,130085.0,(319.5748125243252+129.9882271593948j)
2168,2021-08-09 12:09:05,130145.0,(316.78832136745234+136.63879187548366j)
2169,2021-08-09 12:10:05,130205.0,(319.0577123515817+131.25233784194228j)
2170,2021-08-09 12:11:05,130265.0,(330.1465156825495+100.14129109748939j)
2171,2021-08-09 12:12:05,130325.0,(330.5344101041009+98.85344575245749j)
2172,2021-08-09 12:13:05,130385.0,(326.324962829871+111.96882885019068j)
2173,2021-08-09 12:14:05,130445.0,(328.21190358931335+106.31061255716334j)
2174,2021-08-09 12:15:05,130505.0,(325.13964233250937+115.3655623827487j)
2175,2021-08-09 12:16:05,130565.0,(311.24502398909715+148.83391764657122j)
2176,2021-08-09 12:17:05,130625.0,(318.6629699786063+132.20783473158403j)
2177,2021-08-09 12:18:05,130685.0,(320.15426285796264+128.5544552859782j)
2178,2021-08-09 12:19:05,130745.0,(323.01790220569404+121.17934995135377j)
2179,2021-08-09 12:20:05,130805.0,(318.46549803899313+132.68280430702416j)
2180,2021-08-09 12:21:05,130865.0,(318.7388815791491+132.02471499561426j)
2181,2021-08-09 12:22:05,130925.0,(312.4595222451159+146.26703989058478j)
2182,2021-08-09 12:23:05,130985.0,(320.79343461473087+126.9510626504732j)
2183,2021-08-09 12:24:05,131045.0,(325.25349635764246+115.0441789363072j)
2184,2021-08-09 12:25:05,131105.0,(321.1777243684562+125.97566975213881j)
2185,2021-08-09 12:26:05,131165.0,(317.4801878720605+135.02344355230002j)
2186,2021-08-09 12:27:05,131225.0,(320.9632665297583+126.52107151991449j)
2187,2021-08-09 12:28:05,131285.0,(320.9411688658614+126.5771153369148j)
2188,2021-08-09 12:29:05,131345.0,(314.0310948269592+142.861721541431j)
2189,2021-08-09 12:30:05,131405.0,(318.6395269920441+132.26432564484801j)
2190,2021-08-09 12:31:05,131465.0,(328.8274943548006+104.39099078150174j)
2191,2021-08-09 12:32:05,131525.0,(323.4269403606799+120.08336374756168j)
2192,2021-08-09 12:33:05,131585.0,(320.30414691380497+128.18055027897026j)
2193,2021-08-09 12:34:05,131645.0,(329.16454989817134+103.32327467872024j)
2194,2021-08-09 12:35:05,131705.0,(331.9342739011789+94.04593457293689j)
2195,2021-08-09 12:36:05,131765.0,(327.6237793246193+108.10947794274634j)
2196,2021-08-09 12:37:05,131825.0,(328.0615885180583+106.77356479488832j)
2197,2021-08-09 12:38:05,131885.0,(319.86382171657783+129.27542518539758j)
2198,2021-08-09 12:39:05,131945.0,(315.96057925407445+138.5420959760236j)
2199,2021-08-09 12:40:05,132005.0,(316.6324818682447+136.9995307508595j)
2200,2021-08-09 12:41:05,132065.0,(327.1416063437582+109.55988955281745j)
2201,2021-08-09 12:42:05,132125.0,(333.61731471577883+87.88906258365125j)
2202,2021-08-09 12:43:05,132185.0,(337.9095348837079+69.58553179128667j)
2203,2021-08-09 12:44:05,132245.0,(337.5914824688421+71.1125232606007j)
2204,2021-08-09 12:45:05,132305.0,(335.96534938667236+78.43649668037928j)
2205,2021-08-09 12:46:05,132365.0,(312.2236455576224+146.76987141340754j)
2206,2021-08-09 12:47:05,132425.0,(310.9293806100713+149.49220806930848j)
2207,2021-08-09 12:48:05,132485.0,(305.9541569046097+159.42726828491246j)
2208,2021-08-09 12:49:05,132545.0,(309.0766533200596+153.28608016539428j)
2209,2021-08-09 12:50:05,132605.0,(313.3291518275471+144.39474580132742j)
2210,2021-08-09 12:51:05,132665.0,(328.47896151654356+105.48256652647898j)
2211,2021-08-09 12:52:05,132725.0,(325.5956784245339+114.07214467725015j)
2212,2021-08-09 12:53:05,132785.0,(320.1877914344664+128.47092362211237j)
2213,2021-08-09 12:54:05,132845.0,(321.0366383579748+126.3347807684443j)
2214,2021-08-09 12:55:05,132905.0,(325.9499106309806+113.05598506782286j)
2215,2021-08-09 12:56:05,132965.0,(325.87254254882436+113.27879771945265j)
2216,2021-08-09 12:57:05,133025.0,(327.2703896901752+109.17459426093995j)
2217,2021-08-09 12:58:05,133085.0,(333.3280263566998+88.97992383199278j)
2218,2021-08-09 12:59:05,133145.0,(331.76451014900886+94.64306527996756j)
2219,2021-08-09 13:00:05,133205.0,(332.1863006021267+93.15182066000385j)
2220,2021-08-09 13:01:05,133265.0,(330.1473346168057+100.13859118950553j)
2221,2021-08-09 13:02:05,133325.0,(328.28877388456385+106.07299817281356j)
2222,2021-08-09 13:03:05,133385.0,(330.83845399419965+97.83106540730216j)
2223,2021-08-09 13:04:05,133445.0,(329.29309572408675+102.91286172508974j)
2224,2021-08-09 13:05:05,133505.0,(329.41129906514993+102.53387756351735j)
2225,2021-08-09 13:06:05,133565.0,(326.2081100388845+112.308810628815j)
2226,2021-08-09 13:07:05,133625.0,(323.61002644520124+119.58909140944321j)
2227,2021-08-09 13:08:05,133685.0,(324.266921136979+117.79628116517199j)
2228,2021-08-09 13:09:05,133745.0,(322.2071918199842+123.31879637541024j)
2229,2021-08-09 13:10:05,133805.0,(316.70501042721037+136.83178128746468j)
2230,2021-08-09 13:11:05,133865.0,(311.47011696641204+148.36228037115632j)
2231,2021-08-09 13:12:05,133925.0,(310.58805626369684+150.20006426875688j)
2232,2021-08-09 13:13:05,133985.0,(308.7761328347679+153.89054484147408j)
2233,2021-08-09 13:14:05,134045.0,(315.31619775780433+140.00248366211662j)
2234,2021-08-09 13:15:05,134105.0,(319.364022343476+130.50525365898403j)
2235,2021-08-09 13:16:05,134165.0,(327.1515248601305+109.53026879219924j)
2236,2021-08-09 13:17:05,134225.0,(322.45215313105433+122.67684761660246j)
2237,2021-08-09 13:18:05,134285.0,(318.319836625063+133.0318819343439j)
2238,2021-08-09 13:19:05,134345.0,(321.78679854571806+124.41164045899185j)
2239,2021-08-09 13:20:05,134405.0,(318.9990717854082+131.39479517868276j)
2240,2021-08-09 13:21:05,134465.0,(318.04313991644455+133.69203847682508j)
2241,2021-08-09 13:22:05,134525.0,(323.9396061501302+118.69343523252896j)
2242,2021-08-09 13:23:05,134585.0,(329.1370888090443+103.41071883662381j)
2243,2021-08-09 13:24:05,134645.0,(327.82535618668925+107.4966782792396j)
2244,2021-08-09 13:25:05,134705.0,(327.01933660284465+109.92430799343431j)
2245,2021-08-09 13:26:05,134765.0,(320.97625520478124+126.48811641697861j)
2246,2021-08-09 13:27:05,134825.0,(322.4370840845469+122.71644880395965j)
2247,2021-08-09 13:28:05,134885.0,(317.9424094440898+133.931416317781j)
2248,2021-08-09 13:29:05,134945.0,(321.87617385878696+124.18022669502561j)
2249,2021-08-09 13:30:05,135005.0,(326.65993232219506+110.9877858832176j)
2250,2021-08-09 13:31:05,135065.0,(325.363374634773+114.73305733864305j)
2251,2021-08-09 13:32:05,135125.0,(322.16831475495053+123.42032639705312j)
2252,2021-08-09 13:33:05,135185.0,(325.1058731070959+115.46069145502672j)
2253,2021-08-09 13:34:05,135245.0,(324.17168109784757+118.05812625226353j)
2254,2021-08-09 13:35:05,135305.0,(321.23308250965425+125.83444163402034j)
2255,2021-08-09 13:36:05,135365.0,(328.28154672381095+106.09536314383546j)
2256,2021-08-09 13:37:05,135425.0,(334.7177040693467+83.60058960644488j)
2257,2021-08-09 13:38:05,135485.0,(333.2618068425515+89.22761960311345j)
2258,2021-08-09 13:39:05,135545.0,(329.34296015268797+102.75317317662258j)
2259,2021-08-09 13:40:05,135605.0,(330.4335132280852+99.19018769890913j)
2260,2021-08-09 13:41:05,135665.0,(323.44474541073527+120.03539755499055j)
2261,2021-08-09 13:42:05,135725.0,(324.1506260403499+118.11592457263846j)
2262,2021-08-09 13:43:05,135785.0,(329.3499734450126+102.73069157641984j)
2263,2021-08-09 13:44:05,135845.0,(326.7464263732079+110.73288965947658j)
2264,2021-08-09 13:45:05,135905.0,(322.34130545621906+122.9678120354286j)
2265,2021-08-09 13:46:05,135965.0,(311.326620688361+148.66316036855062j)
2266,2021-08-09 13:47:05,136025.0,(315.31102869399706+140.01412494435473j)
2267,2021-08-09 13:48:05,136085.0,(319.46737504363875+130.25204905385192j)
2268,2021-08-09 13:49:05,136145.0,(321.8326678171049+124.29293594458618j)
2269,2021-08-09 13:50:05,136205.0,(318.3289712147962+133.01002249954493j)
2270,2021-08-09 13:51:05,136265.0,(315.2842861481634+140.07433350918726j)
2271,2021-08-09 13:52:05,136325.0,(307.7675199461447+155.89789500246448j)
2272,2021-08-09 13:53:05,136385.0,(310.8058882951233+149.7487889803432j)
2273,2021-08-09 13:54:05,136445.0,(313.3467377683949+144.35657910155925j)
2274,2021-08-09 13:55:05,136505.0,(317.79874391229123+134.27195674365498j)
2275,2021-08-09 13:56:05,136565.0,(326.4908997004579+111.484045552651j)
2276,2021-08-09 13:57:05,136625.0,(332.0159845457672+93.75705843351138j)
2277,2021-08-09 13:58:05,136685.0,(328.03898725438626+106.84298218000383j)
2278,2021-08-09 13:59:05,136745.0,(329.0608012078556+103.65321562037595j)
2279,2021-08-09 14:00:05,136805.0,(326.7252290949215+110.7954181041395j)
2280,2021-08-09 14:01:05,136865.0,(313.4619065701461+144.1063257786035j)
2281,2021-08-09 14:02:05,136925.0,(311.17344284464843+148.9835174380318j)
2282,2021-08-09 14:03:05,136985.0,(325.3684114592997+114.71877276388487j)
2283,2021-08-09 14:04:05,137045.0,(323.5852662085138+119.65607169201756j)
2284,2021-08-09 14:05:05,137105.0,(322.1666881781074+123.42457222267426j)
2285,2021-08-09 14:06:05,137165.0,(325.2332459952641+115.10141484527475j)
2286,2021-08-09 14:07:05,137225.0,(323.9095088964468+118.7755448165262j)
2287,2021-08-09 14:08:05,137285.0,(314.8843782915269+140.97101939036463j)
2288,2021-08-09 14:09:05,137345.0,(316.6593353226606+136.93745051303827j)
2289,2021-08-09 14:10:05,137405.0,(319.1377888948865+131.05751294482448j)
2290,2021-08-09 14:11:05,137465.0,(330.9419190756994+97.4804913738808j)
2291,2021-08-09 14:12:05,137525.0,(331.53349124105466+95.44917069056979j)
2292,2021-08-09 14:13:05,137585.0,(334.8972079216472+82.87858665713964j)
2293,2021-08-09 14:14:05,137645.0,(330.9775032702967+97.35960316764205j)
2294,2021-08-09 14:15:05,137705.0,(333.49862637669264+88.33836202273163j)
2295,2021-08-09 14:16:05,137765.0,(329.24472255624113+103.06751509987915j)
2296,2021-08-09 14:17:05,137825.0,(324.7157425110318+116.55336359586238j)
2297,2021-08-09 14:18:05,137885.0,(327.220028229731+109.3254459187524j)
2298,2021-08-09 14:19:05,137945.0,(326.5266685986968+111.37923816329877j)
2299,2021-08-09 14:20:05,138005.0,(324.6278972614042+116.79780956695714j)
2300,2021-08-09 14:21:05,138065.0,(327.82321236889175+107.50321591534139j)
2301,2021-08-09 14:22:05,138125.0,(329.99560694681924+100.63746516978833j)
2302,2021-08-09 14:23:05,138185.0,(328.83799882089664+104.35789635417143j)
2303,2021-08-09 14:24:05,138245.0,(324.16586116044346+118.0741057899999j)
2304,2021-08-09 14:25:05,138305.0,(322.05744489612425+123.70934559272337j)
2305,2021-08-09 14:26:05,138365.0,(314.545810411579+141.72485015876003j)
2306,2021-08-09 14:27:05,138425.0,(313.4031287614044+144.23411136954587j)
2307,2021-08-09 14:28:05,138485.0,(313.71514000968574+143.55420902468617j)
2308,2021-08-09 14:29:05,138545.0,(313.7472637117611+143.48398695806665j)
2309,2021-08-09 14:30:05,138605.0,(315.89478649599806+138.6920468687654j)
2310,2021-08-09 14:31:05,138665.0,(322.0821800223655+123.64493241552829j)
2311,2021-08-09 14:32:05,138725.0,(324.14328193204346+118.13607737826653j)
2312,2021-08-09 14:33:05,138785.0,(324.86210978893394+116.14477871812674j)
2313,2021-08-09 14:34:05,138845.0,(323.82061014632444+119.01769803042806j)
2314,2021-08-09 14:35:05,138905.0,(321.25706251976567+125.77320772394806j)
2315,2021-08-09 14:36:05,138965.0,(318.0744468573933+133.61753723356554j)
2316,2021-08-09 14:37:05,139025.0,(317.51082466016226+134.95138466730788j)
2317,2021-08-09 14:38:05,139085.0,(320.3150234810474+128.15336801011534j)
2318,2021-08-09 14:39:05,139145.0,(327.2129155413477+109.34673247487035j)
2319,2021-08-09 14:40:05,139205.0,(325.01485489918036+115.7166543539207j)
2320,2021-08-09 14:41:05,139265.0,(321.7407032148416+124.53079898089163j)
2321,2021-08-09 14:42:05,139325.0,(319.68399497018265+129.71947949288204j)
2322,2021-08-09 14:43:05,139385.0,(321.5452201695522+125.03468073344376j)
2323,2021-08-09 14:44:05,139445.0,(313.3523377268597+144.3444229650459j)
2324,2021-08-09 14:45:05,139505.0,(317.55006578032027+134.85902165933973j)
2325,2021-08-09 14:46:05,139565.0,(330.0805070285111+100.35865124542609j)
2326,2021-08-09 14:47:05,139625.0,(330.3360798793575+99.51419160068954j)
2327,2021-08-09 14:48:05,139685.0,(328.7094612004203+104.76206430444836j)
2328,2021-08-09 14:49:05,139745.0,(329.67798986313824+101.6731183735433j)
2329,2021-08-09 14:50:05,139805.0,(335.20368008193117+81.63022025898458j)
2330,2021-08-09 14:51:05,139865.0,(334.74241480369824+83.50159119075994j)
2331,2021-08-09 14:52:05,139925.0,(337.14369214892184+73.20608474842115j)
2332,2021-08-09 14:53:05,139985.0,(339.31473436720523+62.373961244360146j)
2333,2021-08-09 14:54:05,140045.0,(339.1005866829167+63.52788451775898j)
2334,2021-08-09 14:55:05,140105.0,(338.88013384945566+64.69354590818938j)
2335,2021-08-09 14:56:05,140165.0,(312.6938458091444+145.7654238600054j)
2336,2021-08-09 14:57:05,140225.0,(304.68118026612103+161.84677442458795j)
2337,2021-08-09 14:58:05,140285.0,(298.5524323550146+172.89142585710957j)
2338,2021-08-09 14:59:05,140345.0,(303.86865036100374+163.36720395410475j)
2339,2021-08-09 15:00:05,140405.0,(306.3385047087319+158.68749330939184j)
2340,2021-08-09 15:01:05,140465.0,(328.0969339336442+106.66490492819977j)
2341,2021-08-09 15:02:05,140525.0,(327.79260857443535+107.59649512863788j)
2342,2021-08-09 15:03:05,140585.0,(327.3876629842143+108.82241554815137j)
2343,2021-08-09 15:04:05,140645.0,(325.74394065210447+113.64807577974311j)
2344,2021-08-09 15:05:05,140705.0,(329.8351025457232+101.16227127072746j)
2345,2021-08-09 15:06:05,140765.0,(329.41633440992325+102.51769907645027j)
2346,2021-08-09 15:07:05,140825.0,(328.3050080704531+106.02274131458643j)
2347,2021-08-09 15:08:05,140885.0,(328.00890203124374+106.93530842644046j)
2348,2021-08-09 15:09:05,140945.0,(329.6829207204748+101.65712855091428j)
2349,2021-08-09 15:10:05,141005.0,(328.0582738947665+106.78374843198931j)
2350,2021-08-09 15:11:05,141065.0,(329.4023894779197+102.56249707489035j)
2351,2021-08-09 15:12:05,141125.0,(328.31680100736645+105.98621691658467j)
2352,2021-08-09 15:13:05,141185.0,(327.54364150352376+108.35203233262907j)
2353,2021-08-09 15:14:05,141245.0,(324.2574812933165+117.82226370815697j)
2354,2021-08-09 15:15:05,141305.0,(320.81533689665827+126.89570367779856j)
2355,2021-08-09 15:16:05,141365.0,(325.68144568780195+113.82704395135326j)
2356,2021-08-09 15:17:05,141425.0,(330.1436714912362+100.15066736815432j)
2357,2021-08-09 15:18:05,141485.0,(328.6654364956838+104.90009939509896j)
2358,2021-08-09 15:19:05,141545.0,(329.3573348230184+102.70708835459293j)
2359,2021-08-09 15:20:05,141605.0,(332.9729927333871+90.29942474994914j)
2360,2021-08-09 15:21:05,141665.0,(326.35454298609045+111.88258252444852j)
2361,2021-08-09 15:22:05,141725.0,(326.6304873186465+111.07441088740237j)
2362,2021-08-09 15:23:05,141785.0,(329.45059049030374+102.40756039272786j)
2363,2021-08-09 15:24:05,141845.0,(327.99576497562344+106.97559608647012j)
2364,2021-08-09 15:25:05,141905.0,(325.8887311379906+113.23221678157887j)
2365,2021-08-09 15:26:05,141965.0,(322.92044718268573+121.43881089394056j)
2366,2021-08-09 15:27:05,142025.0,(323.1930175790164+120.71152964058413j)
2367,2021-08-09 15:28:05,142085.0,(327.00452075487607+109.96837457139131j)
2368,2021-08-09 15:29:05,142145.0,(325.5187959076055+114.29135361374742j)
2369,2021-08-09 15:30:05,142205.0,(313.10687713062674+144.87609703987263j)
2370,2021-08-09 15:31:05,142265.0,(305.99687884299954+159.3452545209385j)
2371,2021-08-09 15:32:05,142325.0,(304.23264606542494+162.68834336863188j)
2372,2021-08-09 15:33:05,142385.0,(311.91528002737726+147.4240756641969j)
2373,2021-08-09 15:34:05,142445.0,(321.791791944289+124.39872441984046j)
2374,2021-08-09 15:35:05,142505.0,(318.35620181240034+132.94483354979317j)
2375,2021-08-09 15:36:05,142565.0,(317.8156653883802+134.23189946410332j)
2376,2021-08-09 15:37:05,142625.0,(317.2300607230542+135.61006073904454j)
2377,2021-08-09 15:38:05,142685.0,(313.86370076325454+143.22910787683554j)
2378,2021-08-09 15:39:05,142745.0,(322.6896609725855+122.05073822553399j)
2379,2021-08-09 15:40:05,142805.0,(324.8160166926439+116.27362254580375j)
2380,2021-08-09 15:41:05,142865.0,(320.78993443763176+126.95990691356042j)
2381,2021-08-09 15:42:05,142925.0,(308.2169467772895+155.00746343091188j)
2382,2021-08-09 15:43:05,142985.0,(308.1546368865586+155.1312984710475j)
2383,2021-08-09 15:44:05,143045.0,(312.0726855726046+147.09058066206097j)
2384,2021-08-09 15:45:05,143105.0,(316.16249059858126+138.08069936997722j)
2385,2021-08-09 15:46:05,143165.0,(333.4848436101529+88.39037890128016j)
2386,2021-08-09 15:47:05,143225.0,(338.3770834796954+67.27517651983709j)
2387,2021-08-09 15:48:05,143285.0,(329.38041351371606+102.63305117521067j)
2388,2021-08-09 15:49:05,143345.0,(329.2363770785845+103.09417058286137j)
2389,2021-08-09 15:50:05,143405.0,(329.0786105692961+103.59666049531504j)
2390,2021-08-09 15:51:05,143465.0,(323.6804426018508+119.39837133340625j)
2391,2021-08-09 15:52:05,143525.0,(319.4560911759431+130.2797214096942j)
2392,2021-08-09 15:53:05,143585.0,(321.58621333642+124.92920952260351j)
2393,2021-08-09 15:54:05,143645.0,(311.3924741259007+148.52517314499335j)
2394,2021-08-09 15:55:05,143705.0,(314.9913399015516+140.73185775447286j)
2395,2021-08-09 15:56:05,143765.0,(327.4218964483671+108.71937143929225j)
2396,2021-08-09 15:57:05,143825.0,(330.9161744976901+97.56785052369602j)
2397,2021-08-09 15:58:05,143885.0,(335.26874838146693+81.36256116128975j)
2398,2021-08-09 15:59:05,143945.0,(335.3132131476508+81.17911731842202j)
2399,2021-08-09 16:00:05,144005.0,(338.12739627777444+68.51907680648414j)
2400,2021-08-09 16:01:05,144065.0,(318.2340501875889+133.23696672171417j)
2401,2021-08-09 16:02:05,144125.0,(321.4250314110362+125.3433252407738j)
2402,2021-08-09 16:03:05,144185.0,(320.5956429696828+127.44973012468753j)
2403,2021-08-09 16:04:05,144245.0,(320.05415251412165+128.80349163926942j)
2404,2021-08-09 16:05:05,144305.0,(315.52370516980426+139.53419464747134j)
2405,2021-08-09 16:06:05,144365.0,(320.18406568950104+128.48020889826302j)
2406,2021-08-09 16:07:05,144425.0,(325.7896101244438+113.51709093772146j)
2407,2021-08-09 16:08:05,144485.0,(323.0112477708596+121.19708665439265j)
2408,2021-08-09 16:09:05,144545.0,(321.785955824822+124.41382010816054j)
2409,2021-08-09 16:10:05,144605.0,(315.5408292456232+139.49546615924294j)
2410,2021-08-09 16:11:05,144665.0,(316.586603315304+137.10551630506473j)
2411,2021-08-09 16:12:05,144725.0,(312.93942847550926+145.2374404395148j)
2412,2021-08-09 16:13:05,144785.0,(317.1479634568024+135.80194871651403j)
2413,2021-08-09 16:14:05,144845.0,(320.6255811517039+127.37439582244207j)
2414,2021-08-09 16:15:05,144905.0,(320.79569261454265+126.94535674831069j)
2415,2021-08-09 16:16:05,144965.0,(320.4515299358617+127.81164642459451j)
2416,2021-08-09 16:17:05,145025.0,(320.751332219018+127.05739994083424j)
2417,2021-08-09 16:18:05,145085.0,(321.4910862908129+125.17380490962589j)
2418,2021-08-09 16:19:05,145145.0,(324.5062277557534+117.13542652729397j)
2419,2021-08-09 16:20:05,145205.0,(319.4487209454607+130.29779233091082j)
2420,2021-08-09 16:21:05,145265.0,(322.0379525503244+123.76007885095665j)
2421,2021-08-09 16:22:05,145325.0,(326.4636772437178+111.56373712147528j)
2422,2021-08-09 16:23:05,145385.0,(322.1849470954+123.37690166775269j)
2423,2021-08-09 16:24:05,145445.0,(321.28630980827904+125.69847703842125j)
2424,2021-08-09 16:25:05,145505.0,(327.59290392409724+108.20300041393122j)
2425,2021-08-09 16:26:05,145565.0,(333.938263976182+86.66161695106898j)
2426,2021-08-09 16:27:05,145625.0,(329.98635572485455+100.66779542351044j)
2427,2021-08-09 16:28:05,145685.0,(324.9608386126462+115.8682586740894j)
2428,2021-08-09 16:29:05,145745.0,(326.28893390798055+112.07377752709826j)
2429,2021-08-09 16:30:05,145805.0,(328.9135000670684+104.11968821327976j)
2430,2021-08-09 16:31:05,145865.0,(323.4674938994377+119.97408216117856j)
2431,2021-08-09 16:32:05,145925.0,(330.2875398470641+99.67517756078509j)
2432,2021-08-09 16:33:05,145985.0,(330.9532618961576+97.44197473518965j)
2433,2021-08-09 16:34:05,146045.0,(322.0176530366037+123.81288758767211j)
2434,2021-08-09 16:35:05,146105.0,(326.6764022973371+110.93929953838872j)
2435,2021-08-09 16:36:05,146165.0,(322.8511309447056+121.62297171062939j)
2436,2021-08-09 16:37:05,146225.0,(322.5262130830355+122.4820063287518j)
2437,2021-08-09 16:38:05,146285.0,(324.34760547428243+117.57393768645856j)
2438,2021-08-09 16:39:05,146345.0,(325.49983732950847+114.34533614653256j)
2439,2021-08-09 16:40:05,146405.0,(326.6124994632524+111.12729275190215j)
2440,2021-08-09 16:41:05,146465.0,(326.69726624058234+110.87784373322769j)
2441,2021-08-09 16:42:05,146525.0,(327.11912506414734+109.62699492947311j)
2442,2021-08-09 16:43:05,146585.0,(322.6115477158552+122.257062292452j)
2443,2021-08-09 16:44:05,146645.0,(317.90097168969993+134.02974370916564j)
2444,2021-08-09 16:45:05,146705.0,(315.21122681684164+140.23866260279868j)
2445,2021-08-09 16:46:05,146765.0,(327.1885709016151+109.41955525114685j)
2446,2021-08-09 16:47:05,146825.0,(330.58579664411116+98.68146258126886j)
2447,2021-08-09 16:48:05,146885.0,(322.234749509137+123.24676956733494j)
2448,2021-08-09 16:49:05,146945.0,(319.72039749077544+129.62973203837376j)
2449,2021-08-09 16:50:05,147005.0,(316.05272065023775+138.3317670297853j)
2450,2021-08-09 16:51:05,147065.0,(315.62382829231217+139.30756983776953j)
2451,2021-08-09 16:52:05,147125.0,(327.2678576502555+109.1821842106673j)
2452,2021-08-09 16:53:05,147185.0,(335.65910853887175+79.73683499418536j)
2453,2021-08-09 16:54:05,147245.0,(334.54069809810966+84.30611671776529j)
2454,2021-08-09 16:55:05,147305.0,(334.9413309568419+82.70008958193031j)
2455,2021-08-09 16:56:05,147365.0,(327.6388184201839+108.06389158375595j)
2456,2021-08-09 16:57:05,147425.0,(327.90706400824047+107.24717886031183j)
2457,2021-08-09 16:58:05,147485.0,(325.83086862195785+113.39861133656112j)
2458,2021-08-09 16:59:05,147545.0,(315.01530678863105+140.6782018966146j)
2459,2021-08-09 17:00:05,147605.0,(313.826149623975+143.3113666538368j)
2460,2021-08-09 17:01:05,147665.0,(292.69011799844526+182.6403428217769j)
2461,2021-08-09 17:02:05,147725.0,(288.49547737073704+189.19661608134155j)
2462,2021-08-09 17:03:05,147785.0,(283.1537113940636+197.10143511341403j)
2463,2021-08-09 17:04:05,147845.0,(295.83149051670847+177.50698357716135j)
2464,2021-08-09 17:05:05,147905.0,(295.8721874327717+177.43914084481705j)
2465,2021-08-09 17:06:05,147965.0,(324.5925661084972+116.89596240718019j)
2466,2021-08-09 17:07:05,148025.0,(330.92405913250997+97.54110460345957j)
2467,2021-08-09 17:08:05,148085.0,(319.3624710150174+130.50904990529267j)
2468,2021-08-09 17:09:05,148145.0,(324.79275695016736+116.33857929642046j)
2469,2021-08-09 17:10:05,148205.0,(327.2728594498838+109.1671904351146j)
2470,2021-08-09 17:11:05,148265.0,(318.88864759438343+131.66256277099097j)
2471,2021-08-09 17:12:05,148325.0,(315.2656191236532+140.11634236797508j)
2472,2021-08-09 17:13:05,148385.0,(311.723018170641+147.83017263937091j)
2473,2021-08-09 17:14:05,148445.0,(309.60052459182623+152.22521201320762j)
2474,2021-08-09 17:15:05,148505.0,(308.9244202203683+153.59265148928608j)
2475,2021-08-09 17:16:05,148565.0,(325.89371843465045+113.21786203968342j)
2476,2021-08-09 17:17:05,148625.0,(324.53353031102483+117.05976124981261j)
2477,2021-08-09 17:18:05,148685.0,(322.51572826528275+122.50961195561057j)
2478,2021-08-09 17:19:05,148745.0,(320.19662644462403+128.44890195514282j)
2479,2021-08-09 17:20:05,148805.0,(320.06370053737885+128.77976393175703j)
2480,2021-08-09 17:21:05,148865.0,(324.72298246613485+116.5331912302168j)
2481,2021-08-09 17:22:05,148925.0,(330.0719954870601+100.38664151763496j)
2482,2021-08-09 17:23:05,148985.0,(328.49663403912956+105.42751739921688j)
2483,2021-08-09 17:24:05,149045.0,(326.9798777287632+110.04162648962915j)
2484,2021-08-09 17:25:05,149105.0,(330.83263338182326+97.85074700608111j)
2485,2021-08-09 17:26:05,149165.0,(326.4749516810052+111.530739820398j)
2486,2021-08-09 17:27:05,149225.0,(327.74104969933154+107.75344236719434j)
2487,2021-08-09 17:28:05,149285.0,(331.10419600355186+96.92786693640538j)
2488,2021-08-09 17:29:05,149345.0,(330.0597518165255+100.42688997879814j)
2489,2021-08-09 17:30:05,149405.0,(332.7512283388637+91.11322647660653j)
2490,2021-08-09 17:31:05,149465.0,(325.36656894621746+114.72399841430882j)
2491,2021-08-09 17:32:05,149525.0,(318.24474654647645+133.2114157854685j)
2492,2021-08-09 17:33:05,149585.0,(324.9008075586205+116.03648239996018j)
2493,2021-08-09 17:34:05,149645.0,(319.9102589775137+129.1604668656014j)
2494,2021-08-09 17:35:05,149705.0,(318.3973986888449+132.84613847672335j)
2495,2021-08-09 17:36:05,149765.0,(323.44332508389465+120.03922466708141j)
2496,2021-08-09 17:37:05,149825.0,(320.31611320146646+128.1506442570825j)
2497,2021-08-09 17:38:05,149885.0,(314.5697664286649+141.67166988856746j)
2498,2021-08-09 17:39:05,149945.0,(314.7150242518738+141.348694759246j)
2499,2021-08-09 17:40:05,150005.0,(317.16181607528006+135.76959314894566j)
2500,2021-08-09 17:41:05,150065.0,(321.5760919925139+124.95526022870041j)
2501,2021-08-09 17:42:05,150125.0,(329.20031491932144+103.20926633311377j)
2502,2021-08-09 17:43:05,150185.0,(326.91415622838116+110.23672009582646j)
2503,2021-08-09 17:44:05,150245.0,(326.2623590925595+112.15111697775346j)
2504,2021-08-09 17:45:05,150305.0,(325.35149138391006+114.76675064784881j)
2505,2021-08-09 17:46:05,150365.0,(327.0136539604218+109.94121212472379j)
2506,2021-08-09 17:47:05,150425.0,(315.52820963712+139.52400841143304j)
2507,2021-08-09 17:48:05,150485.0,(322.30628821220716+123.05956516610021j)
2508,2021-08-09 17:49:05,150545.0,(319.54070326187133+130.0720529510806j)
2509,2021-08-09 17:50:05,150605.0,(314.8659528679617+141.01216871089713j)
2510,2021-08-09 17:51:05,150665.0,(321.29274535333155+125.68202649272985j)
2511,2021-08-09 17:52:05,150725.0,(324.5365377049649+117.0514232911069j)
2512,2021-08-09 17:53:05,150785.0,(319.7585507856924+129.53559047394566j)
2513,2021-08-09 17:54:05,150845.0,(322.63339652551156+122.19939216875026j)
2514,2021-08-09 17:55:05,150905.0,(322.30725746479015+123.05702655893104j)
2515,2021-08-09 17:56:05,150965.0,(318.9555744669363+131.50034797089566j)
2516,2021-08-09 17:57:05,151025.0,(318.36946024947406+132.91307979449783j)
2517,2021-08-09 17:58:05,151085.0,(318.61910346038326+132.31351748820532j)
2518,2021-08-09 17:59:05,151145.0,(321.3513345082314+125.53214651944246j)
2519,2021-08-09 18:00:05,151205.0,(322.40132629194744+122.81036114755635j)
2520,2021-08-09 18:01:05,151265.0,(329.66841721796504+101.70415276183037j)
2521,2021-08-09 18:02:05,151325.0,(325.5505414484765+114.20089738090411j)
2522,2021-08-09 18:03:05,151385.0,(326.50990455636844+111.42837262829964j)
2523,2021-08-09 18:04:05,151445.0,(324.73007485694035+116.51342619374785j)
2524,2021-08-09 18:05:05,151505.0,(320.4692716309789+127.7671551702936j)
2525,2021-08-09 18:06:05,151565.0,(320.8462233794833+126.8175892497673j)
2526,2021-08-09 18:07:05,151625.0,(320.82864512565476+126.8620529032881j)
2527,2021-08-09 18:08:05,151685.0,(319.3887553176266+130.44471233690254j)
2528,2021-08-09 18:09:05,151745.0,(312.64587247323635+145.86829136398643j)
2529,2021-08-09 18:10:05,151805.0,(319.26543817393133+130.7462427284533j)
2530,2021-08-09 18:11:05,151865.0,(326.05329406347767+112.7574805959913j)
2531,2021-08-09 18:12:05,151925.0,(317.599619140268+134.7422796376725j)
2532,2021-08-09 18:13:05,151985.0,(320.6527300253493+127.30603570644433j)
2533,2021-08-09 18:14:05,152045.0,(323.1449758335809+120.84007858949123j)
2534,2021-08-09 18:15:05,152105.0,(323.1366802573204+120.86225991713985j)
2535,2021-08-09 18:16:05,152165.0,(321.1832371189579+125.96161396944422j)
2536,2021-08-09 18:17:05,152225.0,(324.0612182485986+118.36100213851742j)
2537,2021-08-09 18:18:05,152285.0,(326.03019281245474+112.82425880400707j)
2538,2021-08-09 18:19:05,152345.0,(326.2541174279196+112.17509019978213j)
2539,2021-08-09 18:20:05,152405.0,(325.0824694811511+115.52656852878674j)
2540,2021-08-09 18:21:05,152465.0,(320.86284813968183+126.77552083778436j)
2541,2021-08-09 18:22:05,152525.0,(315.24243312544+140.16849987480248j)
2542,2021-08-09 18:23:05,152585.0,(307.5018914958605+156.42118375229114j)
2543,2021-08-09 18:24:05,152645.0,(320.475221884395+127.75222956233594j)
2544,2021-08-09 18:25:05,152705.0,(314.5743273049743+141.66154241932745j)
2545,2021-08-09 18:26:05,152765.0,(306.5835584850081+158.21353186965274j)
2546,2021-08-09 18:27:05,152825.0,(319.1184829201158+131.1045150205123j)
2547,2021-08-09 18:28:05,152885.0,(320.6402003148165+127.33759045181557j)
2548,2021-08-09 18:29:05,152945.0,(312.8642145496872+145.39939220714547j)
2549,2021-08-09 18:30:05,153005.0,(318.7348531588428+132.0344401351819j)
2550,2021-08-09 18:31:05,153065.0,(328.74415317068133+104.65314976670136j)
2551,2021-08-09 18:32:05,153125.0,(330.02546462804645+100.53950814004448j)
2552,2021-08-09 18:33:05,153185.0,(329.07885255790546+103.59589180644333j)
2553,2021-08-09 18:34:05,153245.0,(334.0956507970045+86.05286815978893j)
2554,2021-08-09 18:35:05,153305.0,(331.02589517663625+97.1949418565936j)
2555,2021-08-09 18:36:05,153365.0,(306.2082602568502+158.93867166449164j)
2556,2021-08-09 18:37:05,153425.0,(317.1878729845868+135.70870727964956j)
2557,2021-08-09 18:38:05,153485.0,(317.63572472411033+134.657143809711j)
2558,2021-08-09 18:39:05,153545.0,(318.5505714375808+132.4784263070435j)
2559,2021-08-09 18:40:05,153605.0,(320.9850882073427+126.46569949407001j)
2560,2021-08-09 18:41:05,153665.0,(319.1449388966073+131.04010064358468j)
2561,2021-08-09 18:42:05,153725.0,(318.44040880963746+132.74300748872218j)
2562,2021-08-09 18:43:05,153785.0,(314.76715191524903+141.23257441242984j)
2563,2021-08-09 18:44:05,153845.0,(318.3164252360565+133.04004444128105j)
2564,2021-08-09 18:45:05,153905.0,(320.2756672633715+128.25169378609456j)
2565,2021-08-09 18:46:05,153965.0,(325.5419723813268+114.22532214038836j)
2566,2021-08-09 18:47:05,154025.0,(326.45528828512073+111.58828231798672j)
2567,2021-08-09 18:48:05,154085.0,(328.01611819050294+106.91317134588233j)
2568,2021-08-09 18:49:05,154145.0,(330.37723673899364+99.37746950243263j)
2569,2021-08-09 18:50:05,154205.0,(327.29949209472454+109.08731582789694j)
2570,2021-08-09 18:51:05,154265.0,(315.7135492611055+139.10411501086338j)
2571,2021-08-09 18:52:05,154325.0,(308.3960301468324+154.65086029399913j)
2572,2021-08-09 18:53:05,154385.0,(292.9482730515641+182.2259841957404j)
2573,2021-08-09 18:54:05,154445.0,(296.60554632938704+176.21052717316817j)
2574,2021-08-09 18:55:05,154505.0,(295.6617725721401+177.78952792417255j)
2575,2021-08-09 18:56:05,154565.0,(330.30882379030305+99.60462301653749j)
2576,2021-08-09 18:57:05,154625.0,(334.5528786006869+84.25776771309626j)
2577,2021-08-09 18:58:05,154685.0,(330.05985247615735+100.42655915352896j)
2578,2021-08-09 18:59:05,154745.0,(327.39724812678946+108.7935748057092j)
2579,2021-08-09 19:00:05,154805.0,(327.22838046299216+109.30044382145586j)
2580,2021-08-09 19:01:05,154865.0,(323.5454324587417+119.76373881557734j)
2581,2021-08-09 19:02:05,154925.0,(318.7515191991816+131.9942006612933j)
2582,2021-08-09 19:03:05,154985.0,(319.71255160029773+129.64908155951957j)
2583,2021-08-09 19:04:05,155045.0,(325.34382946240595+114.78846906696208j)
2584,2021-08-09 19:05:05,155105.0,(324.6107181483796+116.8455461846675j)
2585,2021-08-09 19:06:05,155165.0,(317.8040162814321+134.2594772647027j)
2586,2021-08-09 19:07:05,155225.0,(319.05406181983034+131.2612114688414j)
2587,2021-08-09 19:08:05,155285.0,(317.3999645044377+135.2119171248661j)
2588,2021-08-09 19:09:05,155345.0,(320.6152238834876+127.40046394790375j)
2589,2021-08-09 19:10:05,155405.0,(317.0209844884776+136.0981094429914j)
2590,2021-08-09 19:11:05,155465.0,(320.50263991419587+127.68342808693424j)
2591,2021-08-09 19:12:05,155525.0,(323.4251498530292+120.08818610731694j)
2592,2021-08-09 19:13:05,155585.0,(319.1256994481697+131.08694806011937j)
2593,2021-08-09 19:14:05,155645.0,(320.0614598073748+128.78533280607775j)
2594,2021-08-09 19:15:05,155705.0,(324.5763638012637+116.94094262297415j)
2595,2021-08-09 19:16:05,155765.0,(327.3658594512991+108.88798862001389j)
2596,2021-08-09 19:17:05,155825.0,(314.4277271045208+141.98663468046922j)
2597,2021-08-09 19:18:05,155885.0,(305.0855773716013+161.08317876127447j)
2598,2021-08-09 19:19:05,155945.0,(312.1491375379197+146.9282679892909j)
2599,2021-08-09 19:20:05,156005.0,(317.98728851367605+133.8248270827209j)
2600,2021-08-09 19:21:05,156065.0,(321.2258303213386+125.85295361796872j)
2601,2021-08-09 19:22:05,156125.0,(321.96829243959706+123.94119034255769j)
2602,2021-08-09 19:23:05,156185.0,(327.133766168924+109.5832972315387j)
2603,2021-08-09 19:24:05,156245.0,(322.05265853804605+123.72180538844685j)
2604,2021-08-09 19:25:05,156305.0,(319.1750255559609+130.96680137100293j)
2605,2021-08-09 19:26:05,156365.0,(313.0895830414524+144.91346725176894j)
2606,2021-08-09 19:27:05,156425.0,(316.99786024173494+136.1519614333979j)
2607,2021-08-09 19:28:05,156485.0,(313.09597461340616+144.89965728351925j)
2608,2021-08-09 19:29:05,156545.0,(318.42932229926487+132.7696000597685j)
2609,2021-08-09 19:30:05,156605.0,(322.38314776562214+122.8580727373217j)
2610,2021-08-09 19:31:05,156665.0,(326.04298143848104+112.78729651297758j)
2611,2021-08-09 19:32:05,156725.0,(325.15763831199473+115.31483099482918j)
2612,2021-08-09 19:33:05,156785.0,(317.6254579865341+134.6813589137133j)
2613,2021-08-09 19:34:05,156845.0,(325.2726828045929+114.98992051959475j)
2614,2021-08-09 19:35:05,156905.0,(326.24844435660975+112.19158861025241j)
2615,2021-08-09 19:36:05,156965.0,(325.51789684719705+114.29391423946238j)
2616,2021-08-09 19:37:05,157025.0,(324.6931824681956+116.6161963822996j)
2617,2021-08-09 19:38:05,157085.0,(315.80136864316967+138.90462757986447j)
2618,2021-08-09 19:39:05,157145.0,(316.6703077522078+136.91207466152144j)
2619,2021-08-09 19:40:05,157205.0,(318.44446719175454+132.73327131868473j)
2620,2021-08-09 19:41:05,157265.0,(323.33373686487187+120.33409577089034j)
2621,2021-08-09 19:42:05,157325.0,(322.69168146196427+122.04539612476243j)
2622,2021-08-09 19:43:05,157385.0,(324.5342827073802+117.05767530412615j)
2623,2021-08-09 19:44:05,157445.0,(325.39010395352904+114.65722938005935j)
2624,2021-08-09 19:45:05,157505.0,(320.63457001549335+127.35176681530444j)
2625,2021-08-09 19:46:05,157565.0,(325.53770711950506+114.2374774028879j)
2626,2021-08-09 19:47:05,157625.0,(324.0531899030994+118.38298067554233j)
2627,2021-08-09 19:48:05,157685.0,(318.3145464902674+133.04453950724698j)
2628,2021-08-09 19:49:05,157745.0,(311.86654926271683+147.52713462602532j)
2629,2021-08-09 19:50:05,157805.0,(307.18578256958796+157.0410614683619j)
2630,2021-08-09 19:51:05,157865.0,(315.2738638074238+140.09779013224298j)
2631,2021-08-09 19:52:05,157925.0,(316.1707884751523+138.06169821858816j)
2632,2021-08-09 19:53:05,157985.0,(316.9974638346581+136.15288437045552j)
2633,2021-08-09 19:54:05,158045.0,(319.09390892234825+131.164314082208j)
2634,2021-08-09 19:55:05,158105.0,(315.42728855026826+139.75201478986193j)
2635,2021-08-09 19:56:05,158165.0,(324.51948550773363+117.09869139232877j)
2636,2021-08-09 19:57:05,158225.0,(325.9078196502464+113.17726401898251j)
2637,2021-08-09 19:58:05,158285.0,(325.13070155967716+115.39075744318586j)
2638,2021-08-09 19:59:05,158345.0,(325.18523832345295+115.23697660264737j)
2639,2021-08-09 20:00:05,158405.0,(321.67619611890035+124.69733297258105j)
2640,2021-08-09 20:01:05,158465.0,(318.1714251294092+133.3864469544067j)
2641,2021-08-09 20:02:05,158525.0,(317.794726107369+134.2814658035215j)
2642,2021-08-09 20:03:05,158585.0,(319.97977348223685+128.98815667438765j)
2643,2021-08-09 20:04:05,158645.0,(315.9273499998881+138.61785426866265j)
2644,2021-08-09 20:05:05,158705.0,(314.62320263066124+141.552959582009j)
2645,2021-08-09 20:06:05,158765.0,(316.55202740569246+137.18532700455148j)
2646,2021-08-09 20:07:05,158825.0,(314.57312660615213+141.66420866693812j)
2647,2021-08-09 20:08:05,158885.0,(313.601925216965+143.80136473696305j)
2648,2021-08-09 20:09:05,158945.0,(312.230421372901+146.755456352739j)
2649,2021-08-09 20:10:05,159005.0,(312.5075111617262+146.16448086831352j)
2650,2021-08-09 20:11:05,159065.0,(325.86950744080764+113.28752852933732j)
2651,2021-08-09 20:12:05,159125.0,(331.00993406974123+97.24928558681314j)
2652,2021-08-09 20:13:05,159185.0,(329.38692790386017+102.61214219602496j)
2653,2021-08-09 20:14:05,159245.0,(329.69486255029005+101.61839207518169j)
2654,2021-08-09 20:15:05,159305.0,(325.9735744709717+112.98773715150638j)
2655,2021-08-09 20:16:05,159365.0,(318.4901789672524+132.62354957324712j)
2656,2021-08-09 20:17:05,159425.0,(315.53932710107176+139.49886398319825j)
2657,2021-08-09 20:18:05,159485.0,(312.10019743253054+147.03219634683919j)
2658,2021-08-09 20:19:05,159545.0,(305.2380324492428+160.79410295939036j)
2659,2021-08-09 20:20:05,159605.0,(307.36544425193483+156.68913070092236j)
2660,2021-08-09 20:21:05,159665.0,(326.1951571853327+112.3464259726854j)
2661,2021-08-09 20:22:05,159725.0,(326.85157013738+110.42214949333918j)
2662,2021-08-09 20:23:05,159785.0,(332.44832654897704+92.21231032126201j)
2663,2021-08-09 20:24:05,159845.0,(331.0675579272539+97.05293446405607j)
2664,2021-08-09 20:25:05,159905.0,(328.75337050199744+104.62419119676103j)
2665,2021-08-09 20:26:05,159965.0,(322.3688478926584+122.89558945853211j)
2666,2021-08-09 20:27:05,160025.0,(322.0962625197498+123.60824273003963j)
2667,2021-08-09 20:28:05,160085.0,(318.0501494439445+133.67536212288545j)
2668,2021-08-09 20:29:05,160145.0,(305.0616069787002+161.12856961933556j)
2669,2021-08-09 20:30:05,160205.0,(306.08661505499094+159.17281201316322j)
2670,2021-08-09 20:31:05,160265.0,(323.8055735971814+119.05860114834347j)
2671,2021-08-09 20:32:05,160325.0,(317.46434361477304+135.06069203599293j)
2672,2021-08-09 20:33:05,160385.0,(317.00888636976543+136.12628681706246j)
2673,2021-08-09 20:34:05,160445.0,(320.4515601840012+127.81157058591931j)
2674,2021-08-09 20:35:05,160505.0,(323.07720513646234+121.02115319733244j)
2675,2021-08-09 20:36:05,160565.0,(329.60977177142564+101.89405455073768j)
2676,2021-08-09 20:37:05,160625.0,(330.51112011803076+98.93128665050625j)
2677,2021-08-09 20:38:05,160685.0,(329.22353505510904+103.13517327186383j)
2678,2021-08-09 20:39:05,160745.0,(322.0886753354967+123.62801147242068j)
2679,2021-08-09 20:40:05,160805.0,(315.9357869605501+138.59862379409793j)
2680,2021-08-09 20:41:05,160865.0,(313.70385211476383+143.57887438045475j)
2681,2021-08-09 20:42:05,160925.0,(309.4852285034899+152.45948097164256j)
2682,2021-08-09 20:43:05,160985.0,(310.4849494927797+150.41308499750284j)
2683,2021-08-09 20:44:05,161045.0,(313.10300990497143+144.88445461279608j)
2684,2021-08-09 20:45:05,161105.0,(316.0544393266001+138.32784022729635j)
2685,2021-08-09 20:46:05,161165.0,(325.74179526425115+113.65422481378636j)
2686,2021-08-09 20:47:05,161225.0,(334.92391331814997+82.77060038236007j)
2687,2021-08-09 20:48:05,161285.0,(336.1742619105263+77.5362213995037j)
2688,2021-08-09 20:49:05,161345.0,(330.2268864813626+99.87594027004339j)
2689,2021-08-09 20:50:05,161405.0,(331.0206893805329+97.21266996660871j)
2690,2021-08-09 20:51:05,161465.0,(318.0152412370101+133.75838792750994j)
2691,2021-08-09 20:52:05,161525.0,(309.9966976191405+151.41680047216414j)
2692,2021-08-09 20:53:05,161585.0,(309.38429432268873+152.6642015223344j)
2693,2021-08-09 20:54:05,161645.0,(308.387648722827+154.6675729272502j)
2694,2021-08-09 20:55:05,161705.0,(297.21278321362774+175.18436429775662j)
2695,2021-08-09 20:56:05,161765.0,(314.9395358663298+140.84775024224126j)
2696,2021-08-09 20:57:05,161825.0,(314.32144350517757+142.22176399138587j)
2697,2021-08-09 20:58:05,161885.0,(319.63403035565074+129.84254556424463j)
2698,2021-08-09 20:59:05,161945.0,(313.7716611942896+143.4306265459923j)
2699,2021-08-09 21:00:05,162005.0,(311.15097590738173+149.0304337774132j)
2700,2021-08-09 21:01:05,162065.0,(325.8809417736599+113.25463252649965j)
2701,2021-08-09 21:02:05,162125.0,(323.78224971847925+119.12201629942444j)
2702,2021-08-09 21:03:05,162185.0,(317.6565372060559+134.60803976827546j)
2703,2021-08-09 21:04:05,162245.0,(317.4828039088442+135.01729230797952j)
2704,2021-08-09 21:05:05,162305.0,(315.97138808065586+138.51744263587742j)
2705,2021-08-09 21:06:05,162365.0,(322.76962375405975+121.83911515462798j)
2706,2021-08-09 21:07:05,162425.0,(323.45325924018147+120.0124538825199j)
2707,2021-08-09 21:08:05,162485.0,(325.84425268493726+113.36014728375554j)
2708,2021-08-09 21:09:05,162545.0,(320.8976644476303+126.68736697893786j)
2709,2021-08-09 21:10:05,162605.0,(320.0323914761447+128.85755083059613j)
2710,2021-08-09 21:11:05,162665.0,(328.61554480717916+105.05628829861072j)
2711,2021-08-09 21:12:05,162725.0,(326.8038455121521+110.56331470460455j)
2712,2021-08-09 21:13:05,162785.0,(326.62627553780175+111.08679547229725j)
2713,2021-08-09 21:14:05,162845.0,(331.4901133614289+95.59971100179648j)
2714,2021-08-09 21:15:05,162905.0,(333.5519979411827+88.13662501732878j)
2715,2021-08-09 21:16:05,162965.0,(317.19729418137103+135.6866852864228j)
2716,2021-08-09 21:17:05,163025.0,(312.63193623493015+145.89815778822762j)
2717,2021-08-09 21:18:05,163085.0,(307.42760085817105+156.56714288313842j)
2718,2021-08-09 21:19:05,163145.0,(309.44705821728587+152.5369403150191j)
2719,2021-08-09 21:20:05,163205.0,(302.75958589103686+165.41352166944475j)
2720,2021-08-09 21:21:05,163265.0,(314.52703960952124+141.76650293518097j)
2721,2021-08-09 21:22:05,163325.0,(316.4347453789478+137.45563617749713j)
2722,2021-08-09 21:23:05,163385.0,(318.8166802226919+131.83673392412985j)
2723,2021-08-09 21:24:05,163445.0,(317.3507455928234+135.32739660423195j)
2724,2021-08-09 21:25:05,163505.0,(317.6900714319316+134.52887613287416j)
2725,2021-08-09 21:26:05,163565.0,(325.9461448288583+113.06684160798393j)
2726,2021-08-09 21:27:05,163625.0,(328.9578523751588+103.97947567055364j)
2727,2021-08-09 21:28:05,163685.0,(327.4663996701802+108.58525262230506j)
2728,2021-08-09 21:29:05,163745.0,(325.5162155082345+114.29870271003368j)
2729,2021-08-09 21:30:05,163805.0,(321.55180746360435+125.01773920883835j)
2730,2021-08-09 21:31:05,163865.0,(311.4741164441161+148.35388362074383j)
2731,2021-08-09 21:32:05,163925.0,(314.7103657340744+141.35906656286724j)
2732,2021-08-09 21:33:05,163985.0,(315.07272878029374+140.5495484835845j)
2733,2021-08-09 21:34:05,164045.0,(314.27196119631776+142.33107322654507j)
2734,2021-08-09 21:35:05,164105.0,(311.1627192111275+149.00591321533858j)
2735,2021-08-09 21:36:05,164165.0,(315.32433818382424+139.98414820590665j)
2736,2021-08-09 21:37:05,164225.0,(318.64233983435895+132.2575489901612j)
2737,2021-08-09 21:38:05,164285.0,(315.48114379248335+139.63039751925956j)
2738,2021-08-09 21:39:05,164345.0,(316.39142302871977+137.55532499275225j)
2739,2021-08-09 21:40:05,164405.0,(319.6891818924676+129.70669597566948j)
2740,2021-08-09 21:41:05,164465.0,(331.55227283913587+95.3839104629454j)
2741,2021-08-09 21:42:05,164525.0,(324.125653599396+118.18443501055606j)
2742,2021-08-09 21:43:05,164585.0,(317.7338168975271+134.42552436099598j)
2743,2021-08-09 21:44:05,164645.0,(311.8879048960727+147.48198120291957j)
2744,2021-08-09 21:45:05,164705.0,(313.15359098903065+144.7750960996914j)
2745,2021-08-09 21:46:05,164765.0,(322.4812027903234+122.60046430134882j)
2746,2021-08-09 21:47:05,164825.0,(323.7445675601654+119.2243891797373j)
2747,2021-08-09 21:48:05,164885.0,(318.40688350656313+132.8234035689416j)
2748,2021-08-09 21:49:05,164945.0,(316.47890377883846+137.35393501077692j)
2749,2021-08-09 21:50:05,165005.0,(314.6199425567181+141.56020537427668j)
2750,2021-08-09 21:51:05,165065.0,(324.77084786248525+116.39972671223269j)
2751,2021-08-09 21:52:05,165125.0,(323.9275631267951+118.72629804190885j)
2752,2021-08-09 21:53:05,165185.0,(322.48779792887177+122.58311542372869j)
2753,2021-08-09 21:54:05,165245.0,(322.54751206610956+122.42590600017182j)
2754,2021-08-09 21:55:05,165305.0,(328.1518277047733+106.49590590260618j)
2755,2021-08-09 21:56:05,165365.0,(330.03700275212435+100.50162592910752j)
2756,2021-08-09 21:57:05,165425.0,(322.6700972621538+122.1024501508148j)
2757,2021-08-09 21:58:05,165485.0,(320.3212809727041+128.137726513334j)
2758,2021-08-09 21:59:05,165545.0,(317.5268677426579+134.913632600774j)
2759,2021-08-09 22:00:05,165605.0,(310.9396446489731+149.47085798098004j)
2760,2021-08-09 22:01:05,165665.0,(322.71262515100915+121.99000601747774j)
2761,2021-08-09 22:02:05,165725.0,(332.4796096096615-92.0994527334831j)
2762,2021-08-09 22:03:05,165785.0,(336.0109504308111-78.24091762360047j)
2763,2021-08-09 22:04:05,165845.0,(338.0238203579763-69.02823241687825j)
2764,2021-08-09 22:05:05,165905.0,(337.97814218808026-69.25153718939247j)
2765,2021-08-09 22:06:05,165965.0,(319.2646988463428+130.74804805638223j)
2766,2021-08-09 22:07:05,166025.0,(319.92038508711687+129.1353832445269j)
2767,2021-08-09 22:08:05,166085.0,(322.31167982528234+123.04544302088019j)
2768,2021-08-09 22:09:05,166145.0,(314.54600176538327+141.7244254650958j)
2769,2021-08-09 22:10:05,166205.0,(316.7860584875073+136.64403809881208j)
2770,2021-08-09 22:11:05,166265.0,(329.80582618933084+101.25767630936873j)
2771,2021-08-09 22:12:05,166325.0,(324.3645944725439+117.52706008686741j)
2772,2021-08-09 22:13:05,166385.0,(317.3598925325657+135.3059444803455j)
2773,2021-08-09 22:14:05,166445.0,(319.38716002784145+130.44861827305795j)
2774,2021-08-09 22:15:05,166505.0,(315.03788854616886+140.62762452794146j)
2775,2021-08-09 22:16:05,166565.0,(322.3530123632306+122.9371197822321j)
2776,2021-08-09 22:17:05,166625.0,(323.31872575185287+120.37442244180512j)
2777,2021-08-09 22:18:05,166685.0,(321.1147005887496+126.13623216902319j)
2778,2021-08-09 22:19:05,166745.0,(317.8548789578864+134.1390171526069j)
2779,2021-08-09 22:20:05,166805.0,(319.3965278551997+130.4256799638884j)
2780,2021-08-09 22:21:05,166865.0,(323.35837394773154+120.2678760013621j)
2781,2021-08-09 22:22:05,166925.0,(319.95825361651765+129.0415279771135j)
2782,2021-08-09 22:23:05,166985.0,(321.1437279686753+126.06230993592605j)
2783,2021-08-09 22:24:05,167045.0,(321.54581312027074+125.03315586205099j)
2784,2021-08-09 22:25:05,167105.0,(323.38180260271037+120.20486573105794j)
2785,2021-08-09 22:26:05,167165.0,(327.5022197112687+108.47716849269193j)
2786,2021-08-09 22:27:05,167225.0,(325.7144634589209+113.73252961957404j)
2787,2021-08-09 22:28:05,167285.0,(322.0861593768411+123.634566112702j)
2788,2021-08-09 22:29:05,167345.0,(317.7826943394239+134.30993700533202j)
2789,2021-08-09 22:30:05,167405.0,(308.1079989911629+155.22390588328062j)
2790,2021-08-09 22:31:05,167465.0,(311.17363417041946+148.98311782606095j)
2791,2021-08-09 22:32:05,167525.0,(308.1210755769123+155.19794710409903j)
2792,2021-08-09 22:33:05,167585.0,(305.29463249196664+160.68661229733812j)
2793,2021-08-09 22:34:05,167645.0,(303.951449792943+163.2131004814506j)
2794,2021-08-09 22:35:05,167705.0,(306.91237884931815+157.57471786125018j)
2795,2021-08-09 22:36:05,167765.0,(324.65267959812826+116.72890657311521j)
2796,2021-08-09 22:37:05,167825.0,(324.29906509395965+117.7077583644499j)
2797,2021-08-09 22:38:05,167885.0,(326.9110660290567+110.24588385851747j)
2798,2021-08-09 22:39:05,167945.0,(326.48735326828034+111.49443105318369j)
2799,2021-08-09 22:40:05,168005.0,(320.77754176795344+126.99121503989517j)
2800,2021-08-09 22:41:05,168065.0,(312.90772836490186+145.30572435219753j)
2801,2021-08-09 22:42:05,168125.0,(310.3921608496065+150.60447032911074j)
2802,2021-08-09 22:43:05,168185.0,(307.80145156237376+155.83089044247833j)
2803,2021-08-09 22:44:05,168245.0,(310.0767595710012+151.2527790618986j)
2804,2021-08-09 22:45:05,168305.0,(305.3333359904717+160.61305654562997j)
2805,2021-08-09 22:46:05,168365.0,(312.309139213213+146.5878629488197j)
2806,2021-08-09 22:47:05,168425.0,(309.1914280696496+153.05443740137264j)
2807,2021-08-09 22:48:05,168485.0,(305.0223444548229+161.20288267671688j)
2808,2021-08-09 22:49:05,168545.0,(304.2393759977013+162.67575754404635j)
2809,2021-08-09 22:50:05,168605.0,(302.6906486658818+165.53963637216233j)
2810,2021-08-09 22:51:05,168665.0,(321.7191382201595+124.58650048411313j)
2811,2021-08-09 22:52:05,168725.0,(321.20541566199705+125.90504735475747j)
2812,2021-08-09 22:53:05,168785.0,(325.3205524169711+114.85442166114782j)
2813,2021-08-09 22:54:05,168845.0,(322.6946410524638+122.03757059209906j)
2814,2021-08-09 22:55:05,168905.0,(327.00987166019075+109.95246171316744j)
2815,2021-08-09 22:56:05,168965.0,(326.5956034775009+111.17693910684439j)
2816,2021-08-09 22:57:05,169025.0,(320.4613232208974+127.78708979983676j)
2817,2021-08-09 22:58:05,169085.0,(313.3862107227382+144.2708665283588j)
2818,2021-08-09 22:59:05,169145.0,(311.4067093577736+148.49532439428233j)
2819,2021-08-09 23:00:05,169205.0,(299.5104930617044+171.22635470608697j)
2820,2021-08-09 23:01:05,169265.0,(311.93988742653585+147.37200084249434j)
2821,2021-08-09 23:02:05,169325.0,(314.203394955504+142.48237293937652j)
2822,2021-08-09 23:03:05,169385.0,(311.0210166498128+149.30146416601835j)
2823,2021-08-09 23:04:05,169445.0,(295.45845844973064+178.12719986152817j)
2824,2021-08-09 23:05:05,169505.0,(296.65198779617725+176.13233132101755j)
2825,2021-08-09 23:06:05,169565.0,(325.37525767508646+114.69935349805193j)
2826,2021-08-09 23:07:05,169625.0,(319.859860446342+129.28522605172876j)
2827,2021-08-09 23:08:05,169685.0,(319.80737337252395+129.4150066127072j)
2828,2021-08-09 23:09:05,169745.0,(317.11338953959597+135.88266326028662j)
2829,2021-08-09 23:10:05,169805.0,(309.4711806371645+152.48799413409407j)
2830,2021-08-09 23:11:05,169865.0,(312.72190653831086+145.70521325966337j)
2831,2021-08-09 23:12:05,169925.0,(318.64307479444483+132.2557782690112j)
2832,2021-08-09 23:13:05,169985.0,(319.88774004365337+129.21622873990734j)
2833,2021-08-09 23:14:05,170045.0,(314.476667794693+141.87820626419784j)
2834,2021-08-09 23:15:05,170105.0,(314.3554710838328+142.1465363618177j)
2835,2021-08-09 23:16:05,170165.0,(319.49406938737934+130.18655701067j)
2836,2021-08-09 23:17:05,170225.0,(321.5138423241564+125.11534355928327j)
2837,2021-08-09 23:18:05,170285.0,(321.08826078498726+126.20352129030323j)
2838,2021-08-09 23:19:05,170345.0,(314.2512725351539+142.37674567862695j)
2839,2021-08-09 23:20:05,170405.0,(314.23253609157047+142.41809316747603j)
2840,2021-08-09 23:21:05,170465.0,(323.7950192474777+119.08730205410467j)
2841,2021-08-09 23:22:05,170525.0,(325.53666408610394+114.24044964762321j)
2842,2021-08-09 23:23:05,170585.0,(326.0412492720954+112.79230369618026j)
2843,2021-08-09 23:24:05,170645.0,(321.5104404660913+125.12408509675484j)
2844,2021-08-09 23:25:05,170705.0,(317.0238613536034+136.09140800377963j)
2845,2021-08-09 23:26:05,170765.0,(317.1492177251495+135.79901949692308j)
2846,2021-08-09 23:27:05,170825.0,(316.93839499724737+136.29032899134407j)
2847,2021-08-09 23:28:05,170885.0,(309.4725805670761+152.48515297285374j)
2848,2021-08-09 23:29:05,170945.0,(310.8156229252202+149.7285829279343j)
2849,2021-08-09 23:30:05,171005.0,(309.229729097813+152.9770395912183j)
2850,2021-08-09 23:31:05,171065.0,(314.73245968490784+141.30986809380258j)
2851,2021-08-09 23:32:05,171125.0,(309.2865969205687+152.8620324517952j)
2852,2021-08-09 23:33:05,171185.0,(305.31965466117737+160.63906273873545j)
2853,2021-08-09 23:34:05,171245.0,(299.1241539613928+171.90037962983376j)
2854,2021-08-09 23:35:05,171305.0,(298.3224607018922+173.28793795520787j)
2855,2021-08-09 23:36:05,171365.0,(325.07629200588167+115.54394997448699j)
2856,2021-08-09 23:37:05,171425.0,(321.65957023898864+124.74021353865461j)
2857,2021-08-09 23:38:05,171485.0,(319.5312504466864+130.09527273493444j)
2858,2021-08-09 23:39:05,171545.0,(316.43662338398275+137.4513127668974j)
2859,2021-08-09 23:40:05,171605.0,(317.26150688263516+135.5364757198579j)
2860,2021-08-09 23:41:05,171665.0,(321.56253707192445+124.99013861848155j)
2861,2021-08-09 23:42:05,171725.0,(323.1954205244303+120.70509579979071j)
2862,2021-08-09 23:43:05,171785.0,(321.4282080146407+125.33517899016573j)
2863,2021-08-09 23:44:05,171845.0,(318.52663863960606+132.5359591844938j)
2864,2021-08-09 23:45:05,171905.0,(316.53489234425723+137.22485900378794j)
2865,2021-08-09 23:46:05,171965.0,(320.6211632013292+127.38551608180042j)
2866,2021-08-09 23:47:05,172025.0,(320.26688514347387+128.27362269966844j)
2867,2021-08-09 23:48:05,172085.0,(312.8600844689946+145.40827880851063j)
2868,2021-08-09 23:49:05,172145.0,(309.82694361065114+151.76384619823784j)
2869,2021-08-09 23:50:05,172205.0,(310.00729768311595+151.3950969589568j)
2870,2021-08-09 23:51:05,172265.0,(323.86798947958937+118.88871010507509j)
2871,2021-08-09 23:52:05,172325.0,(327.23001110491094+109.29556181419193j)
2872,2021-08-09 23:53:05,172385.0,(327.4625594440046+108.59683311396212j)
2873,2021-08-09 23:54:05,172445.0,(325.16859973551647+115.28391798530915j)
2874,2021-08-09 23:55:05,172505.0,(322.70782418712383+122.00270574217755j)
2875,2021-08-09 23:56:05,172565.0,(317.1578641648364+135.77882455817326j)
2876,2021-08-09 23:57:05,172625.0,(317.2627788476652+135.53349828679802j)
2877,2021-08-09 23:58:05,172685.0,(317.67821166949267+134.55687953602754j)
2878,2021-08-09 23:59:05,172745.0,(320.3351645008097+128.1030147351701j)
2879,2021-08-10 00:00:05,172805.0,(311.8653172741786+147.52973897311654j)
2880,2021-08-10 00:01:05,172865.0,(315.20942311116954+140.2427166804882j)
2881,2021-08-10 00:02:05,172925.0,(315.2905881934338+140.06014778172462j)
2882,2021-08-10 00:03:05,172985.0,(314.46847006188966+141.8963753481195j)
2883,2021-08-10 00:04:05,173045.0,(312.54116363246357+146.092508484404j)
2884,2021-08-10 00:05:05,173105.0,(311.59160602333867+148.10695816131158j)
2885,2021-08-10 00:06:05,173165.0,(316.92216149684907+136.3280732357247j)
2886,2021-08-10 00:07:05,173225.0,(320.19405514695865+128.45531148436962j)
2887,2021-08-10 00:08:05,173285.0,(324.0110124074316+118.49837061627127j)
2888,2021-08-10 00:09:05,173345.0,(319.178445423989+130.95846660955405j)
2889,2021-08-10 00:10:05,173405.0,(316.54113795538245+137.21045143104638j)
2890,2021-08-10 00:11:05,173465.0,(317.4792965246484+135.02553935539134j)
2891,2021-08-10 00:12:05,173525.0,(316.5753940029662+137.13139652124408j)
2892,2021-08-10 00:13:05,173585.0,(314.94475080922325+140.83608890379006j)
2893,2021-08-10 00:14:05,173645.0,(315.4267261074799+139.75328424447432j)
2894,2021-08-10 00:15:05,173705.0,(319.14009065564227+131.05190779347097j)
2895,2021-08-10 00:16:05,173765.0,(323.55244666385727+119.74478801948672j)
2896,2021-08-10 00:17:05,173825.0,(318.53971287312214+132.50453321569384j)
2897,2021-08-10 00:18:05,173885.0,(320.1376327831767+128.59586337042074j)
2898,2021-08-10 00:19:05,173945.0,(319.5577594530955+130.03014409481187j)
2899,2021-08-10 00:20:05,174005.0,(319.8825609376013+129.2290493968048j)
2900,2021-08-10 00:21:05,174065.0,(324.62192487429445+116.81440789092727j)
2901,2021-08-10 00:22:05,174125.0,(323.37375196942+120.22652177127983j)
2902,2021-08-10 00:23:05,174185.0,(322.8660815768968+121.58327749810249j)
2903,2021-08-10 00:24:05,174245.0,(320.15519284065965+128.55213921658415j)
2904,2021-08-10 00:25:05,174305.0,(317.097284238653+135.9202425265307j)
2905,2021-08-10 00:26:05,174365.0,(321.8451181376855+124.26069342692105j)
2906,2021-08-10 00:27:05,174425.0,(321.73063080079027+124.55681918114952j)
2907,2021-08-10 00:28:05,174485.0,(319.8376854152217+129.3400749506266j)
2908,2021-08-10 00:29:05,174545.0,(318.1406283183865+133.45988390966866j)
2909,2021-08-10 00:30:05,174605.0,(318.1990842860603+133.3204513925477j)
2910,2021-08-10 00:31:05,174665.0,(320.8246201546981+126.87223140858558j)
2911,2021-08-10 00:32:05,174725.0,(321.8116815622155+124.34726217371734j)
2912,2021-08-10 00:33:05,174785.0,(322.8908933421258+121.51736911538161j)
2913,2021-08-10 00:34:05,174845.0,(322.7283276815151+121.94845842360048j)
2914,2021-08-10 00:35:05,174905.0,(320.34957904724143+128.066963750435j)
2915,2021-08-10 00:36:05,174965.0,(316.2247859104239+137.9379743794527j)
2916,2021-08-10 00:37:05,175025.0,(316.54996534374095+137.19008506767676j)
2917,2021-08-10 00:38:05,175085.0,(313.8338028270533+143.2946063294436j)
2918,2021-08-10 00:39:05,175145.0,(314.48035050742544+141.87004315473663j)
2919,2021-08-10 00:40:05,175205.0,(314.9145273137752+140.90365675432827j)
2920,2021-08-10 00:41:05,175265.0,(324.6650875611236+116.69439112025897j)
2921,2021-08-10 00:42:05,175325.0,(323.00507008600806+121.21354997991358j)
2922,2021-08-10 00:43:05,175385.0,(319.611553179687+129.89786400887473j)
2923,2021-08-10 00:44:05,175445.0,(318.2442979906043+133.21248738938647j)
2924,2021-08-10 00:45:05,175505.0,(317.826649549038+134.20588972333886j)
2925,2021-08-10 00:46:05,175565.0,(323.85390432981035+118.92707282338218j)
2926,2021-08-10 00:47:05,175625.0,(320.33681982795474+128.09887533664164j)
2927,2021-08-10 00:48:05,175685.0,(318.7553235069129+131.9850133007658j)
2928,2021-08-10 00:49:05,175745.0,(319.04993056255955+131.27125278607625j)
2929,2021-08-10 00:50:05,175805.0,(321.9023350037582+124.11239550958724j)
2930,2021-08-10 00:51:05,175865.0,(320.8607711226602+126.78077754364756j)
2931,2021-08-10 00:52:05,175925.0,(322.01830687647754+123.81118704061737j)
2932,2021-08-10 00:53:05,175985.0,(322.29740940633224+123.08281720031871j)
2933,2021-08-10 00:54:05,176045.0,(322.8379342645097+121.6579968593273j)
2934,2021-08-10 00:55:05,176105.0,(323.57521261817647+119.68325605155424j)
2935,2021-08-10 00:56:05,176165.0,(322.12813120867224+123.5251678161517j)
2936,2021-08-10 00:57:05,176225.0,(321.2723425116482+125.73417171587921j)
2937,2021-08-10 00:58:05,176285.0,(318.73019879024656+132.0456753518642j)
2938,2021-08-10 00:59:05,176345.0,(315.6309474740574+139.29143906439057j)
2939,2021-08-10 01:00:05,176405.0,(316.9645858258636+136.2294070024485j)
2940,2021-08-10 01:01:05,176465.0,(322.83530781415226+121.66496631545817j)
2941,2021-08-10 01:02:05,176525.0,(323.3161989408909+120.38120909184401j)
2942,2021-08-10 01:03:05,176585.0,(323.9271044059054+118.72754958814595j)
2943,2021-08-10 01:04:05,176645.0,(324.7184619147596+116.54578710409405j)
2944,2021-08-10 01:05:05,176705.0,(323.6483177698964+119.48542339848899j)
2945,2021-08-10 01:06:05,176765.0,(324.90558588749207+116.02310226461596j)
2946,2021-08-10 01:07:05,176825.0,(323.07930177871197+121.01555586857408j)
2947,2021-08-10 01:08:05,176885.0,(317.8575362263128+134.1327203337733j)
2948,2021-08-10 01:09:05,176945.0,(318.39654725448315+132.848179123478j)
2949,2021-08-10 01:10:05,177005.0,(319.99208511058373+128.95761112311646j)
2950,2021-08-10 01:11:05,177065.0,(322.2113366217369+123.30796629753388j)
2951,2021-08-10 01:12:05,177125.0,(320.1447300663616+128.57819337172413j)
2952,2021-08-10 01:13:05,177185.0,(322.20888283586214+123.31437800056274j)
2953,2021-08-10 01:14:05,177245.0,(322.3018074794117+123.0713000479976j)
2954,2021-08-10 01:15:05,177305.0,(318.6492867954251+132.24081073846656j)
2955,2021-08-10 01:16:05,177365.0,(323.9683241265408+118.61502840129745j)
2956,2021-08-10 01:17:05,177425.0,(325.34733006169506+114.77854687059965j)
2957,2021-08-10 01:18:05,177485.0,(326.8044201280072+110.56161623636373j)
2958,2021-08-10 01:19:05,177545.0,(322.918385470599+121.44429309383631j)
2959,2021-08-10 01:20:05,177605.0,(325.14171749320013+115.3597137027135j)
2960,2021-08-10 01:21:05,177665.0,(325.45424858078263+114.47502819706203j)
2961,2021-08-10 01:22:05,177725.0,(324.60335290689727+116.86600567145393j)
2962,2021-08-10 01:23:05,177785.0,(325.4503469371364+114.48612002551914j)
2963,2021-08-10 01:24:05,177845.0,(320.954482418419+126.54335310684948j)
2964,2021-08-10 01:25:05,177905.0,(318.6472605726835+132.24569304716266j)
2965,2021-08-10 01:26:05,177965.0,(319.76934950296794+129.50893065132126j)
2966,2021-08-10 01:27:05,178025.0,(321.43428182419365+125.31960129271427j)
2967,2021-08-10 01:28:05,178085.0,(320.5347096944891+127.60289918755606j)
2968,2021-08-10 01:29:05,178145.0,(318.99266623926223+131.41034542822973j)
2969,2021-08-10 01:30:05,178205.0,(319.2221953242727+130.85178643164127j)
2970,2021-08-10 01:31:05,178265.0,(323.3696118814139+120.23765679546372j)
2971,2021-08-10 01:32:05,178325.0,(322.1910418735514+123.36098466061081j)
2972,2021-08-10 01:33:05,178385.0,(319.4696907100411+130.24636930690488j)
2973,2021-08-10 01:34:05,178445.0,(318.3877935582292+132.86915711752835j)
2974,2021-08-10 01:35:05,178505.0,(320.26262377971494+128.28426173826918j)
2975,2021-08-10 01:36:05,178565.0,(327.088907131233+109.71712187118126j)
2976,2021-08-10 01:37:05,178625.0,(327.5946404131087+108.19774291826047j)
2977,2021-08-10 01:38:05,178685.0,(329.0190735457597+103.7855926566398j)
2978,2021-08-10 01:39:05,178745.0,(324.7787484211537+116.37768073814227j)
2979,2021-08-10 01:40:05,178805.0,(323.54625776588904+119.76150919927859j)
2980,2021-08-10 01:41:05,178865.0,(318.82294702512274+131.82157809029508j)
2981,2021-08-10 01:42:05,178925.0,(319.33653630457854+130.57249549960585j)
2982,2021-08-10 01:43:05,178985.0,(316.8057130000104+136.5984634267714j)
2983,2021-08-10 01:44:05,179045.0,(314.9372524759255+140.85285585644033j)
2984,2021-08-10 01:45:05,179105.0,(317.26028929261264+135.53932579870587j)
2985,2021-08-10 01:46:05,179165.0,(322.69938585424944+122.02502353734756j)
2986,2021-08-10 01:47:05,179225.0,(322.5470590447339+122.42709953924803j)
2987,2021-08-10 01:48:05,179285.0,(320.8718360375237+126.75277053346214j)
2988,2021-08-10 01:49:05,179345.0,(322.79765691333967+121.76482534483368j)
2989,2021-08-10 01:50:05,179405.0,(326.5324046356647+111.36242060430668j)
2990,2021-08-10 01:51:05,179465.0,(326.9505592823491+110.12870554473582j)
2991,2021-08-10 01:52:05,179525.0,(321.4698659611028+125.22829264567412j)
2992,2021-08-10 01:53:05,179585.0,(319.6407990538237+129.82588178107284j)
2993,2021-08-10 01:54:05,179645.0,(322.37057316528376+122.89106378043293j)
2994,2021-08-10 01:55:05,179705.0,(321.3535231104225+125.52654374481587j)
2995,2021-08-10 01:56:05,179765.0,(323.22158855839217+120.63500607116264j)
2996,2021-08-10 01:57:05,179825.0,(321.4236185381399+125.34694829092692j)
2997,2021-08-10 01:58:05,179885.0,(319.9340915052167+129.10142173009416j)
2998,2021-08-10 01:59:05,179945.0,(318.6996008998028+132.1195079702706j)
2999,2021-08-10 02:00:05,180005.0,(320.7425043766771+127.07968321560003j)
3000,2021-08-10 02:01:05,180065.0,(325.8269333678904+113.40991796168585j)
3001,2021-08-10 02:02:05,180125.0,(323.5960062847685+119.62702335404012j)
3002,2021-08-10 02:03:05,180185.0,(325.2542250539684+115.04211874153945j)
3003,2021-08-10 02:04:05,180245.0,(323.62649871930836+119.54450772277875j)
3004,2021-08-10 02:05:05,180305.0,(323.148038656803+120.83188781220525j)
3005,2021-08-10 02:06:05,180365.0,(322.05203301836355+123.72343362814858j)
3006,2021-08-10 02:07:05,180425.0,(320.2433018773048+128.33248849267045j)
3007,2021-08-10 02:08:05,180485.0,(323.98311965057326+118.5746101890381j)
3008,2021-08-10 02:09:05,180545.0,(324.39995941723646+117.42940998785335j)
3009,2021-08-10 02:10:05,180605.0,(323.9551796707133+118.6509231507108j)
3010,2021-08-10 02:11:05,180665.0,(323.108596720333+120.93731734008821j)
3011,2021-08-10 02:12:05,180725.0,(318.5589035413182+132.45838959670732j)
3012,2021-08-10 02:13:05,180785.0,(320.6606218972228+127.28615621695187j)
3013,2021-08-10 02:14:05,180845.0,(320.90215186855676+126.67599980315822j)
3014,2021-08-10 02:15:05,180905.0,(321.526676342076+125.08235847000127j)
3015,2021-08-10 02:16:05,180965.0,(320.2313265921931+128.36236780693997j)
3016,2021-08-10 02:17:05,181025.0,(316.3709080739351+137.6025018830461j)
3017,2021-08-10 02:18:05,181085.0,(316.84051650568927+136.51771716670342j)
3018,2021-08-10 02:19:05,181145.0,(319.93803804984736+129.09164112681518j)
3019,2021-08-10 02:20:05,181205.0,(319.5996212098339+129.92721855920203j)
3020,2021-08-10 02:21:05,181265.0,(322.3999150767617+122.81406580069263j)
3021,2021-08-10 02:22:05,181325.0,(323.4768683852358+119.94880416111215j)
3022,2021-08-10 02:23:05,181385.0,(323.2386137271618+120.5893801117772j)
3023,2021-08-10 02:24:05,181445.0,(322.80072156655143+121.75670066207327j)
3024,2021-08-10 02:25:05,181505.0,(321.9822728227182+123.90486668374523j)
3025,2021-08-10 02:26:05,181565.0,(323.53836230511996+119.78283732205091j)
3026,2021-08-10 02:27:05,181625.0,(322.3614670117087+122.91494858665087j)
3027,2021-08-10 02:28:05,181685.0,(321.8171840316396+124.33302080278513j)
3028,2021-08-10 02:29:05,181745.0,(320.7765375014435+126.99375176986081j)
3029,2021-08-10 02:30:05,181805.0,(318.96486269946826+131.4778170000908j)
3030,2021-08-10 02:31:05,181865.0,(319.04469351491633+131.28398051541978j)
3031,2021-08-10 02:32:05,181925.0,(320.7520560769088+127.055572575293j)
3032,2021-08-10 02:33:05,181985.0,(320.7426700249856+127.07926512709774j)
3033,2021-08-10 02:34:05,182045.0,(321.1017045670019+126.16931213320386j)
3034,2021-08-10 02:35:05,182105.0,(320.33754602937245+128.09705931003919j)
3035,2021-08-10 02:36:05,182165.0,(321.8530913717852+124.24004014175658j)
3036,2021-08-10 02:37:05,182225.0,(323.75456368156114+119.19724197883939j)
3037,2021-08-10 02:38:05,182285.0,(323.2999585187393+120.42481813057253j)
3038,2021-08-10 02:39:05,182345.0,(322.6275686240393+122.21477800880228j)
3039,2021-08-10 02:40:05,182405.0,(321.0377195454322+126.33203326578906j)
3040,2021-08-10 02:41:05,182465.0,(324.22813338699024+117.90300047237162j)
3041,2021-08-10 02:42:05,182525.0,(325.6299359492378+113.97431646513743j)
3042,2021-08-10 02:43:05,182585.0,(321.3442080673886+125.55038805811341j)
3043,2021-08-10 02:44:05,182645.0,(319.31929756768903+130.61464772711238j)
3044,2021-08-10 02:45:05,182705.0,(319.25742798047816+130.76580087809586j)
3045,2021-08-10 02:46:05,182765.0,(320.425534324114+127.87680381173921j)
3046,2021-08-10 02:47:05,182825.0,(322.7416554482814+121.91318156172794j)
3047,2021-08-10 02:48:05,182885.0,(321.9698413654966+123.93716654449108j)
3048,2021-08-10 02:49:05,182945.0,(320.9094330909358+126.65755308411025j)
3049,2021-08-10 02:50:05,183005.0,(317.12971644876325+135.84455434476212j)
3050,2021-08-10 02:51:05,183065.0,(320.0414489617447+128.83505325208253j)
3051,2021-08-10 02:52:05,183125.0,(320.51343127610784+127.65633698181885j)
3052,2021-08-10 02:53:05,183185.0,(320.64277402561527+127.33110957326271j)
3053,2021-08-10 02:54:05,183245.0,(321.62940782555836+124.81796353802869j)
3054,2021-08-10 02:55:05,183305.0,(322.5873830514367+122.32080892483359j)
3055,2021-08-10 02:56:05,183365.0,(322.5947961952452+122.30125701622296j)
3056,2021-08-10 02:57:05,183425.0,(321.90766630449434+124.098567173011j)
3057,2021-08-10 02:58:05,183485.0,(323.9291710055814+118.72191108484057j)
3058,2021-08-10 02:59:05,183545.0,(322.53954144264895+122.44690361934728j)
3059,2021-08-10 03:00:05,183605.0,(326.31676270475606+111.99272466498859j)
3060,2021-08-10 03:01:05,183665.0,(323.85577934996786+118.92196677496106j)
3061,2021-08-10 03:02:05,183725.0,(325.9354630175944+113.09763015866599j)
3062,2021-08-10 03:03:05,183785.0,(321.493640150246+125.16724548756406j)
3063,2021-08-10 03:04:05,183845.0,(323.17090532595955+120.77071644566696j)
3064,2021-08-10 03:05:05,183905.0,(319.7981587083555+129.43777534686495j)
3065,2021-08-10 03:06:05,183965.0,(317.24194063049094+135.58226692676314j)
3066,2021-08-10 03:07:05,184025.0,(320.1011734387093+128.68659123296945j)
3067,2021-08-10 03:08:05,184085.0,(319.6275334683075+129.85853783623924j)
3068,2021-08-10 03:09:05,184145.0,(321.8066936566088+124.36017014221856j)
3069,2021-08-10 03:10:05,184205.0,(321.67419935853974+124.70248380462375j)
3070,2021-08-10 03:11:05,184265.0,(321.7116195032983+124.60591429207922j)
3071,2021-08-10 03:12:05,184325.0,(322.4984951889104+122.55496971109878j)
3072,2021-08-10 03:13:05,184385.0,(324.1698540220951+118.06314303496058j)
3073,2021-08-10 03:14:05,184445.0,(322.3398105516546+122.97173062750414j)
3074,2021-08-10 03:15:05,184505.0,(323.3066885962466+120.40674860210135j)
3075,2021-08-10 03:16:05,184565.0,(324.82767003450704+116.2410632261828j)
3076,2021-08-10 03:17:05,184625.0,(324.6794202473376+116.65450727619904j)
3077,2021-08-10 03:18:05,184685.0,(323.21680288611304+120.64782771388603j)
3078,2021-08-10 03:19:05,184745.0,(327.1836119986444+109.43438234631994j)
3079,2021-08-10 03:20:05,184805.0,(324.00571204175264+118.5128624425081j)
3080,2021-08-10 03:21:05,184865.0,(324.0631905723244+118.35560196325883j)
3081,2021-08-10 03:22:05,184925.0,(326.19156616563214+112.3568518712234j)
3082,2021-08-10 03:23:05,184985.0,(322.0121702818761+123.82714641933742j)
3083,2021-08-10 03:24:05,185045.0,(325.50167609096616+114.3401017227628j)
3084,2021-08-10 03:25:05,185105.0,(324.17072554080966+118.06075004990045j)
3085,2021-08-10 03:26:05,185165.0,(320.98973562465756+126.45390315689126j)
3086,2021-08-10 03:27:05,185225.0,(319.9381246326717+129.09142654153692j)
3087,2021-08-10 03:28:05,185285.0,(320.80775601176543+126.91486785517115j)
3088,2021-08-10 03:29:05,185345.0,(319.2349177557333+130.82074485910175j)
3089,2021-08-10 03:30:05,185405.0,(319.80512793262807+129.42055535344986j)
3090,2021-08-10 03:31:05,185465.0,(323.12503547128705+120.89338878400042j)
3091,2021-08-10 03:32:05,185525.0,(323.2887015770505+120.45503489943789j)
3092,2021-08-10 03:33:05,185585.0,(324.3145140306589+117.66518596873729j)
3093,2021-08-10 03:34:05,185645.0,(323.02218783016446+121.16792549769086j)
3094,2021-08-10 03:35:05,185705.0,(320.32725652399984+128.1227876991739j)
3095,2021-08-10 03:36:05,185765.0,(321.307767418371+125.64361741299089j)
3096,2021-08-10 03:37:05,185825.0,(318.5115048445807+132.57232471990767j)
3097,2021-08-10 03:38:05,185885.0,(320.4818827676257+127.7355190137725j)
3098,2021-08-10 03:39:05,185945.0,(318.6904628555579+132.14154867001636j)
3099,2021-08-10 03:40:05,186005.0,(318.49455466193825+132.61304102799852j)
3100,2021-08-10 03:41:05,186065.0,(325.5695885023748+114.14658576757479j)
3101,2021-08-10 03:42:05,186125.0,(320.6634410538351+127.27905393863371j)
3102,2021-08-10 03:43:05,186185.0,(321.47622331997206+125.21197163181904j)
3103,2021-08-10 03:44:05,186245.0,(320.9675425599696+126.51022339326605j)
3104,2021-08-10 03:45:05,186305.0,(321.97524573854844+123.92312589505377j)
3105,2021-08-10 03:46:05,186365.0,(325.3121764391109+114.8781435280393j)
3106,2021-08-10 03:47:05,186425.0,(325.5000165019961+114.34482610595144j)
3107,2021-08-10 03:48:05,186485.0,(325.11399450551204+115.43782125746256j)
3108,2021-08-10 03:49:05,186545.0,(325.56419434910197+114.16196984031139j)
3109,2021-08-10 03:50:05,186605.0,(326.3474042336551+111.90340365670437j)
3110,2021-08-10 03:51:05,186665.0,(322.23273062463113+123.25204791075048j)
3111,2021-08-10 03:52:05,186725.0,(322.10657293068067+123.58137268557958j)
3112,2021-08-10 03:53:05,186785.0,(322.75043741983615+121.88993045081466j)
3113,2021-08-10 03:54:05,186845.0,(324.31591162860013+117.66133376989244j)
3114,2021-08-10 03:55:05,186905.0,(325.4405219417857+114.51404576844767j)
3115,2021-08-10 03:56:05,186965.0,(322.9226512228991+121.43294992370838j)
3116,2021-08-10 03:57:05,187025.0,(321.3799895347355+125.4587674363705j)
3117,2021-08-10 03:58:05,187085.0,(321.9235423874427+124.05737727648592j)
3118,2021-08-10 03:59:05,187145.0,(322.62972329725363+122.20908986297849j)
3119,2021-08-10 04:00:05,187205.0,(322.4968510278859+122.55929616760038j)
3120,2021-08-10 04:01:05,187265.0,(323.2687992309827+120.50843723058807j)
3121,2021-08-10 04:02:05,187325.0,(324.67745713990786+116.65997096332268j)
3122,2021-08-10 04:03:05,187385.0,(325.0935014490045+115.49552076001082j)
3123,2021-08-10 04:04:05,187445.0,(324.65700543217605+116.71687463178587j)
3124,2021-08-10 04:05:05,187505.0,(326.0016455100581+112.9067186873059j)
3125,2021-08-10 04:06:05,187565.0,(326.48675153455673+111.49619308484324j)
3126,2021-08-10 04:07:05,187625.0,(325.0096162215408+115.73136724124001j)
3127,2021-08-10 04:08:05,187685.0,(326.48054745349987+111.5143584228642j)
3128,2021-08-10 04:09:05,187745.0,(322.8720249230933+121.5674936899721j)
3129,2021-08-10 04:10:05,187805.0,(324.67513372964703+116.66643706583243j)
3130,2021-08-10 04:11:05,187865.0,(326.33000302714186+111.95413848672843j)
3131,2021-08-10 04:12:05,187925.0,(326.6002569768859+111.16326795588601j)
3132,2021-08-10 04:13:05,187985.0,(327.68163644898925+107.93398507473184j)
3133,2021-08-10 04:14:05,188045.0,(327.9267078016416+107.18709955202989j)
3134,2021-08-10 04:15:05,188105.0,(323.7029960571954+119.33721273599171j)
3135,2021-08-10 04:16:05,188165.0,(318.53906089757214+132.5061005482118j)
3136,2021-08-10 04:17:05,188225.0,(319.3385497506163+130.5675711774296j)
3137,2021-08-10 04:18:05,188285.0,(319.20364305847085+130.89703685798364j)
3138,2021-08-10 04:19:05,188345.0,(320.2193590681374+128.3922196941516j)
3139,2021-08-10 04:20:05,188405.0,(320.7187732995441+127.1395628954089j)
3140,2021-08-10 04:21:05,188465.0,(322.035584737514+123.76623999608073j)
3141,2021-08-10 04:22:05,188525.0,(322.18942074861116+123.36521858965922j)
3142,2021-08-10 04:23:05,188585.0,(323.2933046881995+120.44267990950304j)
3143,2021-08-10 04:24:05,188645.0,(323.56657365840766+119.7066097212607j)
3144,2021-08-10 04:25:05,188705.0,(321.8814018982459+124.1666747240172j)
3145,2021-08-10 04:26:05,188765.0,(320.1469914501382+128.57256264625485j)
3146,2021-08-10 04:27:05,188825.0,(322.48138574675886+122.5999830621935j)
3147,2021-08-10 04:28:05,188885.0,(324.18795645858273+118.01342672428453j)
3148,2021-08-10 04:29:05,188945.0,(324.35176351162664+117.56246640360102j)
3149,2021-08-10 04:30:05,189005.0,(326.28990112287886+112.07096156106607j)
3150,2021-08-10 04:31:05,189065.0,(325.8843777809725+113.24474521278422j)
3151,2021-08-10 04:32:05,189125.0,(324.6576483892606+116.71508618150119j)
3152,2021-08-10 04:33:05,189185.0,(327.0105439509859+109.95046223131736j)
3153,2021-08-10 04:34:05,189245.0,(327.91811639818985+107.2133804049811j)
3154,2021-08-10 04:35:05,189305.0,(328.75635742464664+104.61480513234251j)
3155,2021-08-10 04:36:05,189365.0,(324.63100817686285+116.7891627252872j)
3156,2021-08-10 04:37:05,189425.0,(322.9639689848838+121.32301816856928j)
3157,2021-08-10 04:38:05,189485.0,(320.6179812963684+127.39352444077204j)
3158,2021-08-10 04:39:05,189545.0,(324.4488532720484+117.29425224815081j)
3159,2021-08-10 04:40:05,189605.0,(325.5922605410372+114.08189986048343j)
3160,2021-08-10 04:41:05,189665.0,(322.79839741175664+121.76286227089784j)
3161,2021-08-10 04:42:05,189725.0,(321.54054919881156+125.04669216307428j)
3162,2021-08-10 04:43:05,189785.0,(319.18082601073434+130.9526643757405j)
3163,2021-08-10 04:44:05,189845.0,(322.4792990127195+122.60547177130827j)
3164,2021-08-10 04:45:05,189905.0,(323.1730758929955+120.76490805635623j)
3165,2021-08-10 04:46:05,189965.0,(321.7646971121271+124.46879003324922j)
3166,2021-08-10 04:47:05,190025.0,(322.51517596311726+122.51106592255057j)
3167,2021-08-10 04:48:05,190085.0,(319.8232733515326+129.37570800853948j)
3168,2021-08-10 04:49:05,190145.0,(322.85997920375013+121.59948120182933j)
3169,2021-08-10 04:50:05,190205.0,(325.5935510397965+114.07821668178106j)
3170,2021-08-10 04:51:05,190265.0,(324.9266196119588+115.96418355486068j)
3171,2021-08-10 04:52:05,190325.0,(322.8100401009688+121.73199254925106j)
3172,2021-08-10 04:53:05,190385.0,(325.77871977442624+113.54834099244196j)
3173,2021-08-10 04:54:05,190445.0,(326.67025929696973+110.95738682417938j)
3174,2021-08-10 04:55:05,190505.0,(325.7313873634637+113.68405027211676j)
3175,2021-08-10 04:56:05,190565.0,(324.32929656852144+117.62443363250702j)
3176,2021-08-10 04:57:05,190625.0,(324.85212379398166+116.1727062030477j)
3177,2021-08-10 04:58:05,190685.0,(326.40064752319864+111.74800801999396j)
3178,2021-08-10 04:59:05,190745.0,(325.3876001312122+114.66433482495917j)
3179,2021-08-10 05:00:05,190805.0,(325.23248457409454+115.1035663120885j)
3180,2021-08-10 05:01:05,190865.0,(324.2023862313642+117.97377997626998j)
3181,2021-08-10 05:02:05,190925.0,(326.47261540790726+111.53757837034412j)
3182,2021-08-10 05:03:05,190985.0,(327.22030262409413+109.32462463048424j)
3183,2021-08-10 05:04:05,191045.0,(322.99463418449943+121.24135551873952j)
3184,2021-08-10 05:05:05,191105.0,(324.31955096371047+117.65130200170847j)
3185,2021-08-10 05:06:05,191165.0,(323.3196696794373+120.3718870765909j)
3186,2021-08-10 05:07:05,191225.0,(321.08713020288195+126.20639769075711j)
3187,2021-08-10 05:08:05,191285.0,(323.2834912326658+120.46901799391777j)
3188,2021-08-10 05:09:05,191345.0,(323.37883032697323+120.21286160955769j)
3189,2021-08-10 05:10:05,191405.0,(321.85253296031254+124.24148673865317j)
3190,2021-08-10 05:11:05,191465.0,(321.46832053893473+125.23225978108331j)
3191,2021-08-10 05:12:05,191525.0,(321.1358946146735+126.08226358228713j)
3192,2021-08-10 05:13:05,191585.0,(320.78410991837103+126.97462275540911j)
3193,2021-08-10 05:14:05,191645.0,(321.96472911741824+123.95044656776149j)
3194,2021-08-10 05:15:05,191705.0,(320.76365208302366+127.02629453133291j)
3195,2021-08-10 05:16:05,191765.0,(317.9237465701208+133.97571185411778j)
3196,2021-08-10 05:17:05,191825.0,(317.11433375438133+135.88045969717226j)
3197,2021-08-10 05:18:05,191885.0,(316.38129936394853+137.57860812197364j)
3198,2021-08-10 05:19:05,191945.0,(318.463956000623+132.6865054496246j)
3199,2021-08-10 05:20:05,192005.0,(318.2277342298187+133.25205126734778j)
3200,2021-08-10 05:21:05,192065.0,(322.1303961261802+123.51926121698686j)
3201,2021-08-10 05:22:05,192125.0,(323.9744398505467+118.59832344314364j)
3202,2021-08-10 05:23:05,192185.0,(325.59453208231974+114.07541662468408j)
3203,2021-08-10 05:24:05,192245.0,(322.8491527832489+121.62822265879912j)
3204,2021-08-10 05:25:05,192305.0,(325.6497605006056+113.91766099204371j)
3205,2021-08-10 05:26:05,192365.0,(326.74818413965227+110.72770277324413j)
3206,2021-08-10 05:27:05,192425.0,(327.68017474298733+107.93842263256064j)
3207,2021-08-10 05:28:05,192485.0,(326.1288151330333+112.53886413112483j)
3208,2021-08-10 05:29:05,192545.0,(327.9932709104664+106.98324278808059j)
3209,2021-08-10 05:30:05,192605.0,(329.3956949092851+102.58399570707499j)
3210,2021-08-10 05:31:05,192665.0,(323.525209572413+119.8183574045573j)
3211,2021-08-10 05:32:05,192725.0,(323.2876615335329+120.45782623051049j)
3212,2021-08-10 05:33:05,192785.0,(325.53661797116916+114.24058105547729j)
3213,2021-08-10 05:34:05,192845.0,(325.362323952221+114.73603685159259j)
3214,2021-08-10 05:35:05,192905.0,(323.80642890245+119.05627493518587j)
3215,2021-08-10 05:36:05,192965.0,(321.27010163346614+125.7398973930802j)
3216,2021-08-10 05:37:05,193025.0,(321.42151245619505+125.3523487229978j)
3217,2021-08-10 05:38:05,193085.0,(321.274108742223+125.72965860086576j)
3218,2021-08-10 05:39:05,193145.0,(323.07398809327395+121.02974104536075j)
3219,2021-08-10 05:40:05,193205.0,(322.8654978886443+121.58482747908069j)
3220,2021-08-10 05:41:05,193265.0,(321.8934288633845+124.13549232420696j)
3221,2021-08-10 05:42:05,193325.0,(323.35876674545545+120.26681989999626j)
3222,2021-08-10 05:43:05,193385.0,(323.1963412450733+120.70263048417016j)
3223,2021-08-10 05:44:05,193445.0,(319.46198825329446+130.26526037763074j)
3224,2021-08-10 05:45:05,193505.0,(320.90290476226943+126.67409251752242j)
3225,2021-08-10 05:46:05,193565.0,(323.51043975811353+119.85823028691847j)
3226,2021-08-10 05:47:05,193625.0,(324.07002749765843+118.33688046279948j)
3227,2021-08-10 05:48:05,193685.0,(325.8714983323093+113.28180160403419j)
3228,2021-08-10 05:49:05,193745.0,(327.0553780837178+109.81702812640842j)
3229,2021-08-10 05:50:05,193805.0,(327.4702096624949+108.57376194827943j)
3230,2021-08-10 05:51:05,193865.0,(318.90103233983785+131.63256273652692j)
3231,2021-08-10 05:52:05,193925.0,(321.2436149123054+125.80755095809792j)
3232,2021-08-10 05:53:05,193985.0,(318.00549052711966+133.78156821702305j)
3233,2021-08-10 05:54:05,194045.0,(324.94752949622523+115.90557827084866j)
3234,2021-08-10 05:55:05,194105.0,(323.2574421567515+120.53889866045098j)
3235,2021-08-10 05:56:05,194165.0,(321.1739067041215+125.98540253700918j)
3236,2021-08-10 05:57:05,194225.0,(324.9502677161237+115.89790123733707j)
3237,2021-08-10 05:58:05,194285.0,(322.6940882727009+122.03903225546448j)
3238,2021-08-10 05:59:05,194345.0,(323.41865983478573+120.10566377432481j)
3239,2021-08-10 06:00:05,194405.0,(322.96735228272763+121.31401138979987j)
3240,2021-08-10 06:01:05,194465.0,(320.97096914616526+126.5015294981505j)
3241,2021-08-10 06:02:05,194525.0,(322.73669646421325+121.92630870885203j)
3242,2021-08-10 06:03:05,194585.0,(323.50634728071435+119.86927575108577j)
3243,2021-08-10 06:04:05,194645.0,(325.3773395894453+114.6934474226615j)
3244,2021-08-10 06:05:05,194705.0,(324.8664358002188+116.13267796129692j)
3245,2021-08-10 06:06:05,194765.0,(324.2441991617815+117.85881091346099j)
3246,2021-08-10 06:07:05,194825.0,(322.52732844203206+122.47906926510166j)
3247,2021-08-10 06:08:05,194885.0,(321.1213643938004+126.1192662913327j)
3248,2021-08-10 06:09:05,194945.0,(323.6231352398802+119.55361281663653j)
3249,2021-08-10 06:10:05,195005.0,(326.1773695443068+112.39805868944848j)
3250,2021-08-10 06:11:05,195065.0,(328.6069163692614+105.08327418902236j)
3251,2021-08-10 06:12:05,195125.0,(328.6430468155615+104.9702233006324j)
3252,2021-08-10 06:13:05,195185.0,(327.63259281904175+108.0827651509342j)
3253,2021-08-10 06:14:05,195245.0,(328.64864630171706+104.95269069465944j)
3254,2021-08-10 06:15:05,195305.0,(329.090890348203+103.5576452504934j)
3255,2021-08-10 06:16:05,195365.0,(321.33343017515443+125.57797040830515j)
3256,2021-08-10 06:17:05,195425.0,(319.24048514488993+130.80715823094437j)
3257,2021-08-10 06:18:05,195485.0,(321.4463815056211+125.28856219520875j)
3258,2021-08-10 06:19:05,195545.0,(320.25162646859496+128.3117131996122j)
3259,2021-08-10 06:20:05,195605.0,(318.33121770685807+133.00464590858823j)
3260,2021-08-10 06:21:05,195665.0,(323.35879662954727+120.26673955126209j)
3261,2021-08-10 06:22:05,195725.0,(323.99020253526373+118.55525572980223j)
3262,2021-08-10 06:23:05,195785.0,(324.16070296930206+118.08826635380801j)
3263,2021-08-10 06:24:05,195845.0,(325.8542651441433+113.33136321147096j)
3264,2021-08-10 06:25:05,195905.0,(325.40790375382846+114.60670213621509j)
3265,2021-08-10 06:26:05,195965.0,(322.54121629353256+122.44249177425566j)
3266,2021-08-10 06:27:05,196025.0,(324.7508957708859+116.4553807086954j)
3267,2021-08-10 06:28:05,196085.0,(323.8208461092704+119.01705602591682j)
3268,2021-08-10 06:29:05,196145.0,(324.0048624381717+118.51518517228679j)
3269,2021-08-10 06:30:05,196205.0,(326.922561092405+110.21179178646321j)
3270,2021-08-10 06:31:05,196265.0,(324.29154304570335+117.72848044987553j)
3271,2021-08-10 06:32:05,196325.0,(323.58300473546046+119.66218720369008j)
3272,2021-08-10 06:33:05,196385.0,(325.50659674763233+114.32609270754548j)
3273,2021-08-10 06:34:05,196445.0,(324.6266719275315+116.80121520452954j)
3274,2021-08-10 06:35:05,196505.0,(325.58475347513325+114.10332293380716j)
3275,2021-08-10 06:36:05,196565.0,(323.0747045186869+121.02782861872376j)
3276,2021-08-10 06:37:05,196625.0,(321.35044967779976+125.5344115845368j)
3277,2021-08-10 06:38:05,196685.0,(322.03574944072267+123.76581144303168j)
3278,2021-08-10 06:39:05,196745.0,(324.54769341843314+117.02048836325505j)
3279,2021-08-10 06:40:05,196805.0,(324.5036904166102+117.14245560854877j)
3280,2021-08-10 06:41:05,196865.0,(322.6698416461242+122.10312564412558j)
3281,2021-08-10 06:42:05,196925.0,(323.7636695530398+119.17250638276454j)
3282,2021-08-10 06:43:05,196985.0,(323.91669274449407+118.75595210964798j)
3283,2021-08-10 06:44:05,197045.0,(326.26462218593394+112.14453312520313j)
3284,2021-08-10 06:45:05,197105.0,(326.78763131180693+110.6112291841047j)
3285,2021-08-10 06:46:05,197165.0,(318.77976536683343+131.92596860613392j)
3286,2021-08-10 06:47:05,197225.0,(321.4310377905895+125.32792164902673j)
3287,2021-08-10 06:48:05,197285.0,(322.2355438261399+123.24469276634947j)
3288,2021-08-10 06:49:05,197345.0,(324.7642051175321+116.41825919664643j)
3289,2021-08-10 06:50:05,197405.0,(322.4086894538594+122.7910296587045j)
3290,2021-08-10 06:51:05,197465.0,(323.796032965543+119.08454574703201j)
3291,2021-08-10 06:52:05,197525.0,(324.89281759298274+116.05885178000354j)
3292,2021-08-10 06:53:05,197585.0,(328.27948345173576+106.10174713293627j)
3293,2021-08-10 06:54:05,197645.0,(328.828886135173+104.38660662700667j)
3294,2021-08-10 06:55:05,197705.0,(326.9559767722922+110.11262077017479j)
3295,2021-08-10 06:56:05,197765.0,(322.23608447823773+123.2432791682129j)
3296,2021-08-10 06:57:05,197825.0,(322.52134312578744+122.49482939429761j)
3297,2021-08-10 06:58:05,197885.0,(322.7054363853093+122.00902149991639j)
3298,2021-08-10 06:59:05,197945.0,(324.99867047035684+115.76210171079491j)
3299,2021-08-10 07:00:05,198005.0,(323.48972336030624+119.91413127847997j)
3300,2021-08-10 07:01:05,198065.0,(322.6039269344002+122.27717009525604j)
3301,2021-08-10 07:02:05,198125.0,(326.66216766174205+110.98120660063104j)
3302,2021-08-10 07:03:05,198185.0,(326.6828912957791+110.92018993235723j)
3303,2021-08-10 07:04:05,198245.0,(326.4995879307448+111.45859805799574j)
3304,2021-08-10 07:05:05,198305.0,(330.1526665608505+100.12101059597774j)
3305,2021-08-10 07:06:05,198365.0,(324.2897712560099+117.73336085717081j)
3306,2021-08-10 07:07:05,198425.0,(326.91255336387667+110.24147338053167j)
3307,2021-08-10 07:08:05,198485.0,(328.0622059710717+106.77166765295983j)
3308,2021-08-10 07:09:05,198545.0,(327.6108625738091+108.1486140625242j)
3309,2021-08-10 07:10:05,198605.0,(327.2335413817823+109.2849916261945j)
3310,2021-08-10 07:11:05,198665.0,(323.99300395571487+118.54759967098515j)
3311,2021-08-10 07:12:05,198725.0,(323.47260308445374+119.96030615902676j)
3312,2021-08-10 07:13:05,198785.0,(327.2245304295213+109.31196954212892j)
3313,2021-08-10 07:14:05,198845.0,(327.0318323290849+109.88712683240595j)
3314,2021-08-10 07:15:05,198905.0,(326.2411356085618+112.21283989292833j)
3315,2021-08-10 07:16:05,198965.0,(321.6792336092975+124.68949700971206j)
3316,2021-08-10 07:17:05,199025.0,(324.63827655084543+116.76895733925528j)
3317,2021-08-10 07:18:05,199085.0,(326.3358708426061+111.93703319901736j)
3318,2021-08-10 07:19:05,199145.0,(328.7602932990194+104.60243567882505j)
3319,2021-08-10 07:20:05,199205.0,(327.74469277890194+107.74236100653819j)
3320,2021-08-10 07:21:05,199265.0,(320.27268814575785+128.2591331168668j)
3321,2021-08-10 07:22:05,199325.0,(322.90458393700067+121.48098481849951j)
3322,2021-08-10 07:23:05,199385.0,(324.4387250629015+117.32226421084373j)
3323,2021-08-10 07:24:05,199445.0,(322.4185301502252+122.76518812663605j)
3324,2021-08-10 07:25:05,199505.0,(322.73738221664104+121.92449351934887j)
3325,2021-08-10 07:26:05,199565.0,(322.17310152635537+123.40783059793547j)
3326,2021-08-10 07:27:05,199625.0,(323.5371178978981+119.78619846343568j)
3327,2021-08-10 07:28:05,199685.0,(322.8929615179397+121.51187350285704j)
3328,2021-08-10 07:29:05,199745.0,(323.4540538754452+120.01031218833073j)
3329,2021-08-10 07:30:05,199805.0,(324.1706886904433+118.0608512334368j)
3330,2021-08-10 07:31:05,199865.0,(321.5796349678289+124.94614189304893j)
3331,2021-08-10 07:32:05,199925.0,(321.767276195882+124.46212262966979j)
3332,2021-08-10 07:33:05,199985.0,(327.31229038227775+109.048909048681j)
3333,2021-08-10 07:34:05,200045.0,(326.88368721712186+110.32703671964921j)
3334,2021-08-10 07:35:05,200105.0,(326.08949151112256+112.65275640665662j)
3335,2021-08-10 07:36:05,200165.0,(321.7519558511303+124.50172250202925j)
3336,2021-08-10 07:37:05,200225.0,(323.85892570174195+118.91339808160214j)
3337,2021-08-10 07:38:05,200285.0,(323.8371276780906+118.97274787615878j)
3338,2021-08-10 07:39:05,200345.0,(329.1520080692201+103.36322162161983j)
3339,2021-08-10 07:40:05,200405.0,(327.7519056460771+107.7204174953151j)
3340,2021-08-10 07:41:05,200465.0,(321.0025342595856+126.4214103659802j)
3341,2021-08-10 07:42:05,200525.0,(322.24841216659934+123.21104194066984j)
3342,2021-08-10 07:43:05,200585.0,(322.1566250174112+123.45083619559288j)
3343,2021-08-10 07:44:05,200645.0,(323.5190685616945+119.8349376307828j)
3344,2021-08-10 07:45:05,200705.0,(323.8932102560529+118.81998295753245j)
3345,2021-08-10 07:46:05,200765.0,(324.03620687760406+118.42945846525929j)
3346,2021-08-10 07:47:05,200825.0,(322.564871740577+122.38015982578673j)
3347,2021-08-10 07:48:05,200885.0,(324.99012266517+115.78609661819394j)
3348,2021-08-10 07:49:05,200945.0,(323.54415174691457+119.76719864123693j)
3349,2021-08-10 07:50:05,201005.0,(325.6488731212312+113.92019765990699j)
3350,2021-08-10 07:51:05,201065.0,(323.65922715326207+119.45586916745904j)
3351,2021-08-10 07:52:05,201125.0,(323.26917318504485+120.50743407880472j)
3352,2021-08-10 07:53:05,201185.0,(327.0529411695374+109.82428543976552j)
3353,2021-08-10 07:54:05,201245.0,(329.363601859946+102.68698929193995j)
3354,2021-08-10 07:55:05,201305.0,(327.46159363196153+108.59974537730784j)
3355,2021-08-10 07:56:05,201365.0,(316.4851780655115+137.33947744491198j)
3356,2021-08-10 07:57:05,201425.0,(316.50967031525977+137.28302370258885j)
3357,2021-08-10 07:58:05,201485.0,(322.85986345891166+121.59978851664555j)
3358,2021-08-10 07:59:05,201545.0,(326.24446807207596+112.20315081301514j)
3359,2021-08-10 08:00:05,201605.0,(319.694817720356+129.6928044370556j)
3360,2021-08-10 08:01:05,201665.0,(311.45545120012025+148.39306559852963j)
3361,2021-08-10 08:02:05,201725.0,(319.7683605026554+129.51137255640444j)
3362,2021-08-10 08:03:05,201785.0,(325.3067075631945+114.89362912883483j)
3363,2021-08-10 08:04:05,201845.0,(326.2785863663849+112.10389858855726j)
3364,2021-08-10 08:05:05,201905.0,(323.493391216123+119.90423611988196j)
3365,2021-08-10 08:06:05,201965.0,(315.259661224536+140.12974703677594j)
3366,2021-08-10 08:07:05,202025.0,(316.748190119905+136.73179606720785j)
3367,2021-08-10 08:08:05,202085.0,(320.9957396686235+126.43866147105979j)
3368,2021-08-10 08:09:05,202145.0,(320.03193576253074+128.8586826414402j)
3369,2021-08-10 08:10:05,202205.0,(317.68987917924284+134.5293301368816j)
3370,2021-08-10 08:11:05,202265.0,(321.0381554759399+126.33092546406135j)
3371,2021-08-10 08:12:05,202325.0,(320.67298193770694+127.25501426340364j)
3372,2021-08-10 08:13:05,202385.0,(322.8326584882587+121.67199601142131j)
3373,2021-08-10 08:14:05,202445.0,(325.61740551052014+114.01011020342659j)
3374,2021-08-10 08:15:05,202505.0,(320.9848437425322+126.46631997327266j)
3375,2021-08-10 08:16:05,202565.0,(313.46179178052824+144.1065754701733j)
3376,2021-08-10 08:17:05,202625.0,(315.1988049663929+140.26657958244297j)
3377,2021-08-10 08:18:05,202685.0,(319.35792312458324+130.52017827735588j)
3378,2021-08-10 08:19:05,202745.0,(319.3726140552426+130.48422660046327j)
3379,2021-08-10 08:20:05,202805.0,(318.7254376484747+132.0571671503983j)
3380,2021-08-10 08:21:05,202865.0,(321.1714269553572+125.99172396415432j)
3381,2021-08-10 08:22:05,202925.0,(318.5273513036797+132.5342464099834j)
3382,2021-08-10 08:23:05,202985.0,(327.02781260235287+109.89908909777358j)
3383,2021-08-10 08:24:05,203045.0,(326.78904884605004+110.60704116056053j)
3384,2021-08-10 08:25:05,203105.0,(326.4880066968582+111.49251761043102j)
3385,2021-08-10 08:26:05,203165.0,(322.0694948147125+123.67797099643846j)
3386,2021-08-10 08:27:05,203225.0,(329.2644283578667+103.00454464812347j)
3387,2021-08-10 08:28:05,203285.0,(330.10909648376133+100.26457210138955j)
3388,2021-08-10 08:29:05,203345.0,(327.48967885514764+108.51502312284815j)
3389,2021-08-10 08:30:05,203405.0,(331.2532980986783+96.4170757633117j)
3390,2021-08-10 08:31:05,203465.0,(329.87363352981134+101.03655725448938j)
3391,2021-08-10 08:32:05,203525.0,(330.5605375749685+98.76604172562466j)
3392,2021-08-10 08:33:05,203585.0,(328.93662412481984+104.04661123442216j)
3393,2021-08-10 08:34:05,203645.0,(326.6382087348833+111.05170234835134j)
3394,2021-08-10 08:35:05,203705.0,(326.7298021502079+110.7819316806039j)
3395,2021-08-10 08:36:05,203765.0,(316.9431312924087+136.2793143751574j)
3396,2021-08-10 08:37:05,203825.0,(319.6281466722992+129.85702851532992j)
3397,2021-08-10 08:38:05,203885.0,(320.0549120243083+128.80160437320757j)
3398,2021-08-10 08:39:05,203945.0,(325.5508994478458+114.19987683311486j)
3399,2021-08-10 08:40:05,204005.0,(331.2650669523882+96.37663314844389j)
3400,2021-08-10 08:41:05,204065.0,(324.8744215792895+116.1103363336877j)
3401,2021-08-10 08:42:05,204125.0,(327.5543642938289+108.31961240729048j)
3402,2021-08-10 08:43:05,204185.0,(323.1226867366395+120.89966631920676j)
3403,2021-08-10 08:44:05,204245.0,(324.0076535830327+118.50755427236466j)
3404,2021-08-10 08:45:05,204305.0,(320.68354344467764+127.22839684506582j)
3405,2021-08-10 08:46:05,204365.0,(319.0995576573269+131.15057111159786j)
3406,2021-08-10 08:47:05,204425.0,(324.27422272988326+117.77617956501253j)
3407,2021-08-10 08:48:05,204485.0,(326.6658387245633+110.9704006047452j)
3408,2021-08-10 08:49:05,204545.0,(325.5260321442276+114.27074164647436j)
3409,2021-08-10 08:50:05,204605.0,(327.0048678647289+109.96734239205377j)
3410,2021-08-10 08:51:05,204665.0,(332.2043656830791+93.08737519719331j)
3411,2021-08-10 08:52:05,204725.0,(330.59538341389793+98.6493409274376j)
3412,2021-08-10 08:53:05,204785.0,(330.6902533766314+98.33085132194944j)
3413,2021-08-10 08:54:05,204845.0,(334.1023226822087+86.02696076436341j)
3414,2021-08-10 08:55:05,204905.0,(328.14216423834256+106.52567788555314j)
3415,2021-08-10 08:56:05,204965.0,(307.34987097419287+156.71967589344672j)
3416,2021-08-10 08:57:05,205025.0,(319.22605531660355+130.8423693113236j)
3417,2021-08-10 08:58:05,205085.0,(319.44659300783565+130.30300923496054j)
3418,2021-08-10 08:59:05,205145.0,(311.1074031778718+149.12137233784142j)
3419,2021-08-10 09:00:05,205205.0,(311.9669302498696+147.31474614061204j)
3420,2021-08-10 09:01:05,205265.0,(319.14432518550274+131.04159531190876j)
3421,2021-08-10 09:02:05,205325.0,(326.0193782297606+112.85550504375189j)
3422,2021-08-10 09:03:05,205385.0,(327.1656857131556+109.48796322811343j)
3423,2021-08-10 09:04:05,205445.0,(328.8049743641055+104.4619013488647j)
3424,2021-08-10 09:05:05,205505.0,(330.61540100842365+98.58223276046874j)
3425,2021-08-10 09:06:05,205565.0,(321.9225100584314+124.06005609251967j)
3426,2021-08-10 09:07:05,205625.0,(317.2529797026707+135.5564342618114j)
3427,2021-08-10 09:08:05,205685.0,(316.67081956950653+136.91089084940256j)
3428,2021-08-10 09:09:05,205745.0,(315.07474171435183+140.54503596226547j)
3429,2021-08-10 09:10:05,205805.0,(325.0421643419773+115.63992130697355j)
3430,2021-08-10 09:11:05,205865.0,(330.9147093706716+97.57281958682938j)
3431,2021-08-10 09:12:05,205925.0,(330.40135750907393+99.29724546109588j)
3432,2021-08-10 09:13:05,205985.0,(329.3333783494655+102.78387959659734j)
3433,2021-08-10 09:14:05,206045.0,(334.1209100622978+85.95474076013436j)
3434,2021-08-10 09:15:05,206105.0,(335.1348793613678+81.912225189171j)
3435,2021-08-10 09:16:05,206165.0,(318.65679103933763+132.22272695914234j)
3436,2021-08-10 09:17:05,206225.0,(323.43855565779654+120.0520750091328j)
3437,2021-08-10 09:18:05,206285.0,(316.2865093439022+137.7963860449529j)
3438,2021-08-10 09:19:05,206345.0,(313.37057035951227+144.30483579060677j)
3439,2021-08-10 09:20:05,206405.0,(317.8362384316722+134.18317904866169j)
3440,2021-08-10 09:21:05,206465.0,(328.63604103995453+104.99215460969133j)
3441,2021-08-10 09:22:05,206525.0,(332.50214028577705+92.01807814433782j)
3442,2021-08-10 09:23:05,206585.0,(331.4394814743158+95.77510177513074j)
3443,2021-08-10 09:24:05,206645.0,(327.899742569383+107.26956149314836j)
3444,2021-08-10 09:25:05,206705.0,(330.52330023503987+98.89058601170126j)
3445,2021-08-10 09:26:05,206765.0,(323.10329967798936+120.95146852021023j)
3446,2021-08-10 09:27:05,206825.0,(318.21783901637895+133.2756801961481j)
3447,2021-08-10 09:28:05,206885.0,(315.6909082485999+139.1554901869634j)
3448,2021-08-10 09:29:05,206945.0,(318.5791895488719+132.4095917461569j)
3449,2021-08-10 09:30:05,207005.0,(323.6228743140797+119.5543191218676j)
3450,2021-08-10 09:31:05,207065.0,(330.981778692192+97.34506753684457j)
3451,2021-08-10 09:32:05,207125.0,(334.7187872723608+83.59625258897707j)
3452,2021-08-10 09:33:05,207185.0,(335.0379748230402+82.30768752963401j)
3453,2021-08-10 09:34:05,207245.0,(335.0059995204978+82.43773580874351j)
3454,2021-08-10 09:35:05,207305.0,(336.21971656296404+77.33887893110511j)
3455,2021-08-10 09:36:05,207365.0,(335.28639148783213+81.28982521243468j)
3456,2021-08-10 09:37:05,207425.0,(332.174977540605+93.19219010141654j)
3457,2021-08-10 09:38:05,207485.0,(328.01492729534937+106.91682501564792j)
3458,2021-08-10 09:39:05,207545.0,(330.9553293379998+97.43495257235006j)
3459,2021-08-10 09:40:05,207605.0,(332.49962404518016+92.0271699543881j)
3460,2021-08-10 09:41:05,207665.0,(308.87541250399886+153.69118240967686j)
3461,2021-08-10 09:42:05,207725.0,(307.8853595686582+155.66504220048265j)
3462,2021-08-10 09:43:05,207785.0,(315.08942762329974+140.51210837511957j)
3463,2021-08-10 09:44:05,207845.0,(319.90088799840476+129.1836748890203j)
3464,2021-08-10 09:45:05,207905.0,(321.884489601137+124.15867007267576j)
3465,2021-08-10 09:46:05,207965.0,(315.2541976602682+140.14203815265626j)
3466,2021-08-10 09:47:05,208025.0,(314.5248293236026+141.7714066339142j)
3467,2021-08-10 09:48:05,208085.0,(319.03856369798154+131.2988761320103j)
3468,2021-08-10 09:49:05,208145.0,(323.1947559126432+120.70687532434509j)
3469,2021-08-10 09:50:05,208205.0,(319.4003236262802+130.41638419856403j)
3470,2021-08-10 09:51:05,208265.0,(327.8497297942378+107.42231925370653j)
3471,2021-08-10 09:52:05,208325.0,(329.7241116840229+101.52344642584792j)
3472,2021-08-10 09:53:05,208385.0,(328.86979275514375+104.25765877473363j)
3473,2021-08-10 09:54:05,208445.0,(329.95772600086826+100.76159512599993j)
3474,2021-08-10 09:55:05,208505.0,(334.2582250979595+85.41919546777433j)
3475,2021-08-10 09:56:05,208565.0,(320.0899685253301+128.71445936433554j)
3476,2021-08-10 09:57:05,208625.0,(326.4205013300216+111.69000094662634j)
3477,2021-08-10 09:58:05,208685.0,(321.3794495757236+125.46015060729421j)
3478,2021-08-10 09:59:05,208745.0,(320.00396416043094+128.92813083888882j)
3479,2021-08-10 10:00:05,208805.0,(319.05099212657996+131.26867266429193j)
3480,2021-08-10 10:01:05,208865.0,(320.12762223218033+128.62078169553493j)
3481,2021-08-10 10:02:05,208925.0,(325.0396695928356+115.64693334014643j)
3482,2021-08-10 10:03:05,208985.0,(325.0001262074906+115.75801469062584j)
3483,2021-08-10 10:04:05,209045.0,(327.4439243821256+108.65300909423917j)
3484,2021-08-10 10:05:05,209105.0,(327.6394952456911+108.0618394954888j)
3485,2021-08-10 10:06:05,209165.0,(316.5884941090693+137.10115024226374j)
3486,2021-08-10 10:07:05,209225.0,(315.579469486361+139.40802860203902j)
3487,2021-08-10 10:08:05,209285.0,(319.23157809309964+130.82889416405393j)
3488,2021-08-10 10:09:05,209345.0,(311.68085249510005+147.91905282257483j)
3489,2021-08-10 10:10:05,209405.0,(316.09999566098+138.22370543119013j)
3490,2021-08-10 10:11:05,209465.0,(332.93417121164913+90.44245485175811j)
3491,2021-08-10 10:12:05,209525.0,(335.9443693910479+78.52630562079905j)
3492,2021-08-10 10:13:05,209585.0,(337.01052717067256+73.81669578181746j)
3493,2021-08-10 10:14:05,209645.0,(332.7875418479166+90.98050335550559j)
3494,2021-08-10 10:15:05,209705.0,(331.5124784077116+95.52212654655754j)
3495,2021-08-10 10:16:05,209765.0,(322.44737464956825+122.68940696572366j)
3496,2021-08-10 10:17:05,209825.0,(319.52598118462555+130.10821399128616j)
3497,2021-08-10 10:18:05,209885.0,(312.7877318666362+145.56385126028133j)
3498,2021-08-10 10:19:05,209945.0,(314.87163379673103+140.99948308478764j)
3499,2021-08-10 10:20:05,210005.0,(311.7666525450726+147.7381276476726j)
3500,2021-08-10 10:21:05,210065.0,(327.2739770696377+109.16383986019497j)
3501,2021-08-10 10:22:05,210125.0,(328.5907044562775+105.1339571448126j)
3502,2021-08-10 10:23:05,210185.0,(320.5832182526844+127.48097965873852j)
3503,2021-08-10 10:24:05,210245.0,(326.04287443477494+112.7876058364108j)
3504,2021-08-10 10:25:05,210305.0,(333.51704199253095+88.26880933009329j)
3505,2021-08-10 10:26:05,210365.0,(337.3728598401198+72.14259104924703j)
3506,2021-08-10 10:27:05,210425.0,(336.10322343080975+77.84358161993309j)
3507,2021-08-10 10:28:05,210485.0,(335.90004371327916+78.71569496242239j)
3508,2021-08-10 10:29:05,210545.0,(338.19576980568735+68.18079851056693j)
3509,2021-08-10 10:30:05,210605.0,(335.52035059370263+80.31870477963936j)
3510,2021-08-10 10:31:05,210665.0,(306.9753009432285+157.45210259254813j)
3511,2021-08-10 10:32:05,210725.0,(312.76877447980434+145.6045799774214j)
3512,2021-08-10 10:33:05,210785.0,(308.1193078595279+155.20145657874946j)
3513,2021-08-10 10:34:05,210845.0,(309.87209191502376+151.67164089640184j)
3514,2021-08-10 10:35:05,210905.0,(301.3608031454072+167.94840376602315j)
3515,2021-08-10 10:36:05,210965.0,(313.94834033559766+143.04348849396723j)
3516,2021-08-10 10:37:05,211025.0,(326.33496944412786+111.93966105853684j)
3517,2021-08-10 10:38:05,211085.0,(322.938346511461+121.39120376882141j)
3518,2021-08-10 10:39:05,211145.0,(322.58795893008676+122.31929019300539j)
3519,2021-08-10 10:40:05,211205.0,(327.34356103550624+108.95500469732343j)
3520,2021-08-10 10:41:05,211265.0,(323.5953014797323+119.62892986331171j)
3521,2021-08-10 10:42:05,211325.0,(317.11834176238244+135.8711055297514j)
3522,2021-08-10 10:43:05,211385.0,(319.7195674183919+129.63177932049058j)
3523,2021-08-10 10:44:05,211445.0,(327.5014090093412+108.4796160432743j)
3524,2021-08-10 10:45:05,211505.0,(330.8951321189838+97.63919059455719j)
3525,2021-08-10 10:46:05,211565.0,(318.6843439459959+132.15630489579442j)
3526,2021-08-10 10:47:05,211625.0,(311.38030174201356+148.55069063135517j)
3527,2021-08-10 10:48:05,211685.0,(310.44860609401866+150.48808249918275j)
3528,2021-08-10 10:49:05,211745.0,(317.3882762291588+135.2393511973611j)
3529,2021-08-10 10:50:05,211805.0,(320.0597781683475+128.7895119907991j)
3530,2021-08-10 10:51:05,211865.0,(324.89336939610615+116.0573070618361j)
3531,2021-08-10 10:52:05,211925.0,(329.1246842694619+103.45019190183766j)
3532,2021-08-10 10:53:05,211985.0,(331.7677094770999+94.63184954505871j)
3533,2021-08-10 10:54:05,212045.0,(333.48939874568237+88.37319120775983j)
3534,2021-08-10 10:55:05,212105.0,(329.25321689855275+103.0403763674928j)
3535,2021-08-10 10:56:05,212165.0,(326.9215622111531+110.21475473555763j)
3536,2021-08-10 10:57:05,212225.0,(325.22274157303593+115.13109208080276j)
3537,2021-08-10 10:58:05,212285.0,(323.1028159320978+120.95276076530416j)
3538,2021-08-10 10:59:05,212345.0,(327.78310580994764+107.62544097742251j)
3539,2021-08-10 11:00:05,212405.0,(327.6916495887735+107.90358098686293j)
3540,2021-08-10 11:01:05,212465.0,(311.28567691242375+148.74887343833615j)
3541,2021-08-10 11:02:05,212525.0,(309.6966157432757+152.02962276201916j)
3542,2021-08-10 11:03:05,212585.0,(306.0652472326102+159.2138952366947j)
3543,2021-08-10 11:04:05,212645.0,(307.5153370834586+156.39474881992302j)
3544,2021-08-10 11:05:05,212705.0,(304.62287718800326+161.9564839507906j)
3545,2021-08-10 11:06:05,212765.0,(323.10028075062763+120.95953281517578j)
3546,2021-08-10 11:07:05,212825.0,(331.2708359738639+96.35680169649352j)
3547,2021-08-10 11:08:05,212885.0,(335.50026977345095+80.40254337980637j)
3548,2021-08-10 11:09:05,212945.0,(337.0006762004292+73.86165609065009j)
3549,2021-08-10 11:10:05,213005.0,(333.573340588325+88.0558143948787j)
3550,2021-08-10 11:11:05,213065.0,(306.8528449909016+157.69061963537888j)
3551,2021-08-10 11:12:05,213125.0,(307.7872615950948+155.8589156891344j)
3552,2021-08-10 11:13:05,213185.0,(305.58500940492877+160.13370047241648j)
3553,2021-08-10 11:14:05,213245.0,(305.13345460064875+160.9924684060525j)
3554,2021-08-10 11:15:05,213305.0,(311.6320335583764+148.02187561394746j)
3555,2021-08-10 11:16:05,213365.0,(333.41448404492326+88.65541060227311j)
3556,2021-08-10 11:17:05,213425.0,(334.49760612908744+84.47692876703007j)
3557,2021-08-10 11:18:05,213485.0,(334.38961700659326+84.90338060515548j)
3558,2021-08-10 11:19:05,213545.0,(336.6998239108467+75.22119766664731j)
3559,2021-08-10 11:20:05,213605.0,(338.15736764034597+68.37100782167758j)
3560,2021-08-10 11:21:05,213665.0,(325.9184631572883+113.14661008263269j)
3561,2021-08-10 11:22:05,213725.0,(323.96880572216145+118.61371303081452j)
3562,2021-08-10 11:23:05,213785.0,(326.6482108614757+111.02227857955758j)
3563,2021-08-10 11:24:05,213845.0,(327.9029413490108+107.25978302545276j)
3564,2021-08-10 11:25:05,213905.0,(325.4840997036805+114.39012562316975j)
3565,2021-08-10 11:26:05,213965.0,(314.3782922857976+142.09605673439927j)
3566,2021-08-10 11:27:05,214025.0,(322.5053691975243+122.53687950477811j)
3567,2021-08-10 11:28:05,214085.0,(322.6645111358278+122.11721112716774j)
3568,2021-08-10 11:29:05,214145.0,(333.625185438193+87.85918074584639j)
3569,2021-08-10 11:30:05,214205.0,(333.4877983469722+88.37923032980771j)
3570,2021-08-10 11:31:05,214265.0,(319.28366638119144+130.701722950327j)
3571,2021-08-10 11:32:05,214325.0,(313.53348120039175+143.9505337481024j)
3572,2021-08-10 11:33:05,214385.0,(315.57195702630605+139.42503339998623j)
3573,2021-08-10 11:34:05,214445.0,(318.67264442687275+132.18451382058316j)
3574,2021-08-10 11:35:05,214505.0,(319.8895126478001+129.21184039380051j)
3575,2021-08-10 11:36:05,214565.0,(315.0952703627899+140.49900567263936j)
3576,2021-08-10 11:37:05,214625.0,(316.46662988701394+137.38221197795494j)
3577,2021-08-10 11:38:05,214685.0,(320.0433741895481+128.83027065627428j)
3578,2021-08-10 11:39:05,214745.0,(322.2335367317543+123.24994038678126j)
3579,2021-08-10 11:40:05,214805.0,(318.60900141448906+132.33784121581445j)
3580,2021-08-10 11:41:05,214865.0,(323.9800644012898+118.5829577575804j)
3581,2021-08-10 11:42:05,214925.0,(321.9764697025728+123.91994576285215j)
3582,2021-08-10 11:43:05,214985.0,(313.8058176039523+143.35588176951464j)
3583,2021-08-10 11:44:05,215045.0,(314.00720007944307+142.9142340645907j)
3584,2021-08-10 11:45:05,215105.0,(311.74453042676373+147.78480215839713j)
3585,2021-08-10 11:46:05,215165.0,(315.13412729209716+140.41182933018263j)
3586,2021-08-10 11:47:05,215225.0,(321.10500768730265+126.1609053476445j)
3587,2021-08-10 11:48:05,215285.0,(331.48128617448907+95.63031379278482j)
3588,2021-08-10 11:49:05,215345.0,(332.94481546377835+90.40326241784965j)
3589,2021-08-10 11:50:05,215405.0,(331.45341883384526+95.72685695955745j)
3590,2021-08-10 11:51:05,215465.0,(316.1310448714711+138.1526781082145j)
3591,2021-08-10 11:52:05,215525.0,(309.6148034615621+152.19616774892287j)
3592,2021-08-10 11:53:05,215585.0,(309.41310474964877+152.60580136149102j)
3593,2021-08-10 11:54:05,215645.0,(312.9430205383274+145.2297004622263j)
3594,2021-08-10 11:55:05,215705.0,(316.3557279624873+137.63739820748108j)
3595,2021-08-10 11:56:05,215765.0,(325.3726908057192+114.70663484666383j)
3596,2021-08-10 11:57:05,215825.0,(329.5687912021799+102.0265253036383j)
3597,2021-08-10 11:58:05,215885.0,(325.4223540598742+114.56566448168454j)
3598,2021-08-10 11:59:05,215945.0,(319.97873071961993+128.9907434161885j)
3599,2021-08-10 12:00:05,216005.0,(323.6891870008525+119.37466321932442j)
3600,2021-08-10 12:01:05,216065.0,(326.2281083812008+112.25070735645065j)
3601,2021-08-10 12:02:05,216125.0,(328.70565401962114+104.77400925579366j)
3602,2021-08-10 12:03:05,216185.0,(332.9309939056335+90.45415024755387j)
3603,2021-08-10 12:04:05,216245.0,(331.9100756846164+94.13130010274054j)
3604,2021-08-10 12:05:05,216305.0,(328.7494290920319+104.63657520992889j)
3605,2021-08-10 12:06:05,216365.0,(321.65630198526327+124.74864084696522j)
3606,2021-08-10 12:07:05,216425.0,(321.453923165488+125.26921122732652j)
3607,2021-08-10 12:08:05,216485.0,(319.80245573343785+129.42715830482607j)
3608,2021-08-10 12:09:05,216545.0,(316.29217532366835+137.78338008998708j)
3609,2021-08-10 12:10:05,216605.0,(320.18337079345804+128.48194062722968j)
3610,2021-08-10 12:11:05,216665.0,(328.3217892464892+105.97076344909452j)
3611,2021-08-10 12:12:05,216725.0,(331.14036528776614+96.80422757857636j)
3612,2021-08-10 12:13:05,216785.0,(329.59236300128026+101.95035189361694j)
3613,2021-08-10 12:14:05,216845.0,(332.4977709454405+92.0338650514764j)
3614,2021-08-10 12:15:05,216905.0,(335.40029123935403+80.8185909092487j)
3615,2021-08-10 12:16:05,216965.0,(329.0562012645568+103.66781761636287j)
3616,2021-08-10 12:17:05,217025.0,(327.4250482691088+108.70987887939053j)
3617,2021-08-10 12:18:05,217085.0,(324.97342651304547+115.83294894100827j)
3618,2021-08-10 12:19:05,217145.0,(324.7709378722079+116.39947557272949j)
3619,2021-08-10 12:20:05,217205.0,(321.9593780336297+123.96434526184656j)
3620,2021-08-10 12:21:05,217265.0,(319.8986665437885+129.18917579853968j)
3621,2021-08-10 12:22:05,217325.0,(320.9696510113518+126.50487393634694j)
3622,2021-08-10 12:23:05,217385.0,(324.7661610002642+116.41280285754848j)
3623,2021-08-10 12:24:05,217445.0,(324.42881478104977+117.3496661254872j)
3624,2021-08-10 12:25:05,217505.0,(319.3722924770733+130.48501369099344j)
3625,2021-08-10 12:26:05,217565.0,(315.32481337904346+139.98307778967936j)
3626,2021-08-10 12:27:05,217625.0,(317.8487530055784+134.15353224123038j)
3627,2021-08-10 12:28:05,217685.0,(323.5858623551798+119.6544595234738j)
3628,2021-08-10 12:29:05,217745.0,(324.90269726398805+116.03119111077572j)
3629,2021-08-10 12:30:05,217805.0,(323.06307012682004+121.0588812117201j)
3630,2021-08-10 12:31:05,217865.0,(318.5898686080367+132.38389486759306j)
3631,2021-08-10 12:32:05,217925.0,(313.8354819240812+143.2909288317991j)
3632,2021-08-10 12:33:05,217985.0,(312.8634730991607+145.40098761814096j)
3633,2021-08-10 12:34:05,218045.0,(317.09057527807255+135.93589323582282j)
3634,2021-08-10 12:35:05,218105.0,(308.54666279078555+154.3501113723902j)
3635,2021-08-10 12:36:05,218165.0,(309.99163405422956+151.4271667052799j)
3636,2021-08-10 12:37:05,218225.0,(319.5198418661134+130.12329020530456j)
3637,2021-08-10 12:38:05,218285.0,(315.88973569838384+138.70355035256023j)
3638,2021-08-10 12:39:05,218345.0,(318.86138580831397+131.7285718452969j)
3639,2021-08-10 12:40:05,218405.0,(324.0681320098599+118.34207119887685j)
3640,2021-08-10 12:41:05,218465.0,(328.0335982819816+106.85952647366318j)
3641,2021-08-10 12:42:05,218525.0,(338.9364205185118+64.3980034325487j)
3642,2021-08-10 12:43:05,218585.0,(339.4979112346154+61.36911493033933j)
3643,2021-08-10 12:44:05,218645.0,(340.46187709714854+55.77374152310474j)
3644,2021-08-10 12:45:05,218705.0,(337.80677749061647+70.08267318963475j)
3645,2021-08-10 12:46:05,218765.0,(301.5400622220929+167.62634302249853j)
3646,2021-08-10 12:47:05,218825.0,(300.6943831550366+169.13866482567508j)
3647,2021-08-10 12:48:05,218885.0,(305.1231040076242+161.01208464196895j)
3648,2021-08-10 12:49:05,218945.0,(310.9728669391478+149.40172699017592j)
3649,2021-08-10 12:50:05,219005.0,(317.1967465898584+135.68796539416894j)
3650,2021-08-10 12:51:05,219065.0,(328.79852841040787+104.48218850670304j)
3651,2021-08-10 12:52:05,219125.0,(321.9346362834081+124.02858525787401j)
3652,2021-08-10 12:53:05,219185.0,(317.93936783999436+133.9386366120873j)
3653,2021-08-10 12:54:05,219245.0,(314.4790006989384+141.8730352089399j)
3654,2021-08-10 12:55:05,219305.0,(312.2012824237216+146.8174351123995j)
3655,2021-08-10 12:56:05,219365.0,(330.74712063010827+98.1394018470288j)
3656,2021-08-10 12:57:05,219425.0,(333.8420318749339+87.03159054972858j)
3657,2021-08-10 12:58:05,219485.0,(336.46956776483376+76.24454057928301j)
3658,2021-08-10 12:59:05,219545.0,(335.0447130345108+82.28025442122981j)
3659,2021-08-10 13:00:05,219605.0,(335.0432909514979+82.28604491886762j)
3660,2021-08-10 13:01:05,219665.0,(323.05769708085836+121.07321899087496j)
3661,2021-08-10 13:02:05,219725.0,(322.41645581467793+122.7706358210376j)
3662,2021-08-10 13:03:05,219785.0,(323.00157161797296+121.2228721501j)
3663,2021-08-10 13:04:05,219845.0,(323.83072111462377+118.99018473127424j)
3664,2021-08-10 13:05:05,219905.0,(327.0894834982469+109.71540358969689j)
3665,2021-08-10 13:06:05,219965.0,(328.7560908291892+104.6156429159133j)
3666,2021-08-10 13:07:05,220025.0,(316.2364344985119+137.91126674665992j)
3667,2021-08-10 13:08:05,220085.0,(319.46174066659995+130.2658675565708j)
3668,2021-08-10 13:09:05,220145.0,(318.8786682657073+131.68673025437678j)
3669,2021-08-10 13:10:05,220205.0,(318.12741331782576+133.49138135366363j)
3670,2021-08-10 13:11:05,220265.0,(326.78907998174225+110.60694916996151j)
3671,2021-08-10 13:12:05,220325.0,(324.1834305425565+118.02585886855238j)
3672,2021-08-10 13:13:05,220385.0,(327.3696175919413+108.87668932193941j)
3673,2021-08-10 13:14:05,220445.0,(322.74366669926997+121.90785702944066j)
3674,2021-08-10 13:15:05,220505.0,(321.49438803988807+125.16532450666146j)
3675,2021-08-10 13:16:05,220565.0,(314.6229446677213+141.5535329428834j)
3676,2021-08-10 13:17:05,220625.0,(326.5598591374586+111.28188711611242j)
3677,2021-08-10 13:18:05,220685.0,(331.65211053983+95.0361908668291j)
3678,2021-08-10 13:19:05,220745.0,(331.083552498118+96.99835702333272j)
3679,2021-08-10 13:20:05,220805.0,(327.1659410629215+109.48720020355341j)
3680,2021-08-10 13:21:05,220865.0,(312.1733267214166+146.87686708152407j)
3681,2021-08-10 13:22:05,220925.0,(305.6389428575022+160.0307364506847j)
3682,2021-08-10 13:23:05,220985.0,(309.3550716133766+152.72340903438024j)
3683,2021-08-10 13:24:05,221045.0,(317.49675731370996+134.9844772382334j)
3684,2021-08-10 13:25:05,221105.0,(324.6194024788946+116.82141727545273j)
3685,2021-08-10 13:26:05,221165.0,(325.03214945215234+115.66806742793668j)
3686,2021-08-10 13:27:05,221225.0,(324.2406640341375+117.86853603358941j)
3687,2021-08-10 13:28:05,221285.0,(315.0580359661398+140.58248103216337j)
3688,2021-08-10 13:29:05,221345.0,(309.069401057528+153.30070231391934j)
3689,2021-08-10 13:30:05,221405.0,(310.9731323537804+149.40117454049079j)
3690,2021-08-10 13:31:05,221465.0,(327.76234332382035+107.68865445755227j)
3691,2021-08-10 13:32:05,221525.0,(333.1408716094139+89.6780890927097j)
3692,2021-08-10 13:33:05,221585.0,(334.3995509236192+84.86424654754101j)
3693,2021-08-10 13:34:05,221645.0,(328.2055998069519+106.33007220612117j)
3694,2021-08-10 13:35:05,221705.0,(330.72649701698566+98.20888030556986j)
3695,2021-08-10 13:36:05,221765.0,(325.7606971130313+113.6000361638669j)
3696,2021-08-10 13:37:05,221825.0,(321.4965004954137+125.15989840680778j)
3697,2021-08-10 13:38:05,221885.0,(330.233824229499+99.85299862678316j)
3698,2021-08-10 13:39:05,221945.0,(334.19238954323845+85.67640732068753j)
3699,2021-08-10 13:40:05,222005.0,(333.6911430937145+87.60833876298608j)
3700,2021-08-10 13:41:05,222065.0,(317.8894279964227+134.05712054235389j)
3701,2021-08-10 13:42:05,222125.0,(321.27087276624326+125.73792710243134j)
3702,2021-08-10 13:43:05,222185.0,(322.526559630263+122.48109377804553j)
3703,2021-08-10 13:44:05,222245.0,(320.51683654184495+127.64778687156415j)
3704,2021-08-10 13:45:05,222305.0,(321.1221929087983+126.11715672914825j)
3705,2021-08-10 13:46:05,222365.0,(324.68887899340746+116.62817780452724j)
3706,2021-08-10 13:47:05,222425.0,(318.0975074406295+133.5626286056795j)
3707,2021-08-10 13:48:05,222485.0,(314.13108026466955+142.6417344669916j)
3708,2021-08-10 13:49:05,222545.0,(313.47421285111216+144.0795539879813j)
3709,2021-08-10 13:50:05,222605.0,(312.45905208216743+146.2680442609164j)
3710,2021-08-10 13:51:05,222665.0,(314.10798020126174+142.6925953716021j)
3711,2021-08-10 13:52:05,222725.0,(321.538914801766+125.05089471132419j)
3712,2021-08-10 13:53:05,222785.0,(326.5412129275831+111.33658994141523j)
3713,2021-08-10 13:54:05,222845.0,(327.37381775265976+108.86405949645784j)
3714,2021-08-10 13:55:05,222905.0,(320.8693689596866+126.75901570859767j)
3715,2021-08-10 13:56:05,222965.0,(319.34305864267975+130.55654291048756j)
3716,2021-08-10 13:57:05,223025.0,(322.4683701002102+122.63421335383475j)
3717,2021-08-10 13:58:05,223085.0,(324.8842316562188+116.08288427304154j)
3718,2021-08-10 13:59:05,223145.0,(325.81842471431594+113.43436038820714j)
3719,2021-08-10 14:00:05,223205.0,(328.4360026460047+105.61624953535141j)
3720,2021-08-10 14:01:05,223265.0,(318.417930964775+132.79691728391813j)
3721,2021-08-10 14:02:05,223325.0,(314.68179901930165+141.42264799520575j)
3722,2021-08-10 14:03:05,223385.0,(316.6285464251852+137.0086259644783j)
3723,2021-08-10 14:04:05,223445.0,(320.7251567746624+127.12345893606036j)
3724,2021-08-10 14:05:05,223505.0,(328.76728394115565+104.58046189396735j)
3725,2021-08-10 14:06:05,223565.0,(337.8786389744407+69.73539506433985j)
3726,2021-08-10 14:07:05,223625.0,(328.8572817669983+104.29711515100071j)
3727,2021-08-10 14:08:05,223685.0,(328.3473486529723+105.89154183674663j)
3728,2021-08-10 14:09:05,223745.0,(323.7428677361795+119.22900481826815j)
3729,2021-08-10 14:10:05,223805.0,(326.3452737094427+111.90961677849178j)
3730,2021-08-10 14:11:05,223865.0,(327.3059926928444+109.06780985859966j)
3731,2021-08-10 14:12:05,223925.0,(328.15810257286694+106.47656885801568j)
3732,2021-08-10 14:13:05,223985.0,(329.96716702718254+100.73067399782151j)
3733,2021-08-10 14:14:05,224045.0,(332.45371946344056+92.19286531464334j)
3734,2021-08-10 14:15:05,224105.0,(323.79965134546404+119.07470675402037j)
3735,2021-08-10 14:16:05,224165.0,(315.3309405882315+139.96927487038428j)
3736,2021-08-10 14:17:05,224225.0,(318.2404207768102+133.22174966498065j)
3737,2021-08-10 14:18:05,224285.0,(329.33004996451166+102.79454358268369j)
3738,2021-08-10 14:19:05,224345.0,(324.11654880524543+118.20940229345965j)
3739,2021-08-10 14:20:05,224405.0,(322.3212847063121+123.02028054460165j)
3740,2021-08-10 14:21:05,224465.0,(314.3923895223119+142.06486339151888j)
3741,2021-08-10 14:22:05,224525.0,(318.5694261716525+132.43308011469065j)
3742,2021-08-10 14:23:05,224585.0,(314.00774921365144+142.91302751595668j)
3743,2021-08-10 14:24:05,224645.0,(322.03679013508275+123.76310354662517j)
3744,2021-08-10 14:25:05,224705.0,(323.25757803809256+120.53853425749999j)
3745,2021-08-10 14:26:05,224765.0,(322.8865950856008+121.52878965096004j)
3746,2021-08-10 14:27:05,224825.0,(318.6306234590924+132.28577321114344j)
3747,2021-08-10 14:28:05,224885.0,(320.26180931348864+128.28629504062633j)
3748,2021-08-10 14:29:05,224945.0,(320.3224734205863+128.1347455677725j)
3749,2021-08-10 14:30:05,225005.0,(323.09028753747566+120.98622276503757j)
3750,2021-08-10 14:31:05,225065.0,(330.9243586960187+97.54008827978744j)
3751,2021-08-10 14:32:05,225125.0,(321.8858015483369+124.15526876288699j)
3752,2021-08-10 14:33:05,225185.0,(306.6821922496853+158.0222546255023j)
3753,2021-08-10 14:34:05,225245.0,(308.50188827490996+154.43958343253516j)
3754,2021-08-10 14:35:05,225305.0,(310.62564830983115+150.1223055115299j)
3755,2021-08-10 14:36:05,225365.0,(335.0326228683822+82.32946989949824j)
3756,2021-08-10 14:37:05,225425.0,(339.8403679702846+59.44345462556467j)
3757,2021-08-10 14:38:05,225485.0,(340.2262893602479+57.19328656544286j)
3758,2021-08-10 14:39:05,225545.0,(336.40379612843117+76.53421424683809j)
3759,2021-08-10 14:40:05,225605.0,(330.3387962016114+99.5051743582727j)
3760,2021-08-10 14:41:05,225665.0,(316.9535503998839+136.2550802315578j)
3761,2021-08-10 14:42:05,225725.0,(319.2665941487314+130.74341995171014j)
3762,2021-08-10 14:43:05,225785.0,(326.35756648760474+111.87376276986787j)
3763,2021-08-10 14:44:05,225845.0,(325.91874943305714+113.14578546279182j)
3764,2021-08-10 14:45:05,225905.0,(324.5915355381491+116.89882401883474j)
3765,2021-08-10 14:46:05,225965.0,(323.7807332578088+119.12613806816564j)
3766,2021-08-10 14:47:05,226025.0,(316.1904471586352+138.0166697381962j)
3767,2021-08-10 14:48:05,226085.0,(318.3608291735433+132.9337521020676j)
3768,2021-08-10 14:49:05,226145.0,(320.7195418599416+127.1376241289303j)
3769,2021-08-10 14:50:05,226205.0,(322.60420354167127+122.27644031964589j)
3770,2021-08-10 14:51:05,226265.0,(320.2303970911071+128.3646866504643j)
3771,2021-08-10 14:52:05,226325.0,(323.2114338035941+120.66221056579766j)
3772,2021-08-10 14:53:05,226385.0,(316.37490471719946+137.59331257435073j)
3773,2021-08-10 14:54:05,226445.0,(327.61468539281555+108.13703304125974j)
3774,2021-08-10 14:55:05,226505.0,(331.5248240078811+95.47927034986944j)
3775,2021-08-10 14:56:05,226565.0,(329.7782722702292+101.34737854756068j)
3776,2021-08-10 14:57:05,226625.0,(324.49966139605374+117.15361605109109j)
3777,2021-08-10 14:58:05,226685.0,(321.17966687698345+125.97071717184895j)
3778,2021-08-10 14:59:05,226745.0,(324.8985107609881+116.04291320581423j)
3779,2021-08-10 15:00:05,226805.0,(322.2479065985733+123.21236420439787j)
3780,2021-08-10 15:01:05,226865.0,(319.79043949650367+129.45684534482155j)
3781,2021-08-10 15:02:05,226925.0,(318.3233643356375+133.0234404834012j)
3782,2021-08-10 15:03:05,226985.0,(317.5089726295642+134.95574200351257j)
3783,2021-08-10 15:04:05,227045.0,(314.4495738676038+141.93824535509228j)
3784,2021-08-10 15:05:05,227105.0,(318.1161294052535+133.5182692077006j)
3785,2021-08-10 15:06:05,227165.0,(330.1077769752169+100.26891632245986j)
3786,2021-08-10 15:07:05,227225.0,(335.17579900824904+81.7446252617373j)
3787,2021-08-10 15:08:05,227285.0,(337.8547144108903+69.85121294820685j)
3788,2021-08-10 15:09:05,227345.0,(333.14893042300383+89.64814642818082j)
3789,2021-08-10 15:10:05,227405.0,(336.4942573385873+76.13550274446588j)
3790,2021-08-10 15:11:05,227465.0,(322.3218859547295+123.01870522236185j)
3791,2021-08-10 15:12:05,227525.0,(326.38184326702583+111.80291760780922j)
3792,2021-08-10 15:13:05,227585.0,(328.6351437073856+104.99496330979878j)
3793,2021-08-10 15:14:05,227645.0,(331.4481629722145+95.7450534614939j)
3794,2021-08-10 15:15:05,227705.0,(322.5911704776408+122.31082016676085j)
3795,2021-08-10 15:16:05,227765.0,(315.7537448163732+139.0128506089874j)
3796,2021-08-10 15:17:05,227825.0,(324.1299402336451+118.17267807802976j)
3797,2021-08-10 15:18:05,227885.0,(329.0386830751458+103.72340642388177j)
3798,2021-08-10 15:19:05,227945.0,(331.61993071133077+95.14841856285462j)
3799,2021-08-10 15:20:05,228005.0,(329.7043304245535+101.58766903171285j)
3800,2021-08-10 15:21:05,228065.0,(322.9535692760592+121.35069876953165j)
3801,2021-08-10 15:22:05,228125.0,(313.9503738165732+143.03902537571338j)
3802,2021-08-10 15:23:05,228185.0,(314.50617459306403+141.81278554078654j)
3803,2021-08-10 15:24:05,228245.0,(314.902772097972+140.92992629322097j)
3804,2021-08-10 15:25:05,228305.0,(312.1441052953729+146.9389585145857j)
3805,2021-08-10 15:26:05,228365.0,(323.7100587040918+119.3180535115849j)
3806,2021-08-10 15:27:05,228425.0,(312.40049591551315+146.39306729398575j)
3807,2021-08-10 15:28:05,228485.0,(306.0223766589856+159.29628050894962j)
3808,2021-08-10 15:29:05,228545.0,(307.0541470413762+157.29828601956515j)
3809,2021-08-10 15:30:05,228605.0,(309.93886934723605+151.53513542329688j)
3810,2021-08-10 15:31:05,228665.0,(335.1335700205041+81.91758202798626j)
3811,2021-08-10 15:32:05,228725.0,(334.8339626710558+83.13373227516021j)
3812,2021-08-10 15:33:05,228785.0,(330.9507450519174+97.45052257212762j)
3813,2021-08-10 15:34:05,228845.0,(330.11080885738784+100.25893414315325j)
3814,2021-08-10 15:35:05,228905.0,(332.7860431742143+90.98598501115418j)
3815,2021-08-10 15:36:05,228965.0,(329.84721232721813+101.12277943155586j)
3816,2021-08-10 15:37:05,229025.0,(328.4392941832687+105.6060132586979j)
3817,2021-08-10 15:38:05,229085.0,(322.33047276653457+122.99620451909202j)
3818,2021-08-10 15:39:05,229145.0,(313.74571364325556+143.4873763453924j)
3819,2021-08-10 15:40:05,229205.0,(316.54136170945185+137.2099352347562j)
3820,2021-08-10 15:41:05,229265.0,(332.1903639509078+93.13732924109115j)
3821,2021-08-10 15:42:05,229325.0,(338.0211222601895+69.0414433942542j)
3822,2021-08-10 15:43:05,229385.0,(340.10280741234175+57.92305577439428j)
3823,2021-08-10 15:44:05,229445.0,(335.86051545275166+78.88418193663406j)
3824,2021-08-10 15:45:05,229505.0,(328.79461574357305+104.49450061144906j)
3825,2021-08-10 15:46:05,229565.0,(310.56275027328405+150.2523814875951j)
3826,2021-08-10 15:47:05,229625.0,(315.9605642762018+138.5421301347145j)
3827,2021-08-10 15:48:05,229685.0,(321.87075068547057+124.19428269115949j)
3828,2021-08-10 15:49:05,229745.0,(328.76672640332896+104.58221459712276j)
3829,2021-08-10 15:50:05,229805.0,(325.6294896773844+113.97559147662368j)
3830,2021-08-10 15:51:05,229865.0,(310.857949763525+149.64068654218926j)
3831,2021-08-10 15:52:05,229925.0,(310.70340167648317+149.96131563393928j)
3832,2021-08-10 15:53:05,229985.0,(312.50094364712356+146.17852174535523j)
3833,2021-08-10 15:54:05,230045.0,(312.34981149495775+146.50117835384253j)
3834,2021-08-10 15:55:05,230105.0,(320.0126731583962+128.90651270598192j)
3835,2021-08-10 15:56:05,230165.0,(326.865480811086+110.38096508971822j)
3836,2021-08-10 15:57:05,230225.0,(323.5161970167279+119.84268967206008j)
3837,2021-08-10 15:58:05,230285.0,(318.07129134051206+133.625048643505j)
3838,2021-08-10 15:59:05,230345.0,(318.5987748801417+132.36245934883794j)
3839,2021-08-10 16:00:05,230405.0,(322.8339738984846+121.66850577249885j)
3840,2021-08-10 16:01:05,230465.0,(331.1570435917184+96.74715747551832j)
3841,2021-08-10 16:02:05,230525.0,(334.7916476995304+83.30397727980048j)
3842,2021-08-10 16:03:05,230585.0,(330.3064416469555+99.61252233793908j)
3843,2021-08-10 16:04:05,230645.0,(323.4151656247308+120.11507250935642j)
3844,2021-08-10 16:05:05,230705.0,(325.26476187745567+115.0123240387832j)
3845,2021-08-10 16:06:05,230765.0,(330.29340346733693+99.65574557426686j)
3846,2021-08-10 16:07:05,230825.0,(331.10718105432875+96.91766946360174j)
3847,2021-08-10 16:08:05,230885.0,(336.3346641502775+76.83744979448544j)
3848,2021-08-10 16:09:05,230945.0,(333.4182832537616+88.64112133831769j)
3849,2021-08-10 16:10:05,231005.0,(328.28149451641167+106.09552468446137j)
3850,2021-08-10 16:11:05,231065.0,(316.5119664067615+137.27772988116135j)
3851,2021-08-10 16:12:05,231125.0,(310.8601034792547+149.63621241152515j)
3852,2021-08-10 16:13:05,231185.0,(315.0784194607343+140.53679087742674j)
3853,2021-08-10 16:14:05,231245.0,(320.54272549252397+127.58276189918622j)
3854,2021-08-10 16:15:05,231305.0,(318.3923385294116+132.85826570361576j)
3855,2021-08-10 16:16:05,231365.0,(307.490033105293+156.44449348221193j)
3856,2021-08-10 16:17:05,231425.0,(314.59603496601284+141.61332841107583j)
3857,2021-08-10 16:18:05,231485.0,(312.04234422573944+147.1549367507089j)
3858,2021-08-10 16:19:05,231545.0,(309.330178061972+152.7738228236392j)
3859,2021-08-10 16:20:05,231605.0,(314.10272838146216+142.70415559233513j)
3860,2021-08-10 16:21:05,231665.0,(322.42470290154523+122.74897538818922j)
3861,2021-08-10 16:22:05,231725.0,(329.10964837785673+103.49801613849175j)
3862,2021-08-10 16:23:05,231785.0,(331.8073061250804+94.4929182638423j)
3863,2021-08-10 16:24:05,231845.0,(335.82954107910933+79.01594357213501j)
3864,2021-08-10 16:25:05,231905.0,(336.6131888875134+75.60794314739184j)
3865,2021-08-10 16:26:05,231965.0,(331.4015632558516+95.90622436306093j)
3866,2021-08-10 16:27:05,232025.0,(325.0176041310842+115.70893226060731j)
3867,2021-08-10 16:28:05,232085.0,(324.52170109817513+117.09255107113634j)
3868,2021-08-10 16:29:05,232145.0,(324.1918385173302+118.00276199629104j)
3869,2021-08-10 16:30:05,232205.0,(315.4164458410731+139.77648476401671j)
3870,2021-08-10 16:31:05,232265.0,(312.6062289115156+145.95323102186234j)
3871,2021-08-10 16:32:05,232325.0,(315.38658534667604+139.84384785668564j)
3872,2021-08-10 16:33:05,232385.0,(317.68421069970685+134.54271541820557j)
3873,2021-08-10 16:34:05,232445.0,(320.4742971223964+127.754549366768j)
3874,2021-08-10 16:35:05,232505.0,(323.86963781418467+118.88421973545876j)
3875,2021-08-10 16:36:05,232565.0,(320.97748672910757+126.48499125613914j)
3876,2021-08-10 16:37:05,232625.0,(312.9135050498256+145.29328393780898j)
3877,2021-08-10 16:38:05,232685.0,(319.5378642317335+130.0790272189265j)
3878,2021-08-10 16:39:05,232745.0,(318.32300736394853+133.02429470879213j)
3879,2021-08-10 16:40:05,232805.0,(318.64456980435887+132.25217629284995j)
3880,2021-08-10 16:41:05,232865.0,(324.8129049002329+116.2823151226026j)
3881,2021-08-10 16:42:05,232925.0,(326.15301871158476+112.46869958046393j)
3882,2021-08-10 16:43:05,232985.0,(331.3380673601424+96.12536147159986j)
3883,2021-08-10 16:44:05,233045.0,(327.92906868514046+107.17987642881684j)
3884,2021-08-10 16:45:05,233105.0,(320.8094742613042+126.91052448156371j)
3885,2021-08-10 16:46:05,233165.0,(319.04035166537665+131.29453152828881j)
3886,2021-08-10 16:47:05,233225.0,(316.0957949786335+138.2333114586557j)
3887,2021-08-10 16:48:05,233285.0,(304.4914614268822+162.20342141311792j)
3888,2021-08-10 16:49:05,233345.0,(310.67114327282246+150.02813315361033j)
3889,2021-08-10 16:50:05,233405.0,(312.23400127006613+146.74783968046802j)
3890,2021-08-10 16:51:05,233465.0,(326.0495631989621+112.76826831057578j)
3891,2021-08-10 16:52:05,233525.0,(331.70615332595713+94.8473924032528j)
3892,2021-08-10 16:53:05,233585.0,(332.56964171317804+91.77381658604135j)
3893,2021-08-10 16:54:05,233645.0,(331.6759332416792+94.95301631997343j)
3894,2021-08-10 16:55:05,233705.0,(338.70521348891504+65.60318860717412j)
3895,2021-08-10 16:56:05,233765.0,(334.3026932136931+85.24499580662433j)
3896,2021-08-10 16:57:05,233825.0,(333.08294194296593+89.89301300222839j)
3897,2021-08-10 16:58:05,233885.0,(331.50445005444766+95.54998479381472j)
3898,2021-08-10 16:59:05,233945.0,(316.30922630676946+137.74423165132143j)
3899,2021-08-10 17:00:05,234005.0,(313.6565624316451+143.6821521399352j)
3900,2021-08-10 17:01:05,234065.0,(300.9977829487895+168.5981454818332j)
3901,2021-08-10 17:02:05,234125.0,(300.47341223604064+169.5309073273378j)
3902,2021-08-10 17:03:05,234185.0,(289.1700630964832+188.16395672066398j)
3903,2021-08-10 17:04:05,234245.0,(303.9192200564395+163.2731076457036j)
3904,2021-08-10 17:05:05,234305.0,(296.8667969110433+175.7700341121243j)
3905,2021-08-10 17:06:05,234365.0,(311.41498406278964+148.47797042380554j)
3906,2021-08-10 17:07:05,234425.0,(313.39151738165833+144.25933880765479j)
3907,2021-08-10 17:08:05,234485.0,(324.9743210506314+115.83043925359674j)
3908,2021-08-10 17:09:05,234545.0,(319.6315370848442+129.8486830922049j)
3909,2021-08-10 17:10:05,234605.0,(323.0432049340676+121.11188110968317j)
3910,2021-08-10 17:11:05,234665.0,(326.25482253708583+112.17303941364263j)
3911,2021-08-10 17:12:05,234725.0,(324.137131065721+118.15295283861333j)
3912,2021-08-10 17:13:05,234785.0,(327.43395693300533+108.68304305269902j)
3913,2021-08-10 17:14:05,234845.0,(324.5619862272334+116.9808407228857j)
3914,2021-08-10 17:15:05,234905.0,(320.9405056028619+126.57879705297955j)
3915,2021-08-10 17:16:05,234965.0,(315.11252156113954+140.46031024948073j)
3916,2021-08-10 17:17:05,235025.0,(310.5163065330033+150.34834012087376j)
3917,2021-08-10 17:18:05,235085.0,(313.8853293790804+143.18170274370326j)
3918,2021-08-10 17:19:05,235145.0,(316.115444057812+138.18837153730533j)
3919,2021-08-10 17:20:05,235205.0,(321.56695654544626+124.97876802920992j)
3920,2021-08-10 17:21:05,235265.0,(326.7828266973125+110.62542282727885j)
3921,2021-08-10 17:22:05,235325.0,(327.9073210835651+107.24639285215962j)
3922,2021-08-10 17:23:05,235385.0,(325.64673435552976+113.92631128751171j)
3923,2021-08-10 17:24:05,235445.0,(323.94823050662757+118.66989488334812j)
3924,2021-08-10 17:25:05,235505.0,(323.35370876450065+120.2804183075637j)
3925,2021-08-10 17:26:05,235565.0,(322.4982068000929+122.55572859203491j)
3926,2021-08-10 17:27:05,235625.0,(322.2906024865854+123.10063992048863j)
3927,2021-08-10 17:28:05,235685.0,(319.3828403477397+130.45919397041445j)
3928,2021-08-10 17:29:05,235745.0,(315.25571865065166+140.13861658394225j)
3929,2021-08-10 17:30:05,235805.0,(315.0028624415672+140.70606473645375j)
3930,2021-08-10 17:31:05,235865.0,(332.65682118136124+91.45730873752986j)
3931,2021-08-10 17:32:05,235925.0,(335.78483397701285+79.20571488869929j)
3932,2021-08-10 17:33:05,235985.0,(336.03898172220136+78.12043755065663j)
3933,2021-08-10 17:34:05,236045.0,(339.29182128173136+62.498480072123904j)
3934,2021-08-10 17:35:05,236105.0,(336.7658880526928+74.92487333376818j)
3935,2021-08-10 17:36:05,236165.0,(318.2255505922731+133.2572660317051j)
3936,2021-08-10 17:37:05,236225.0,(303.3590423769614+164.31156808981203j)
3937,2021-08-10 17:38:05,236285.0,(304.7197847038901+161.7740795369111j)
3938,2021-08-10 17:39:05,236345.0,(301.42683748999804+167.82985920502432j)
3939,2021-08-10 17:40:05,236405.0,(304.3844749552958+162.40409910525327j)
3940,2021-08-10 17:41:05,236465.0,(320.3940936336535+127.95555777171107j)
3941,2021-08-10 17:42:05,236525.0,(317.7550052162716+134.37543175747263j)
3942,2021-08-10 17:43:05,236585.0,(328.907535663529+104.1385278547012j)
3943,2021-08-10 17:44:05,236645.0,(328.4296140873384+105.63611404459165j)
3944,2021-08-10 17:45:05,236705.0,(323.25509994783863+120.54517973653232j)
3945,2021-08-10 17:46:05,236765.0,(320.21409949246436+128.40533667348157j)
3946,2021-08-10 17:47:05,236825.0,(309.28541117865905+152.8644315465432j)
3947,2021-08-10 17:48:05,236885.0,(300.4908746613978+169.49995352574032j)
3948,2021-08-10 17:49:05,236945.0,(304.197443797004+162.75415566850702j)
3949,2021-08-10 17:50:05,237005.0,(307.1082230867059+157.19268212142097j)
3950,2021-08-10 17:51:05,237065.0,(332.08684246665797+93.5057701990903j)
3951,2021-08-10 17:52:05,237125.0,(334.12208946840826+85.95015607469806j)
3952,2021-08-10 17:53:05,237185.0,(328.7017221662591+104.78634379028301j)
3953,2021-08-10 17:54:05,237245.0,(324.4104659700875+117.40038146901689j)
3954,2021-08-10 17:55:05,237305.0,(321.90023246274984+124.11784859732147j)
3955,2021-08-10 17:56:05,237365.0,(331.9218711723428+94.08969889127431j)
3956,2021-08-10 17:57:05,237425.0,(334.1544066026665+85.82442862040978j)
3957,2021-08-10 17:58:05,237485.0,(332.9136885022198+90.51782149304597j)
3958,2021-08-10 17:59:05,237545.0,(331.20994097736354+96.56591012242033j)
3959,2021-08-10 18:00:05,237605.0,(329.2575697422815+103.02646634436533j)
3960,2021-08-10 18:01:05,237665.0,(311.2478540579973+148.82799919467988j)
3961,2021-08-10 18:02:05,237725.0,(307.3925149141234+156.63601685043707j)
3962,2021-08-10 18:03:05,237785.0,(316.51303945056185+137.27525581024088j)
3963,2021-08-10 18:04:05,237845.0,(317.7267279409401+134.4422788855642j)
3964,2021-08-10 18:05:05,237905.0,(316.65566186494823+136.9459448427429j)
3965,2021-08-10 18:06:05,237965.0,(314.6834950898701+141.418873980893j)
3966,2021-08-10 18:07:05,238025.0,(312.2164018715195+146.78527992411856j)
3967,2021-08-10 18:08:05,238085.0,(316.5179771774313+137.26387042301798j)
3968,2021-08-10 18:09:05,238145.0,(320.00469906005225+128.9263067782732j)
3969,2021-08-10 18:10:05,238205.0,(323.2123274637176+120.65981673898962j)
3970,2021-08-10 18:11:05,238265.0,(327.2671602200782+109.18427469872044j)
3971,2021-08-10 18:12:05,238325.0,(317.8678087506967+134.1083746826815j)
3972,2021-08-10 18:13:05,238385.0,(307.1522384753016+157.10665931020063j)
3973,2021-08-10 18:14:05,238445.0,(309.9471754897427+151.5181454675666j)
3974,2021-08-10 18:15:05,238505.0,(310.7275595265411+149.91125291544952j)
3975,2021-08-10 18:16:05,238565.0,(325.2677940079235+115.00374855290173j)
3976,2021-08-10 18:17:05,238625.0,(329.4128387516652+102.52893087109311j)
3977,2021-08-10 18:18:05,238685.0,(333.0938418129463+89.85261568976104j)
3978,2021-08-10 18:19:05,238745.0,(335.93516413729543+78.56567632273256j)
3979,2021-08-10 18:20:05,238805.0,(327.3867255211934+108.82523582566117j)
3980,2021-08-10 18:21:05,238865.0,(306.62545663097984+158.1323159440951j)
3981,2021-08-10 18:22:05,238925.0,(309.2870194609164+152.8611775205945j)
3982,2021-08-10 18:23:05,238985.0,(306.575593787817+158.22896477461836j)
3983,2021-08-10 18:24:05,239045.0,(318.93589772794354+131.5480639936246j)
3984,2021-08-10 18:25:05,239105.0,(323.6978096498538+119.35127995914834j)
3985,2021-08-10 18:26:05,239165.0,(324.8789949807658+116.09753925164625j)
3986,2021-08-10 18:27:05,239225.0,(315.24554792290763+140.16149440836364j)
3987,2021-08-10 18:28:05,239285.0,(313.56293053239096+143.88637390642288j)
3988,2021-08-10 18:29:05,239345.0,(312.45723874847965+146.27191785737818j)
3989,2021-08-10 18:30:05,239405.0,(308.8023789837803+153.83787158550305j)
3990,2021-08-10 18:31:05,239465.0,(319.24607888342194+130.7935056398441j)
3991,2021-08-10 18:32:05,239525.0,(323.5138393567893+119.84905399972729j)
3992,2021-08-10 18:33:05,239585.0,(326.45638655709934+111.58506923456089j)
3993,2021-08-10 18:34:05,239645.0,(327.36861259684025+108.8797110871439j)
3994,2021-08-10 18:35:05,239705.0,(326.624819636685+111.09107613711821j)
3995,2021-08-10 18:36:05,239765.0,(320.04696948793287+128.82133876648766j)
3996,2021-08-10 18:37:05,239825.0,(315.41601190391765+139.77746397265787j)
3997,2021-08-10 18:38:05,239885.0,(318.30848585141126+133.0590389074787j)
3998,2021-08-10 18:39:05,239945.0,(324.2247751635609+117.91223503156245j)
3999,2021-08-10 18:40:05,240005.0,(327.24792471593224+109.24191397588916j)
4000,2021-08-10 18:41:05,240065.0,(327.94252737040085+107.13868928596193j)
4001,2021-08-10 18:42:05,240125.0,(323.32384048767807+120.36068366496801j)
4002,2021-08-10 18:43:05,240185.0,(316.8269489711593+136.54920140969847j)
4003,2021-08-10 18:44:05,240245.0,(311.7579864955283+147.75641392594088j)
4004,2021-08-10 18:45:05,240305.0,(318.34902844111554+132.962009952459j)
4005,2021-08-10 18:46:05,240365.0,(329.0188341918634+103.78635144867131j)
4006,2021-08-10 18:47:05,240425.0,(325.76983687827+113.5738234819334j)
4007,2021-08-10 18:48:05,240485.0,(328.2962560499632+106.04983858345575j)
4008,2021-08-10 18:49:05,240545.0,(329.5990489161406+101.92873468053835j)
4009,2021-08-10 18:50:05,240605.0,(328.9194328434132+104.1009447505996j)
4010,2021-08-10 18:51:05,240665.0,(314.89307995867006+140.9515810274671j)
4011,2021-08-10 18:52:05,240725.0,(304.12699667618995+162.88575718189963j)
4012,2021-08-10 18:53:05,240785.0,(312.43339954843134+146.32283091373768j)
4013,2021-08-10 18:54:05,240845.0,(318.5157868800472+132.56203645155858j)
4014,2021-08-10 18:55:05,240905.0,(312.66633625642635+145.82442241265122j)
4015,2021-08-10 18:56:05,240965.0,(319.86805287708887+129.2649556090895j)
4016,2021-08-10 18:57:05,241025.0,(313.29775702114506+144.46285143772968j)
4017,2021-08-10 18:58:05,241085.0,(307.1904346129481+157.0319613400663j)
4018,2021-08-10 18:59:05,241145.0,(313.23868791299833+144.59088627760477j)
4019,2021-08-10 19:00:05,241205.0,(311.16300760132896+149.0053109808348j)
4020,2021-08-10 19:01:05,241265.0,(328.28974232938293+106.07000085465899j)
4021,2021-08-10 19:02:05,241325.0,(327.8421837695955+107.44534676375135j)
4022,2021-08-10 19:03:05,241385.0,(324.55393690083616+117.00317107740321j)
4023,2021-08-10 19:04:05,241445.0,(323.46556404865+119.97928518993899j)
4024,2021-08-10 19:05:05,241505.0,(324.8990925622465+116.04128425792595j)
4025,2021-08-10 19:06:05,241565.0,(320.3047828103978+128.17896125645532j)
4026,2021-08-10 19:07:05,241625.0,(322.119756371002+123.5470054492878j)
4027,2021-08-10 19:08:05,241685.0,(317.031600998829+136.0733771467413j)
4028,2021-08-10 19:09:05,241745.0,(323.8762526607103+118.86619772860475j)
4029,2021-08-10 19:10:05,241805.0,(327.6259929565691+108.10276934113259j)
4030,2021-08-10 19:11:05,241865.0,(323.0598856360293+121.06737914415955j)
4031,2021-08-10 19:12:05,241925.0,(319.75425513257096+129.54619378667482j)
4032,2021-08-10 19:13:05,241985.0,(322.8755275289477+121.55819068620484j)
4033,2021-08-10 19:14:05,242045.0,(321.898031719911+124.12355608363457j)
4034,2021-08-10 19:15:05,242105.0,(319.1039980211371+131.13976684029194j)
4035,2021-08-10 19:16:05,242165.0,(316.98278855674386+136.18704695671545j)
4036,2021-08-10 19:17:05,242225.0,(310.1929846930108+151.01427828931128j)
4037,2021-08-10 19:18:05,242285.0,(313.8091883263175+143.34850303361316j)
4038,2021-08-10 19:19:05,242345.0,(311.2347358617882+148.85543051243698j)
4039,2021-08-10 19:20:05,242405.0,(303.9790759681196+163.1616418572949j)
4040,2021-08-10 19:21:05,242465.0,(318.9085480136228+131.6143533351999j)
4041,2021-08-10 19:22:05,242525.0,(316.1982776891389+137.9987289304587j)
4042,2021-08-10 19:23:05,242585.0,(321.2953009785368+125.67549311266481j)
4043,2021-08-10 19:24:05,242645.0,(320.6388597941686+127.34096587467653j)
4044,2021-08-10 19:25:05,242705.0,(323.59848832788117+119.6203091114137j)
4045,2021-08-10 19:26:05,242765.0,(328.51687521997195+105.36442803767015j)
4046,2021-08-10 19:27:05,242825.0,(328.25778090856113+106.16887148777204j)
4047,2021-08-10 19:28:05,242885.0,(325.7449480484734+113.6451882874825j)
4048,2021-08-10 19:29:05,242945.0,(316.1609935500216+138.08412710178962j)
4049,2021-08-10 19:30:05,243005.0,(311.29339456876266+148.73272167837385j)
4050,2021-08-10 19:31:05,243065.0,(317.1914625344198+135.70031722614266j)
4051,2021-08-10 19:32:05,243125.0,(322.08946513651233+123.62595378024552j)
4052,2021-08-10 19:33:05,243185.0,(318.7792431152569+131.92723054344742j)
4053,2021-08-10 19:34:05,243245.0,(320.4340564453303+127.85544755696127j)
4054,2021-08-10 19:35:05,243305.0,(329.1777521555612+103.28120586927672j)
4055,2021-08-10 19:36:05,243365.0,(331.3152899240069+96.2038391259478j)
4056,2021-08-10 19:37:05,243425.0,(329.1035747992127+103.51732731470128j)
4057,2021-08-10 19:38:05,243485.0,(327.3382468626112+108.97096925746887j)
4058,2021-08-10 19:39:05,243545.0,(323.7720027215751+119.14986468167032j)
4059,2021-08-10 19:40:05,243605.0,(322.5369601097568+122.45370293771087j)
4060,2021-08-10 19:41:05,243665.0,(317.09905479060114+135.91611181499908j)
4061,2021-08-10 19:42:05,243725.0,(326.1662924949813+112.43019896841912j)
4062,2021-08-10 19:43:05,243785.0,(323.645181366341+119.49391858311554j)
4063,2021-08-10 19:44:05,243845.0,(318.97101477586745+131.46289108662322j)
4064,2021-08-10 19:45:05,243905.0,(319.85975890776393+129.28547726433592j)
4065,2021-08-10 19:46:05,243965.0,(322.19479968977845+123.35116964529985j)
4066,2021-08-10 19:47:05,244025.0,(315.2963282497274+140.04722557851744j)
4067,2021-08-10 19:48:05,244085.0,(315.9274676628977+138.61758609970357j)
4068,2021-08-10 19:49:05,244145.0,(316.00457175246675+138.44172287117811j)
4069,2021-08-10 19:50:05,244205.0,(313.7684379696038+143.43767752621656j)
4070,2021-08-10 19:51:05,244265.0,(326.3781630342147+111.81366058944472j)
4071,2021-08-10 19:52:05,244325.0,(323.83510679031355+118.97824847469477j)
4072,2021-08-10 19:53:05,244385.0,(322.72612216069433+121.95429502531098j)
4073,2021-08-10 19:54:05,244445.0,(316.5327201007421+137.22986958248285j)
4074,2021-08-10 19:55:05,244505.0,(317.8276485668014+134.2035238229526j)
4075,2021-08-10 19:56:05,244565.0,(327.7971580805067+107.58263407420041j)
4076,2021-08-10 19:57:05,244625.0,(324.3677283111702+117.51841060127927j)
4077,2021-08-10 19:58:05,244685.0,(325.19862145613365+115.19920400345784j)
4078,2021-08-10 19:59:05,244745.0,(326.98060457091907+110.03946671279476j)
4079,2021-08-10 20:00:05,244805.0,(327.3727002096236+108.86742009187103j)
4080,2021-08-10 20:01:05,244865.0,(325.04588633982195+115.62945893482139j)
4081,2021-08-10 20:02:05,244925.0,(321.0460159600318+126.31094820398978j)
4082,2021-08-10 20:03:05,244985.0,(323.04988660528375+121.09405751032263j)
4083,2021-08-10 20:04:05,245045.0,(317.9221688195958+133.97945578723784j)
4084,2021-08-10 20:05:05,245105.0,(318.87329396706497+131.69974333533747j)
4085,2021-08-10 20:06:05,245165.0,(326.88654026650664+110.31858316980667j)
4086,2021-08-10 20:07:05,245225.0,(320.3188248336902+128.14386624869599j)
4087,2021-08-10 20:08:05,245285.0,(312.8692968590039+145.38845581046823j)
4088,2021-08-10 20:09:05,245345.0,(320.148680168907+128.56835763945531j)
4089,2021-08-10 20:10:05,245405.0,(321.2886129533965+125.6925900221749j)
4090,2021-08-10 20:11:05,245465.0,(317.89940232390734+134.0334659781j)
4091,2021-08-10 20:12:05,245525.0,(323.4979913949354+119.89182442286175j)
4092,2021-08-10 20:13:05,245585.0,(322.2793580690907+123.13007497185579j)
4093,2021-08-10 20:14:05,245645.0,(323.5726730052757+119.69012191580771j)
4094,2021-08-10 20:15:05,245705.0,(326.76509024732684+110.67780172941787j)
4095,2021-08-10 20:16:05,245765.0,(326.6999720222225+110.86987093290514j)
4096,2021-08-10 20:17:05,245825.0,(318.8989147122204+131.6376929126608j)
4097,2021-08-10 20:18:05,245885.0,(321.5843312760913+124.93405411539798j)
4098,2021-08-10 20:19:05,245945.0,(312.59041257119566+145.98710206237294j)
4099,2021-08-10 20:20:05,246005.0,(309.72338494567913+151.97507959461865j)
4100,2021-08-10 20:21:05,246065.0,(317.6948839479256+134.51751080552341j)
4101,2021-08-10 20:22:05,246125.0,(313.3017725552703+144.4541425980081j)
4102,2021-08-10 20:23:05,246185.0,(313.8789463478883+143.1956949057459j)
4103,2021-08-10 20:24:05,246245.0,(312.87204185884934+145.3825485506236j)
4104,2021-08-10 20:25:05,246305.0,(314.3745911150502+142.10424505005116j)
4105,2021-08-10 20:26:05,246365.0,(322.2846644339403+123.11618525077233j)
4106,2021-08-10 20:27:05,246425.0,(317.5885210377671+134.7684358633124j)
4107,2021-08-10 20:28:05,246485.0,(320.4359824692525+127.85062040899496j)
4108,2021-08-10 20:29:05,246545.0,(325.8860173524666+113.24002690810282j)
4109,2021-08-10 20:30:05,246605.0,(321.3595167328574+125.51119872435429j)
4110,2021-08-10 20:31:05,246665.0,(316.2881551293582+137.7926083825509j)
4111,2021-08-10 20:32:05,246725.0,(309.9087310776729+151.59676250443687j)
4112,2021-08-10 20:33:05,246785.0,(308.4551539635731+154.53290262370808j)
4113,2021-08-10 20:34:05,246845.0,(310.25589394782475+150.8849902098818j)
4114,2021-08-10 20:35:05,246905.0,(313.5448182899933+143.92583827615897j)
4115,2021-08-10 20:36:05,246965.0,(331.2715582265945+96.35431858574898j)
4116,2021-08-10 20:37:05,247025.0,(329.66781764314896+101.70609623028244j)
4117,2021-08-10 20:38:05,247085.0,(328.30962849017243+106.00843287514891j)
4118,2021-08-10 20:39:05,247145.0,(325.8448771808942+113.35835220647837j)
4119,2021-08-10 20:40:05,247205.0,(323.9843365261345+118.5712852495091j)
4120,2021-08-10 20:41:05,247265.0,(319.6064289178655+129.91047145772876j)
4121,2021-08-10 20:42:05,247325.0,(319.3779481321238+130.47117017530903j)
4122,2021-08-10 20:43:05,247385.0,(306.16839484565065+159.01545207192214j)
4123,2021-08-10 20:44:05,247445.0,(298.70269425922703+172.6316901448826j)
4124,2021-08-10 20:45:05,247505.0,(296.0710355908531+177.10714803236996j)
4125,2021-08-10 20:46:05,247565.0,(318.90242981498295+131.62917707750003j)
4126,2021-08-10 20:47:05,247625.0,(326.44788168104645+111.60994823920258j)
4127,2021-08-10 20:48:05,247685.0,(327.0398546085497+109.86324907637984j)
4128,2021-08-10 20:49:05,247745.0,(319.1853915463629+130.94153589825885j)
4129,2021-08-10 20:50:05,247805.0,(320.01100303074355+128.91065874960626j)
4130,2021-08-10 20:51:05,247865.0,(331.91627629654255+94.10943379617815j)
4131,2021-08-10 20:52:05,247925.0,(333.5614500772064+88.10084575298549j)
4132,2021-08-10 20:53:05,247985.0,(332.16962339665366+93.2112723468856j)
4133,2021-08-10 20:54:05,248045.0,(332.35405345143533+92.55151621880903j)
4134,2021-08-10 20:55:05,248105.0,(330.0042051643304+100.60926683888769j)
4135,2021-08-10 20:56:05,248165.0,(314.7927004691313+141.17562017342715j)
4136,2021-08-10 20:57:05,248225.0,(312.97201684133535+145.1672024744808j)
4137,2021-08-10 20:58:05,248285.0,(319.26157716621736+130.75567041371258j)
4138,2021-08-10 20:59:05,248345.0,(320.1725050438576+128.50901530219963j)
4139,2021-08-10 21:00:05,248405.0,(315.86799099384757+138.75306218426542j)
4140,2021-08-10 21:01:05,248465.0,(322.129451612611+123.52172442027573j)
4141,2021-08-10 21:02:05,248525.0,(317.35655428537694+135.31377406647334j)
4142,2021-08-10 21:03:05,248585.0,(318.4945706361314+132.61300266303567j)
4143,2021-08-10 21:04:05,248645.0,(312.7971974098274+145.54350996371318j)
4144,2021-08-10 21:05:05,248705.0,(313.7430647064004+143.49316829952377j)
4145,2021-08-10 21:06:05,248765.0,(325.2296232858814+115.11165074536838j)
4146,2021-08-10 21:07:05,248825.0,(321.66684988462714+124.7214403593093j)
4147,2021-08-10 21:08:05,248885.0,(323.57604210985903+119.68101341699415j)
4148,2021-08-10 21:09:05,248945.0,(323.5922918882409+119.63707046946412j)
4149,2021-08-10 21:10:05,249005.0,(324.0040562608759+118.51738913129638j)
4150,2021-08-10 21:11:05,249065.0,(320.544890480428+127.57732238485956j)
4151,2021-08-10 21:12:05,249125.0,(310.16952703167044+151.06245232005818j)
4152,2021-08-10 21:13:05,249185.0,(304.89158364437833+161.45006108027036j)
4153,2021-08-10 21:14:05,249245.0,(306.43583795137255+158.49945494871622j)
4154,2021-08-10 21:15:05,249305.0,(309.8980751797625+151.6185443798953j)
4155,2021-08-10 21:16:05,249365.0,(332.319064708234+92.67706960971819j)
4156,2021-08-10 21:17:05,249425.0,(332.0961599805793+93.47267261693933j)
4157,2021-08-10 21:18:05,249485.0,(334.10011758238693+86.03552424106705j)
4158,2021-08-10 21:19:05,249545.0,(336.0713965719828+77.9808720530687j)
4159,2021-08-10 21:20:05,249605.0,(330.0707731996267+100.39066031957654j)
4160,2021-08-10 21:21:05,249665.0,(316.9081250526839+136.36069916069104j)
4161,2021-08-10 21:22:05,249725.0,(316.17622612570835+138.04924495593932j)
4162,2021-08-10 21:23:05,249785.0,(317.5195503528065+134.9308531943364j)
4163,2021-08-10 21:24:05,249845.0,(304.09438141539295+162.94663909264747j)
4164,2021-08-10 21:25:05,249905.0,(303.66875326817564+163.73847528468036j)
4165,2021-08-10 21:26:05,249965.0,(320.41993748216987+127.89082712971393j)
4166,2021-08-10 21:27:05,250025.0,(319.87712252100675+129.24251037364152j)
4167,2021-08-10 21:28:05,250085.0,(321.7994492312906+124.37891491100098j)
4168,2021-08-10 21:29:05,250145.0,(318.91257897925345+131.60458566783083j)
4169,2021-08-10 21:30:05,250205.0,(321.61920869019553+124.84424136295777j)
4170,2021-08-10 21:31:05,250265.0,(325.68905869619596+113.80525930547256j)
4171,2021-08-10 21:32:05,250325.0,(319.234049957884+130.82286248010033j)
4172,2021-08-10 21:33:05,250385.0,(316.0136023454752+138.42110797358865j)
4173,2021-08-10 21:34:05,250445.0,(315.71626440652744+139.09795249818617j)
4174,2021-08-10 21:35:05,250505.0,(314.3619756181693+142.13215078032664j)
4175,2021-08-10 21:36:05,250565.0,(320.8091181572221+126.91142465194183j)
4176,2021-08-10 21:37:05,250625.0,(322.4741211119032+122.61908992120932j)
4177,2021-08-10 21:38:05,250685.0,(321.0760536078821+126.2345745015541j)
4178,2021-08-10 21:39:05,250745.0,(327.4722382741562+108.56764324472682j)
4179,2021-08-10 21:40:05,250805.0,(321.71951887420875+124.5855175184807j)
4180,2021-08-10 21:41:05,250865.0,(310.81926927667706+149.72101337592034j)
4181,2021-08-10 21:42:05,250925.0,(313.6283373679443+143.7437511678992j)
4182,2021-08-10 21:43:05,250985.0,(314.1671641771152+142.56224238173854j)
4183,2021-08-10 21:44:05,251045.0,(319.87158069077185+129.25622563879483j)
4184,2021-08-10 21:45:05,251105.0,(315.38505183951264+139.84730628863718j)
4185,2021-08-10 21:46:05,251165.0,(313.74637339996985+143.48593372998866j)
4186,2021-08-10 21:47:05,251225.0,(313.85707435096873+143.2436277111498j)
4187,2021-08-10 21:48:05,251285.0,(314.2562450439755+142.3657699408843j)
4188,2021-08-10 21:49:05,251345.0,(309.0665679387763+153.3064140293737j)
4189,2021-08-10 21:50:05,251405.0,(306.50421329996254+158.36719113936158j)
4190,2021-08-10 21:51:05,251465.0,(318.7946627374719+131.889965539845j)
4191,2021-08-10 21:52:05,251525.0,(312.1076205417542+147.01643853584667j)
4192,2021-08-10 21:53:05,251585.0,(310.1375850192974+151.12801976601858j)
4193,2021-08-10 21:54:05,251645.0,(312.79601428722486+145.54605266384314j)
4194,2021-08-10 21:55:05,251705.0,(312.75717401010564+145.62949599999482j)
4195,2021-08-10 21:56:05,251765.0,(326.3272800486343+111.96207525792032j)
4196,2021-08-10 21:57:05,251825.0,(330.79655761517927+97.9726363325362j)
4197,2021-08-10 21:58:05,251885.0,(327.0476974242439+109.83989989753363j)
4198,2021-08-10 21:59:05,251945.0,(321.87827506245225+124.17478022054371j)
4199,2021-08-10 22:00:05,252005.0,(322.46589262543944+122.64072771016386j)
4200,2021-08-10 22:01:05,252065.0,(319.1451061478586+131.03969330654j)
4201,2021-08-10 22:02:05,252125.0,(337.79406869858826-70.14390317093451j)
4202,2021-08-10 22:03:05,252185.0,(340.207886942066-57.30264969802375j)
4203,2021-08-10 22:04:05,252245.0,(343.6278024887614-30.739768326140265j)
4204,2021-08-10 22:05:05,252305.0,(343.7524155975448-29.313423049053956j)
4205,2021-08-10 22:06:05,252365.0,(321.315670457477+125.623405137984j)
4206,2021-08-10 22:07:05,252425.0,(326.9420525568471+110.15395712327285j)
4207,2021-08-10 22:08:05,252485.0,(325.46854057628985+114.43438773000003j)
4208,2021-08-10 22:09:05,252545.0,(323.022951821886+121.16588874875434j)
4209,2021-08-10 22:10:05,252605.0,(324.3941220546649+117.44553451018552j)
4210,2021-08-10 22:11:05,252665.0,(324.93564089777317+115.9389031962671j)
4211,2021-08-10 22:12:05,252725.0,(318.9281421770441+131.56686561402586j)
4212,2021-08-10 22:13:05,252785.0,(319.2386266660365+130.81169383653352j)
4213,2021-08-10 22:14:05,252845.0,(323.00964087408727+121.201369226561j)
4214,2021-08-10 22:15:05,252905.0,(324.9885365182107+115.79054854240749j)
4215,2021-08-10 22:16:05,252965.0,(323.70107721124094+119.3424174896849j)
4216,2021-08-10 22:17:05,253025.0,(326.78509553179276+110.61872055975464j)
4217,2021-08-10 22:18:05,253085.0,(324.65744665442475+116.71564733072151j)
4218,2021-08-10 22:19:05,253145.0,(323.8313208557585+118.98855252844601j)
4219,2021-08-10 22:20:05,253205.0,(318.22115875071967+133.26775350154767j)
4220,2021-08-10 22:21:05,253265.0,(313.1949657544151+144.6855674422669j)
4221,2021-08-10 22:22:05,253325.0,(312.35353459961095+146.49324019602284j)
4222,2021-08-10 22:23:05,253385.0,(309.8422969248574+151.73249828671683j)
4223,2021-08-10 22:24:05,253445.0,(308.0888963685162+155.26181737449068j)
4224,2021-08-10 22:25:05,253505.0,(306.5864197602308+158.20798721494296j)
4225,2021-08-10 22:26:05,253565.0,(318.44465076075653+132.7328309117974j)
4226,2021-08-10 22:27:05,253625.0,(318.02579291909376+133.73329816534735j)
4227,2021-08-10 22:28:05,253685.0,(323.9083917823873+118.77859122311348j)
4228,2021-08-10 22:29:05,253745.0,(325.36177995922014+114.73757946622385j)
4229,2021-08-10 22:30:05,253805.0,(319.29792703928746+130.66688099290445j)
4230,2021-08-10 22:31:05,253865.0,(315.3549160127454+139.91524915674594j)
4231,2021-08-10 22:32:05,253925.0,(305.76404012703784+159.79158853078337j)
4232,2021-08-10 22:33:05,253985.0,(311.81848154266686+147.62870509635155j)
4233,2021-08-10 22:34:05,254045.0,(312.0642367362882+147.10850468344069j)
4234,2021-08-10 22:35:05,254105.0,(304.1814074862877+162.7841249620521j)
4235,2021-08-10 22:36:05,254165.0,(316.2414101992317+137.8998566902854j)
4236,2021-08-10 22:37:05,254225.0,(314.4667746297753+141.9001326776904j)
4237,2021-08-10 22:38:05,254285.0,(311.37746264702236+148.55664157317975j)
4238,2021-08-10 22:39:05,254345.0,(310.7105114520076+149.9465840665664j)
4239,2021-08-10 22:40:05,254405.0,(310.1504053381423+151.10170769579682j)
4240,2021-08-10 22:41:05,254465.0,(323.18303033321826+120.73826611575183j)
4241,2021-08-10 22:42:05,254525.0,(318.27441176752745+133.14052280967803j)
4242,2021-08-10 22:43:05,254585.0,(316.37760279703133+137.58710858363105j)
4243,2021-08-10 22:44:05,254645.0,(316.42274683081183+137.4832545732169j)
4244,2021-08-10 22:45:05,254705.0,(312.00126690549456+147.24200979804078j)
4245,2021-08-10 22:46:05,254765.0,(319.7696845876792+129.50810329356298j)
4246,2021-08-10 22:47:05,254825.0,(318.6869438194262+132.1500353349703j)
4247,2021-08-10 22:48:05,254885.0,(314.3698139976368+142.11481290523952j)
4248,2021-08-10 22:49:05,254945.0,(313.3424006772496+144.36599301018916j)
4249,2021-08-10 22:50:05,255005.0,(313.3612862722718+144.324995291139j)
4250,2021-08-10 22:51:05,255065.0,(318.91551595530717+131.59746837595395j)
4251,2021-08-10 22:52:05,255125.0,(317.9286023111702+133.9641886194432j)
4252,2021-08-10 22:53:05,255185.0,(321.88011767096026+124.17000381786562j)
4253,2021-08-10 22:54:05,255245.0,(318.268233647789+133.15529073497757j)
4254,2021-08-10 22:55:05,255305.0,(316.2316122576493+137.92232382369338j)
4255,2021-08-10 22:56:05,255365.0,(315.44674983509134+139.70808143581854j)
4256,2021-08-10 22:57:05,255425.0,(311.980563454641+147.2858717817996j)
4257,2021-08-10 22:58:05,255485.0,(307.8569522786076+155.72121542592436j)
4258,2021-08-10 22:59:05,255545.0,(304.3178409435808+162.5289256822842j)
4259,2021-08-10 23:00:05,255605.0,(302.80397552955264+165.33224852852535j)
4260,2021-08-10 23:01:05,255665.0,(319.60979013111825+129.9022018764214j)
4261,2021-08-10 23:02:05,255725.0,(318.5604076115451+132.45477228988852j)
4262,2021-08-10 23:03:05,255785.0,(315.341872503334+139.944644220817j)
4263,2021-08-10 23:04:05,255845.0,(306.0258029421539+159.28969814024376j)
4264,2021-08-10 23:05:05,255905.0,(308.049753544759+155.33946485363344j)
4265,2021-08-10 23:06:05,255965.0,(318.581700206675+132.40355090942327j)
4266,2021-08-10 23:07:05,256025.0,(313.80383552046726+143.36022046803478j)
4267,2021-08-10 23:08:05,256085.0,(311.1953909305877+148.93766704080835j)
4268,2021-08-10 23:09:05,256145.0,(311.1030909414208+149.1303684924504j)
4269,2021-08-10 23:10:05,256205.0,(307.5273103425623+156.37120384990763j)
4270,2021-08-10 23:11:05,256265.0,(322.7861795153167+121.79524750131162j)
4271,2021-08-10 23:12:05,256325.0,(319.0013318800503+131.38930800774463j)
4272,2021-08-10 23:13:05,256385.0,(317.18568106226076+135.7138302792675j)
4273,2021-08-10 23:14:05,256445.0,(319.801678517971+129.4290787152884j)
4274,2021-08-10 23:15:05,256505.0,(317.71587476697977+134.46792525004918j)
4275,2021-08-10 23:16:05,256565.0,(316.1810927088488+138.0380984128599j)
4276,2021-08-10 23:17:05,256625.0,(308.0927428647974+155.25418446549457j)
4277,2021-08-10 23:18:05,256685.0,(306.15710589801387+159.03718592880205j)
4278,2021-08-10 23:19:05,256745.0,(305.6578148198196+159.99468816049136j)
4279,2021-08-10 23:20:05,256805.0,(303.4209013805593+164.1973099822555j)
4280,2021-08-10 23:21:05,256865.0,(319.6224696807874+129.87100090148746j)
4281,2021-08-10 23:22:05,256925.0,(319.18202622494505+130.94973896475892j)
4282,2021-08-10 23:23:05,256985.0,(320.6403188311933+127.33729202331382j)
4283,2021-08-10 23:24:05,257045.0,(315.93874551000397+138.59187958017225j)
4284,2021-08-10 23:25:05,257105.0,(316.51696703569877+137.2661996943252j)
4285,2021-08-10 23:26:05,257165.0,(323.9524580412064+118.65835381067954j)
4286,2021-08-10 23:27:05,257225.0,(323.7756528008156+119.13994566645447j)
4287,2021-08-10 23:28:05,257285.0,(325.8501286534831+113.3432558933635j)
4288,2021-08-10 23:29:05,257345.0,(318.64324441683874+132.2553695980271j)
4289,2021-08-10 23:30:05,257405.0,(322.99370285171597+121.24383661917585j)
4290,2021-08-10 23:31:05,257465.0,(326.4757850652701+111.52830029196883j)
4291,2021-08-10 23:32:05,257525.0,(323.6439012777373+119.49738560205499j)
4292,2021-08-10 23:33:05,257585.0,(316.56968521688873+137.1445748167969j)
4293,2021-08-10 23:34:05,257645.0,(313.5519304969459+143.91034320589472j)
4294,2021-08-10 23:35:05,257705.0,(311.2927435917081+148.73408414733686j)
4295,2021-08-10 23:36:05,257765.0,(316.9951114626709+136.15836114160922j)
4296,2021-08-10 23:37:05,257825.0,(309.33025612337264+152.7736647680113j)
4297,2021-08-10 23:38:05,257885.0,(307.5730519476314+156.28121357226414j)
4298,2021-08-10 23:39:05,257945.0,(305.63274955069096+160.04256434487863j)
4299,2021-08-10 23:40:05,258005.0,(305.0165023960465+161.21393632711334j)
4300,2021-08-10 23:41:05,258065.0,(322.9302645583883+121.41270210422525j)
4301,2021-08-10 23:42:05,258125.0,(320.7654900287566+127.02165329821393j)
4302,2021-08-10 23:43:05,258185.0,(320.8752459814255+126.74413799604177j)
4303,2021-08-10 23:44:05,258245.0,(319.53150843284675+130.0946390848969j)
4304,2021-08-10 23:45:05,258305.0,(319.3508387440617+130.5375110589454j)
4305,2021-08-10 23:46:05,258365.0,(322.3311946739385+122.99431263303022j)
4306,2021-08-10 23:47:05,258425.0,(318.45472874471045+132.70864983162514j)
4307,2021-08-10 23:48:05,258485.0,(321.1200639798528+126.1225773189529j)
4308,2021-08-10 23:49:05,258545.0,(322.2117710440108+123.30683111929348j)
4309,2021-08-10 23:50:05,258605.0,(320.8149421652072+126.89670162590818j)
4310,2021-08-10 23:51:05,258665.0,(315.314468165956+140.0063790161732j)
4311,2021-08-10 23:52:05,258725.0,(312.82624091305064+145.4810743574917j)
4312,2021-08-10 23:53:05,258785.0,(315.04147802679404+140.61958299857483j)
4313,2021-08-10 23:54:05,258845.0,(315.29300634734517+140.05470412825466j)
4314,2021-08-10 23:55:05,258905.0,(311.52579343978636+148.2453372680287j)
4315,2021-08-10 23:56:05,258965.0,(317.6360606617839+134.65635138107493j)
4316,2021-08-10 23:57:05,259025.0,(313.3127684397633+144.4302916032895j)
4317,2021-08-10 23:58:05,259085.0,(317.19661356120963+135.6882763738291j)
4318,2021-08-10 23:59:05,259145.0,(314.34071665456406+142.17916110701688j)
4319,2021-08-11 00:00:05,259205.0,(315.63254615337183+139.28781644041803j)
4320,2021-08-11 00:01:05,259265.0,(321.9717937953404+123.93209431059752j)
4321,2021-08-11 00:02:05,259325.0,(319.66767799804757+129.75968419866228j)
4322,2021-08-11 00:03:05,259385.0,(316.257335157593+137.86333072654932j)
4323,2021-08-11 00:04:05,259445.0,(313.68360834725246+143.62309652088533j)
4324,2021-08-11 00:05:05,259505.0,(314.5844247546456+141.63911783751232j)
4325,2021-08-11 00:06:05,259565.0,(323.3017451787498+120.42002144317506j)
4326,2021-08-11 00:07:05,259625.0,(324.7780283150931+116.37969034054277j)
4327,2021-08-11 00:08:05,259685.0,(323.8741038767449+118.87205238421446j)
4328,2021-08-11 00:09:05,259745.0,(325.49692534198385+114.35362518484054j)
4329,2021-08-11 00:10:05,259805.0,(324.7391412468519+116.48815451477104j)
4330,2021-08-11 00:11:05,259865.0,(317.586195057292+134.77391702043718j)
4331,2021-08-11 00:12:05,259925.0,(315.9706824861959+138.51905215242982j)
4332,2021-08-11 00:13:05,259985.0,(315.31964079398387+139.99472893488877j)
4333,2021-08-11 00:14:05,260045.0,(315.13503165194885+140.4097996071684j)
4334,2021-08-11 00:15:05,260105.0,(314.8670465204453+141.0097266698001j)
4335,2021-08-11 00:16:05,260165.0,(319.17821324329003+130.95903249039708j)
4336,2021-08-11 00:17:05,260225.0,(321.2498654147792+125.79158942865082j)
4337,2021-08-11 00:18:05,260285.0,(319.5064724146697+130.15611428255647j)
4338,2021-08-11 00:19:05,260345.0,(316.2952068085301+137.7764208779905j)
4339,2021-08-11 00:20:05,260405.0,(313.79588855872277+143.37761444396284j)
4340,2021-08-11 00:21:05,260465.0,(319.02364824047925+131.33511283482022j)
4341,2021-08-11 00:22:05,260525.0,(318.10629907856696+133.54168819712186j)
4342,2021-08-11 00:23:05,260585.0,(318.6030895674262+132.35207334262134j)
4343,2021-08-11 00:24:05,260645.0,(316.76291014095665+136.69769112546211j)
4344,2021-08-11 00:25:05,260705.0,(311.52243467034543+148.252395248982j)
4345,2021-08-11 00:26:05,260765.0,(320.5597006308647+127.54010479629689j)
4346,2021-08-11 00:27:05,260825.0,(321.12454104588596+126.11117768885158j)
4347,2021-08-11 00:28:05,260885.0,(319.1567197837083+131.01140491157057j)
4348,2021-08-11 00:29:05,260945.0,(317.95976360659665+133.89021146908829j)
4349,2021-08-11 00:30:05,261005.0,(315.9563635782486+138.55170989348912j)
4350,2021-08-11 00:31:05,261065.0,(322.16926845074835+123.41783690338146j)
4351,2021-08-11 00:32:05,261125.0,(325.46077367396884+114.45647556840827j)
4352,2021-08-11 00:33:05,261185.0,(321.96717023423236+123.94410551277073j)
4353,2021-08-11 00:34:05,261245.0,(320.775222931402+126.99707222337584j)
4354,2021-08-11 00:35:05,261305.0,(322.1764952407435+123.39897047541028j)
4355,2021-08-11 00:36:05,261365.0,(322.25630778242095+123.19038961883994j)
4356,2021-08-11 00:37:05,261425.0,(321.7663129157538+124.46461293315953j)
4357,2021-08-11 00:38:05,261485.0,(323.0614770568704+121.0631324633275j)
4358,2021-08-11 00:39:05,261545.0,(322.3530170167248+122.93710758031985j)
4359,2021-08-11 00:40:05,261605.0,(324.33468901710506+117.60956381254778j)
4360,2021-08-11 00:41:05,261665.0,(323.3212222895382+120.36771667352934j)
4361,2021-08-11 00:42:05,261725.0,(320.92543663800717+126.61699774795024j)
4362,2021-08-11 00:43:05,261785.0,(319.4482303049859+130.298995218738j)
4363,2021-08-11 00:44:05,261845.0,(316.80701479496247+136.59544420186356j)
4364,2021-08-11 00:45:05,261905.0,(316.9442967497398+136.2766038533866j)
4365,2021-08-11 00:46:05,261965.0,(319.35665845357585+130.52327264272114j)
4366,2021-08-11 00:47:05,262025.0,(318.78322488177184+131.9176088851587j)
4367,2021-08-11 00:48:05,262085.0,(316.9032359351123+136.37206111903762j)
4368,2021-08-11 00:49:05,262145.0,(316.1389869752634+138.13450298261574j)
4369,2021-08-11 00:50:05,262205.0,(318.023815511745+133.73800046116875j)
4370,2021-08-11 00:51:05,262265.0,(321.7428577626587+124.52523229738452j)
4371,2021-08-11 00:52:05,262325.0,(322.4089140618831+122.79043991059443j)
4372,2021-08-11 00:53:05,262385.0,(322.75583020320965+121.87565002836662j)
4373,2021-08-11 00:54:05,262445.0,(321.75633245653205+124.49041137421635j)
4374,2021-08-11 00:55:05,262505.0,(321.7676864330395+124.4610620536768j)
4375,2021-08-11 00:56:05,262565.0,(324.14379570709633+118.134667666169j)
4376,2021-08-11 00:57:05,262625.0,(323.0604678749233+121.06582546877397j)
4377,2021-08-11 00:58:05,262685.0,(321.72410276061623+124.57367981590839j)
4378,2021-08-11 00:59:05,262745.0,(322.35021570872806+122.9444526301878j)
4379,2021-08-11 01:00:05,262805.0,(321.31464413830133+125.62603019389248j)
4380,2021-08-11 01:01:05,262865.0,(319.8382175581561+129.33875903696318j)
4381,2021-08-11 01:02:05,262925.0,(319.145166834868+131.03954550418845j)
4382,2021-08-11 01:03:05,262985.0,(317.342484688815+135.34676727402552j)
4383,2021-08-11 01:04:05,263045.0,(320.4051932469927+127.92776141384338j)
4384,2021-08-11 01:05:05,263105.0,(317.3759692561709+135.26823033774815j)
4385,2021-08-11 01:06:05,263165.0,(316.21485716003485+137.96073394723138j)
4386,2021-08-11 01:07:05,263225.0,(313.15670410756627+144.7683621254526j)
4387,2021-08-11 01:08:05,263285.0,(314.12031746187614+142.66543434781303j)
4388,2021-08-11 01:09:05,263345.0,(313.5645629761518+143.88281636656592j)
4389,2021-08-11 01:10:05,263405.0,(314.3771450749966+142.09859483645343j)
4390,2021-08-11 01:11:05,263465.0,(323.6499401518153+119.48102878585516j)
4391,2021-08-11 01:12:05,263525.0,(322.5639539219198+122.38257894920181j)
4392,2021-08-11 01:13:05,263585.0,(322.6004107437099+122.28644646071638j)
4393,2021-08-11 01:14:05,263645.0,(322.37699779836424+122.87420921622824j)
4394,2021-08-11 01:15:05,263705.0,(322.1205132331558+123.54503209117023j)
4395,2021-08-11 01:16:05,263765.0,(321.6149447613508+124.8552253858575j)
4396,2021-08-11 01:17:05,263825.0,(321.7767289384965+124.43768204865174j)
4397,2021-08-11 01:18:05,263885.0,(321.92176251095435+124.06199588044957j)
4398,2021-08-11 01:19:05,263945.0,(320.97075384426404+126.50207577998422j)
4399,2021-08-11 01:20:05,264005.0,(322.16759151060046+123.4222142900495j)
4400,2021-08-11 01:21:05,264065.0,(324.02289450392533+118.46587625682798j)
4401,2021-08-11 01:22:05,264125.0,(323.58564985913677+119.65503418260417j)
4402,2021-08-11 01:23:05,264185.0,(320.6292716815455+127.36510566462738j)
4403,2021-08-11 01:24:05,264245.0,(319.2711721165179+130.73224030569042j)
4404,2021-08-11 01:25:05,264305.0,(320.73165825969363+127.10705483956077j)
4405,2021-08-11 01:26:05,264365.0,(322.3432341018929+122.96275626681555j)
4406,2021-08-11 01:27:05,264425.0,(323.6515374254866+119.47670200553263j)
4407,2021-08-11 01:28:05,264485.0,(323.460997908193+119.99159483995516j)
4408,2021-08-11 01:29:05,264545.0,(322.5305834859372+122.47049732985046j)
4409,2021-08-11 01:30:05,264605.0,(321.2040791931358+125.90845686326936j)
4410,2021-08-11 01:31:05,264665.0,(320.8928315369102+126.69960800343532j)
4411,2021-08-11 01:32:05,264725.0,(320.68294132167074+127.22991450630578j)
4412,2021-08-11 01:33:05,264785.0,(323.3700906709823+120.23636912116359j)
4413,2021-08-11 01:34:05,264845.0,(322.48099758127+122.60100407006836j)
4414,2021-08-11 01:35:05,264905.0,(322.24161686930523+123.22881301650155j)
4415,2021-08-11 01:36:05,264965.0,(322.05495971638396+123.71581516555725j)
4416,2021-08-11 01:37:05,265025.0,(321.7057330415701+124.62111108550594j)
4417,2021-08-11 01:38:05,265085.0,(322.40360155158106+122.80438797766709j)
4418,2021-08-11 01:39:05,265145.0,(322.92300582787647+121.43200693017174j)
4419,2021-08-11 01:40:05,265205.0,(322.25871750894515+123.18408578014403j)
4420,2021-08-11 01:41:05,265265.0,(321.711219770826+124.60694632951765j)
4421,2021-08-11 01:42:05,265325.0,(320.9096204776692+126.65707830547146j)
4422,2021-08-11 01:43:05,265385.0,(319.5334148004488+130.08995666831598j)
4423,2021-08-11 01:44:05,265445.0,(317.3238081271031+135.39054913735094j)
4424,2021-08-11 01:45:05,265505.0,(317.414103849744+135.1787212443732j)
4425,2021-08-11 01:46:05,265565.0,(321.3313707548359+125.5832399996839j)
4426,2021-08-11 01:47:05,265625.0,(322.15608206235186+123.45225307881262j)
4427,2021-08-11 01:48:05,265685.0,(321.2559222311813+125.77612027484875j)
4428,2021-08-11 01:49:05,265745.0,(320.60131006468674+127.43547380853809j)
4429,2021-08-11 01:50:05,265805.0,(322.1956188062037+123.3490300816649j)
4430,2021-08-11 01:51:05,265865.0,(322.1978717942363+123.34314497070723j)
4431,2021-08-11 01:52:05,265925.0,(322.24819027089956+123.21162228917413j)
4432,2021-08-11 01:53:05,265985.0,(319.99322461716383+128.95478354488964j)
4433,2021-08-11 01:54:05,266045.0,(321.6774084020779+124.69420565416327j)
4434,2021-08-11 01:55:05,266105.0,(320.3912025420314+127.96279667806182j)
4435,2021-08-11 01:56:05,266165.0,(319.7458654781127+129.56689974546998j)
4436,2021-08-11 01:57:05,266225.0,(321.08339101290153+126.21591031108633j)
4437,2021-08-11 01:58:05,266285.0,(319.76567799717037+129.51799556436148j)
4438,2021-08-11 01:59:05,266345.0,(317.88937917574987+134.05723631067565j)
4439,2021-08-11 02:00:05,266405.0,(320.11623679478714+128.6491155832164j)
4440,2021-08-11 02:01:05,266465.0,(325.08288220471417+115.52540715130998j)
4441,2021-08-11 02:02:05,266525.0,(326.22738087185724+112.25282165490627j)
4442,2021-08-11 02:03:05,266585.0,(326.22213440119384+112.26806770729334j)
4443,2021-08-11 02:04:05,266645.0,(324.76006215560443+116.42981589218435j)
4444,2021-08-11 02:05:05,266705.0,(325.28514680428543+114.95465744594468j)
4445,2021-08-11 02:06:05,266765.0,(321.927965505807+124.04589886526654j)
4446,2021-08-11 02:07:05,266825.0,(319.56962732511323+130.0009741936122j)
4447,2021-08-11 02:08:05,266885.0,(322.6975482696875+122.02988298254124j)
4448,2021-08-11 02:09:05,266945.0,(321.7676536028552+124.46114692912403j)
4449,2021-08-11 02:10:05,267005.0,(323.12083757807466+120.9046083606555j)
4450,2021-08-11 02:11:05,267065.0,(323.8844779815984+118.84378369350027j)
4451,2021-08-11 02:12:05,267125.0,(320.05162153012526+128.80978051350544j)
4452,2021-08-11 02:13:05,267185.0,(321.1274949633223+126.10365569079038j)
4453,2021-08-11 02:14:05,267245.0,(321.3943847666263+125.42188581137584j)
4454,2021-08-11 02:15:05,267305.0,(321.37893039792465+125.46148052803261j)
4455,2021-08-11 02:16:05,267365.0,(321.29229948667756+125.68316629749222j)
4456,2021-08-11 02:17:05,267425.0,(319.5461134415293+130.05876127509933j)
4457,2021-08-11 02:18:05,267485.0,(323.02594797749737+121.15790082879104j)
4458,2021-08-11 02:19:05,267545.0,(324.12383825430356+118.1894135500217j)
4459,2021-08-11 02:20:05,267605.0,(323.91277464340635+118.76663850934678j)
4460,2021-08-11 02:21:05,267665.0,(319.7734775085181+129.49873776261012j)
4461,2021-08-11 02:22:05,267725.0,(321.1054853535669+126.15968958367894j)
4462,2021-08-11 02:23:05,267785.0,(323.4352030252297+120.06110712478215j)
4463,2021-08-11 02:24:05,267845.0,(323.4707300390228+119.96535669943076j)
4464,2021-08-11 02:25:05,267905.0,(324.94939796902196+115.90033977331642j)
4465,2021-08-11 02:26:05,267965.0,(324.81299365605213+116.28206719951882j)
4466,2021-08-11 02:27:05,268025.0,(326.29511212707206+112.05578879282176j)
4467,2021-08-11 02:28:05,268085.0,(323.42384433110317+120.091702120048j)
4468,2021-08-11 02:29:05,268145.0,(324.11149422807915+118.22326044075176j)
4469,2021-08-11 02:30:05,268205.0,(322.5418887807621+122.44072027613394j)
4470,2021-08-11 02:31:05,268265.0,(322.11628654650633+123.55605182057668j)
4471,2021-08-11 02:32:05,268325.0,(321.70618967238596+124.6199323000732j)
4472,2021-08-11 02:33:05,268385.0,(322.5592013920376+122.39510446635894j)
4473,2021-08-11 02:34:05,268445.0,(321.3091928987446+125.63997197849636j)
4474,2021-08-11 02:35:05,268505.0,(318.1433245695106+133.45345642529858j)
4475,2021-08-11 02:36:05,268565.0,(321.2551055746593+125.77820614961294j)
4476,2021-08-11 02:37:05,268625.0,(318.68033086434104+132.1659817055589j)
4477,2021-08-11 02:38:05,268685.0,(318.3099083727875+133.05563585097644j)
4478,2021-08-11 02:39:05,268745.0,(318.9540763858648+131.5039815246668j)
4479,2021-08-11 02:40:05,268805.0,(318.80368495169864+131.86815559951566j)
4480,2021-08-11 02:41:05,268865.0,(321.9107315488756+124.09061573571049j)
4481,2021-08-11 02:42:05,268925.0,(322.08065880968843+123.64889494337207j)
4482,2021-08-11 02:43:05,268985.0,(319.65480790931855+129.79138561729224j)
4483,2021-08-11 02:44:05,269045.0,(320.3660545938808+128.02574375472543j)
4484,2021-08-11 02:45:05,269105.0,(320.5330939827155+127.60695773298436j)
4485,2021-08-11 02:46:05,269165.0,(319.77149523177775+129.5036325252429j)
4486,2021-08-11 02:47:05,269225.0,(323.18576246483843+120.73095270070979j)
4487,2021-08-11 02:48:05,269285.0,(322.7189728374355+121.97321251303731j)
4488,2021-08-11 02:49:05,269345.0,(322.09363594445927+123.61508679800441j)
4489,2021-08-11 02:50:05,269405.0,(319.28560959067295+130.69697589581932j)
4490,2021-08-11 02:51:05,269465.0,(319.8941244327797+129.20042241953115j)
4491,2021-08-11 02:52:05,269525.0,(319.5655990344562+130.01087613638006j)
4492,2021-08-11 02:53:05,269585.0,(317.68725375873015+134.5355298768181j)
4493,2021-08-11 02:54:05,269645.0,(320.7455788771681+127.07192306229706j)
4494,2021-08-11 02:55:05,269705.0,(321.1086333511948+126.15167691048725j)
4495,2021-08-11 02:56:05,269765.0,(321.944989782068+124.00170786817479j)
4496,2021-08-11 02:57:05,269825.0,(320.09774707480307+128.6951138063734j)
4497,2021-08-11 02:58:05,269885.0,(320.9377237871966+126.5858501187755j)
4498,2021-08-11 02:59:05,269945.0,(321.5639024695756+124.98662579867204j)
4499,2021-08-11 03:00:05,270005.0,(325.35080614364404+114.76869321239556j)
4500,2021-08-11 03:01:05,270065.0,(325.2063339588672+115.17742987683711j)
4501,2021-08-11 03:02:05,270125.0,(322.1415526984804+123.49016165270899j)
4502,2021-08-11 03:03:05,270185.0,(321.367716069177+125.49020307769388j)
4503,2021-08-11 03:04:05,270245.0,(320.80156039080197+126.93052765519664j)
4504,2021-08-11 03:05:05,270305.0,(320.65471624677593+127.30103278724648j)
4505,2021-08-11 03:06:05,270365.0,(321.0204771986312+126.37584112148599j)
4506,2021-08-11 03:07:05,270425.0,(321.20355626678275+125.90979088844405j)
4507,2021-08-11 03:08:05,270485.0,(321.2562256908928+125.77534517878357j)
4508,2021-08-11 03:09:05,270545.0,(320.986323335425+126.46256454621641j)
4509,2021-08-11 03:10:05,270605.0,(320.6788664622772+127.24018470777617j)
4510,2021-08-11 03:11:05,270665.0,(323.3035197460853+120.41525700588208j)
4511,2021-08-11 03:12:05,270725.0,(325.3346109923441+114.81459354306897j)
4512,2021-08-11 03:13:05,270785.0,(325.08856999021157+115.50940075041211j)
4513,2021-08-11 03:14:05,270845.0,(325.1036813084057+115.46686277769288j)
4514,2021-08-11 03:15:05,270905.0,(323.9889190491405+118.55876320782652j)
4515,2021-08-11 03:16:05,270965.0,(324.4665457071235+117.24530147040922j)
4516,2021-08-11 03:17:05,271025.0,(323.66485938207404+119.44060783997305j)
4517,2021-08-11 03:18:05,271085.0,(322.70005016455644+122.02326673136056j)
4518,2021-08-11 03:19:05,271145.0,(324.46850644445755+117.2398751521981j)
4519,2021-08-11 03:20:05,271205.0,(325.2627599948166+115.01798537861092j)
4520,2021-08-11 03:21:05,271265.0,(321.508610444093+125.12878729656286j)
4521,2021-08-11 03:22:05,271325.0,(323.0832138470999+121.00511117398771j)
4522,2021-08-11 03:23:05,271385.0,(322.78655099910236+121.79426297697238j)
4523,2021-08-11 03:24:05,271445.0,(324.38235271073034+117.47803730847453j)
4524,2021-08-11 03:25:05,271505.0,(326.23051003087807+112.24372733027522j)
4525,2021-08-11 03:26:05,271565.0,(322.9395579918373+121.38798080550127j)
4526,2021-08-11 03:27:05,271625.0,(322.00622657060364+123.84260191776119j)
4527,2021-08-11 03:28:05,271685.0,(321.4694352618256+125.22939827549656j)
4528,2021-08-11 03:29:05,271745.0,(321.0532035428134+126.2926779148215j)
4529,2021-08-11 03:30:05,271805.0,(321.37243809795274+125.4781097681086j)
4530,2021-08-11 03:31:05,271865.0,(323.7172581562996+119.2985195707293j)
4531,2021-08-11 03:32:05,271925.0,(324.4749797262323+117.22195840225989j)
4532,2021-08-11 03:33:05,271985.0,(323.6011104397826+119.61321549954093j)
4533,2021-08-11 03:34:05,272045.0,(324.81167797545663+116.28574225057973j)
4534,2021-08-11 03:35:05,272105.0,(323.4010051029904+120.15319345891555j)
4535,2021-08-11 03:36:05,272165.0,(319.3183697164521+130.61691606230497j)
4536,2021-08-11 03:37:05,272225.0,(321.4593879154456+125.25518720207597j)
4537,2021-08-11 03:38:05,272285.0,(319.63897473350124+129.8303733003806j)
4538,2021-08-11 03:39:05,272345.0,(318.28965634942887+133.10407454680896j)
4539,2021-08-11 03:40:05,272405.0,(320.4676300912054+127.77127245091647j)
4540,2021-08-11 03:41:05,272465.0,(322.57079978971285+122.36453376295354j)
4541,2021-08-11 03:42:05,272525.0,(320.0973805166373+128.69602552677017j)
4542,2021-08-11 03:43:05,272585.0,(319.0291443595736+131.32176152183752j)
4543,2021-08-11 03:44:05,272645.0,(319.1976036327685+130.9117635474292j)
4544,2021-08-11 03:45:05,272705.0,(323.0773110073763+121.0208705647214j)
4545,2021-08-11 03:46:05,272765.0,(324.98450327654507+115.80186799053486j)
4546,2021-08-11 03:47:05,272825.0,(324.3137767074828+117.66721819491185j)
4547,2021-08-11 03:48:05,272885.0,(325.9308219121062+113.1110044500486j)
4548,2021-08-11 03:49:05,272945.0,(328.0195073619509+106.90277260213152j)
4549,2021-08-11 03:50:05,273005.0,(326.7737574846071+110.65220928382416j)
4550,2021-08-11 03:51:05,273065.0,(320.4017064447612+127.93649404014894j)
4551,2021-08-11 03:52:05,273125.0,(321.5585120842423+125.00049322369972j)
4552,2021-08-11 03:53:05,273185.0,(323.52495697793375+119.81903944042496j)
4553,2021-08-11 03:54:05,273245.0,(322.9210770640021+121.43713595035427j)
4554,2021-08-11 03:55:05,273305.0,(326.0600713074178+112.73788138421631j)
4555,2021-08-11 03:56:05,273365.0,(323.91519351958704+118.76004128985677j)
4556,2021-08-11 03:57:05,273425.0,(323.7837332027981+119.11798400434436j)
4557,2021-08-11 03:58:05,273485.0,(323.7345632867255+119.25155149327459j)
4558,2021-08-11 03:59:05,273545.0,(325.692873304547+113.79434203258218j)
4559,2021-08-11 04:00:05,273605.0,(324.4215439603426+117.36976533327272j)
4560,2021-08-11 04:01:05,273665.0,(322.89882058678256+121.49630308641j)
4561,2021-08-11 04:02:05,273725.0,(322.9022693228073+121.48713704002263j)
4562,2021-08-11 04:03:05,273785.0,(324.50545702701993+117.13756169429568j)
4563,2021-08-11 04:04:05,273845.0,(325.09313784689294+115.4965442117688j)
4564,2021-08-11 04:05:05,273905.0,(325.535809371948+114.24288519006657j)
4565,2021-08-11 04:06:05,273965.0,(323.4961243014918+119.89686218543733j)
4566,2021-08-11 04:07:05,274025.0,(324.31922377563893+117.65220392991804j)
4567,2021-08-11 04:08:05,274085.0,(326.2713681136347+112.124905124852j)
4568,2021-08-11 04:09:05,274145.0,(323.08080536646816+121.01154161382414j)
4569,2021-08-11 04:10:05,274205.0,(323.23294304239016+120.60457923377099j)
4570,2021-08-11 04:11:05,274265.0,(324.52755067286944+117.07633772145478j)
4571,2021-08-11 04:12:05,274325.0,(323.68924620151256+119.37450269423779j)
4572,2021-08-11 04:13:05,274385.0,(324.9762498111908+115.82502777316525j)
4573,2021-08-11 04:14:05,274445.0,(322.2866944842147+123.11087100024287j)
4574,2021-08-11 04:15:05,274505.0,(322.4064438515641+122.79692570658365j)
4575,2021-08-11 04:16:05,274565.0,(322.49844067132574+122.55511317184357j)
4576,2021-08-11 04:17:05,274625.0,(323.1379989839675+120.85873411813239j)
4577,2021-08-11 04:18:05,274685.0,(323.47909992383296+119.9427859959359j)
4578,2021-08-11 04:19:05,274745.0,(327.68108604779746+107.93565604811032j)
4579,2021-08-11 04:20:05,274805.0,(327.5639015873926+108.29076773596618j)
4580,2021-08-11 04:21:05,274865.0,(319.31954615323525+130.61403999758934j)
4581,2021-08-11 04:22:05,274925.0,(321.80099123257384+124.37492529337635j)
4582,2021-08-11 04:23:05,274985.0,(320.8825987389591+126.72552160686561j)
4583,2021-08-11 04:24:05,275045.0,(321.78385721559147+124.41924784958246j)
4584,2021-08-11 04:25:05,275105.0,(321.6224590568372+124.83586756310491j)
4585,2021-08-11 04:26:05,275165.0,(321.9261678334839+124.05056414239954j)
4586,2021-08-11 04:27:05,275225.0,(321.3770071025883+125.4664070808712j)
4587,2021-08-11 04:28:05,275285.0,(325.6380366151958+113.95116984656362j)
4588,2021-08-11 04:29:05,275345.0,(324.4155848718744+117.38623553142703j)
4589,2021-08-11 04:30:05,275405.0,(328.5193219300461+105.3567991096101j)
4590,2021-08-11 04:31:05,275465.0,(324.01069581183947+118.49923628246567j)
4591,2021-08-11 04:32:05,275525.0,(322.9913435362375+121.25012165212955j)
4592,2021-08-11 04:33:05,275585.0,(327.19129977794677+109.4113949715375j)
4593,2021-08-11 04:34:05,275645.0,(327.882235794333+107.32306113091175j)
4594,2021-08-11 04:35:05,275705.0,(327.93833040180016+107.15153500197637j)
4595,2021-08-11 04:36:05,275765.0,(322.3868800540689+122.84827865706295j)
4596,2021-08-11 04:37:05,275825.0,(324.95338697972227+115.8891551889429j)
4597,2021-08-11 04:38:05,275885.0,(321.3522152111414+125.52989197355447j)
4598,2021-08-11 04:39:05,275945.0,(324.0067174128852+118.51011379340896j)
4599,2021-08-11 04:40:05,276005.0,(326.6377985683619+111.0529087706135j)
4600,2021-08-11 04:41:05,276065.0,(321.54675426247087+125.03073551439331j)
4601,2021-08-11 04:42:05,276125.0,(324.0155940207995+118.48584232450922j)
4602,2021-08-11 04:43:05,276185.0,(322.6394671743022+122.18336311250562j)
4603,2021-08-11 04:44:05,276245.0,(321.98886274454435+123.88774058991868j)
4604,2021-08-11 04:45:05,276305.0,(322.47134282772913+122.62639624029238j)
4605,2021-08-11 04:46:05,276365.0,(324.3473102356506+117.5747521489995j)
4606,2021-08-11 04:47:05,276425.0,(324.16856956278355+118.06666975746698j)
4607,2021-08-11 04:48:05,276485.0,(322.8632271747666+121.59085713282492j)
4608,2021-08-11 04:49:05,276545.0,(324.7519570967593+116.45242102173998j)
4609,2021-08-11 04:50:05,276605.0,(324.0237719084206+118.46347638930662j)
4610,2021-08-11 04:51:05,276665.0,(323.29316062859914+120.44306659484727j)
4611,2021-08-11 04:52:05,276725.0,(323.90326432498216+118.79257283021j)
4612,2021-08-11 04:53:05,276785.0,(324.79274075603087+116.33862450702135j)
4613,2021-08-11 04:54:05,276845.0,(325.74930889136215+113.6326878886526j)
4614,2021-08-11 04:55:05,276905.0,(323.3304513853356+120.34292337713563j)
4615,2021-08-11 04:56:05,276965.0,(323.06006019729597+121.06691333853162j)
4616,2021-08-11 04:57:05,277025.0,(322.9842201257329+121.26909560878276j)
4617,2021-08-11 04:58:05,277085.0,(324.77837642214354+116.3787188819177j)
4618,2021-08-11 04:59:05,277145.0,(323.76069108531453+119.1805978671005j)
4619,2021-08-11 05:00:05,277205.0,(324.46996507576665+117.23583822249395j)
4620,2021-08-11 05:01:05,277265.0,(324.3308211587295+117.62022975026105j)
4621,2021-08-11 05:02:05,277325.0,(325.1186096515571+115.42482253934145j)
4622,2021-08-11 05:03:05,277385.0,(326.7130918350696+110.83120329388018j)
4623,2021-08-11 05:04:05,277445.0,(326.16101538274563+112.44550700004145j)
4624,2021-08-11 05:05:05,277505.0,(324.2107682453926+117.95074291301569j)
4625,2021-08-11 05:06:05,277565.0,(320.04243949304913+128.83259262833303j)
4626,2021-08-11 05:07:05,277625.0,(318.9877547217383+131.42226728216235j)
4627,2021-08-11 05:08:05,277685.0,(320.7992982140832+126.93624488439748j)
4628,2021-08-11 05:09:05,277745.0,(320.675908223923+127.24763999682706j)
4629,2021-08-11 05:10:05,277805.0,(321.5817017895712+124.94082228848708j)
4630,2021-08-11 05:11:05,277865.0,(320.8837857680011+126.72251588094196j)
4631,2021-08-11 05:12:05,277925.0,(320.94307333678995+126.57228637081604j)
4632,2021-08-11 05:13:05,277985.0,(321.0504721884083+126.29962116966162j)
4633,2021-08-11 05:14:05,278045.0,(320.39703116413534+127.94820210228856j)
4634,2021-08-11 05:15:05,278105.0,(320.16526769007464+128.52704526652295j)
4635,2021-08-11 05:16:05,278165.0,(320.4564994386612+127.79918609881419j)
4636,2021-08-11 05:17:05,278225.0,(319.813250038151+129.40048338408593j)
4637,2021-08-11 05:18:05,278285.0,(318.47160870253225+132.66813653029564j)
4638,2021-08-11 05:19:05,278345.0,(319.83562874475376+129.34516065724316j)
4639,2021-08-11 05:20:05,278405.0,(322.88546275045485+121.5317980794518j)
4640,2021-08-11 05:21:05,278465.0,(324.6752087257572+116.66622835630707j)
4641,2021-08-11 05:22:05,278525.0,(325.36408965162224+114.73102965271046j)
4642,2021-08-11 05:23:05,278585.0,(325.61979089593194+114.00329721937679j)
4643,2021-08-11 05:24:05,278645.0,(325.0272101520341+115.6819461315613j)
4644,2021-08-11 05:25:05,278705.0,(326.98381195907245+110.02993554807692j)
4645,2021-08-11 05:26:05,278765.0,(326.0717168471183+112.70419456423404j)
4646,2021-08-11 05:27:05,278825.0,(326.7288520906196+110.78473365742228j)
4647,2021-08-11 05:28:05,278885.0,(325.5643378288913+114.16156066748353j)
4648,2021-08-11 05:29:05,278945.0,(328.27109126561794+106.12770910219595j)
4649,2021-08-11 05:30:05,279005.0,(329.0727235725918+103.61535890260936j)
4650,2021-08-11 05:31:05,279065.0,(323.6677853766687+119.43267856563696j)
4651,2021-08-11 05:32:05,279125.0,(322.07262592663096+123.66981696729584j)
4652,2021-08-11 05:33:05,279185.0,(325.47974494813377+114.40251583115557j)
4653,2021-08-11 05:34:05,279245.0,(323.8826379551995+118.84879818988978j)
4654,2021-08-11 05:35:05,279305.0,(325.28657932009105+114.95060380108531j)
4655,2021-08-11 05:36:05,279365.0,(323.13895817315824+120.85616951883702j)
4656,2021-08-11 05:37:05,279425.0,(322.27768478784947+123.13445451125176j)
4657,2021-08-11 05:38:05,279485.0,(323.42389354630745+120.09156957649766j)
4658,2021-08-11 05:39:05,279545.0,(323.9780768882978+118.588387693569j)
4659,2021-08-11 05:40:05,279605.0,(325.0386936217755+115.6496763880018j)
4660,2021-08-11 05:41:05,279665.0,(322.1437684609162+123.48438136784591j)
4661,2021-08-11 05:42:05,279725.0,(324.36661473952074+117.52148417384504j)
4662,2021-08-11 05:43:05,279785.0,(321.8550568824087+124.23494821998153j)
4663,2021-08-11 05:44:05,279845.0,(322.18788726950083+123.36922345875173j)
4664,2021-08-11 05:45:05,279905.0,(320.0748878286498+128.75195602971337j)
4665,2021-08-11 05:46:05,279965.0,(320.8031637352376+126.92647532119668j)
4666,2021-08-11 05:47:05,280025.0,(320.9090496503023+126.65852459483276j)
4667,2021-08-11 05:48:05,280085.0,(323.71763509991786+119.29749672694908j)
4668,2021-08-11 05:49:05,280145.0,(322.2778780657225+123.13394864721623j)
4669,2021-08-11 05:50:05,280205.0,(324.30793893267185+117.68330699484278j)
4670,2021-08-11 05:51:05,280265.0,(321.5622039288683+124.99099569332554j)
4671,2021-08-11 05:52:05,280325.0,(323.14493427146283+120.84018973293595j)
4672,2021-08-11 05:53:05,280385.0,(320.23268370863127+128.35898209618105j)
4673,2021-08-11 05:54:05,280445.0,(326.3700516710614+111.83733442919998j)
4674,2021-08-11 05:55:05,280505.0,(327.26177788546534+109.20040629615053j)
4675,2021-08-11 05:56:05,280565.0,(321.9404575398567+124.01347426399977j)
4676,2021-08-11 05:57:05,280625.0,(325.81645646672075+113.44001364364105j)
4677,2021-08-11 05:58:05,280685.0,(325.331088401452+114.8245745453761j)
4678,2021-08-11 05:59:05,280745.0,(325.44860532615+114.491070792721j)
4679,2021-08-11 06:00:05,280805.0,(324.2417005274452+117.86568473932756j)
4680,2021-08-11 06:01:05,280865.0,(319.0224664203974+131.33798353502473j)
4681,2021-08-11 06:02:05,280925.0,(321.3842418430362+125.44787401537266j)
4682,2021-08-11 06:03:05,280985.0,(322.76736694244784+121.84509361086003j)
4683,2021-08-11 06:04:05,281045.0,(322.9586641184948+121.33713887675628j)
4684,2021-08-11 06:05:05,281105.0,(323.3033862380391+120.41561546168896j)
4685,2021-08-11 06:06:05,281165.0,(326.2839302192742+112.0883440892218j)
4686,2021-08-11 06:07:05,281225.0,(322.8387743091685+121.65576765017667j)
4687,2021-08-11 06:08:05,281285.0,(322.8063075076847+121.74189021554618j)
4688,2021-08-11 06:09:05,281345.0,(324.08271804677867+118.30212112811907j)
4689,2021-08-11 06:10:05,281405.0,(325.9665324409531+113.00805160881713j)
4690,2021-08-11 06:11:05,281465.0,(325.4785680299285+114.40586415558946j)
4691,2021-08-11 06:12:05,281525.0,(326.8811589627102+110.33452730308592j)
4692,2021-08-11 06:13:05,281585.0,(324.9902364596289+115.78577721773307j)
4693,2021-08-11 06:14:05,281645.0,(324.95573119941844+115.88258178281714j)
4694,2021-08-11 06:15:05,281705.0,(325.06985491301265+115.56205876858078j)
4695,2021-08-11 06:16:05,281765.0,(320.95862623750116+126.53284254981402j)
4696,2021-08-11 06:17:05,281825.0,(319.354454769147+130.52866435806658j)
4697,2021-08-11 06:18:05,281885.0,(320.0869612978479+128.72193755187962j)
4698,2021-08-11 06:19:05,281945.0,(320.13064612581826+128.61325519193622j)
4699,2021-08-11 06:20:05,282005.0,(322.00287541194655+123.85131499680753j)
4700,2021-08-11 06:21:05,282065.0,(324.3025828464512+117.6980660806313j)
4701,2021-08-11 06:22:05,282125.0,(323.52554625092944+119.81744832468148j)
4702,2021-08-11 06:23:05,282185.0,(326.5187264552423+111.40251915484961j)
4703,2021-08-11 06:24:05,282245.0,(327.8857324100346+107.31237804622153j)
4704,2021-08-11 06:25:05,282305.0,(328.717891167728+104.73561011538399j)
4705,2021-08-11 06:26:05,282365.0,(322.1717050460217+123.41147624001253j)
4706,2021-08-11 06:27:05,282425.0,(324.94172438215315+115.92185193289836j)
4707,2021-08-11 06:28:05,282485.0,(325.5216776381674+114.28314568488682j)
4708,2021-08-11 06:29:05,282545.0,(325.59724593503574+114.06767043961166j)
4709,2021-08-11 06:30:05,282605.0,(328.0755489088231+106.73066198695852j)
4710,2021-08-11 06:31:05,282665.0,(323.5880933432365+119.64842600924118j)
4711,2021-08-11 06:32:05,282725.0,(322.55720759912344+122.40035876522577j)
4712,2021-08-11 06:33:05,282785.0,(325.7179829731938+113.722449709256j)
4713,2021-08-11 06:34:05,282845.0,(323.99612644537217+118.53906549485876j)
4714,2021-08-11 06:35:05,282905.0,(324.0757130884502+118.32130909609025j)
4715,2021-08-11 06:36:05,282965.0,(322.54159458483434+122.44149526476866j)
4716,2021-08-11 06:37:05,283025.0,(320.76589371278817+127.02063387747789j)
4717,2021-08-11 06:38:05,283085.0,(322.19877331821147+123.34078997736233j)
4718,2021-08-11 06:39:05,283145.0,(325.0960279170962+115.48840908301838j)
4719,2021-08-11 06:40:05,283205.0,(325.1151494451381+115.43456848477199j)
4720,2021-08-11 06:41:05,283265.0,(322.3144483901769+123.0381906520736j)
4721,2021-08-11 06:42:05,283325.0,(323.08171553529974+121.00911158573001j)
4722,2021-08-11 06:43:05,283385.0,(323.8326858192078+118.98483766899987j)
4723,2021-08-11 06:44:05,283445.0,(322.61306561148893+122.25305679923565j)
4724,2021-08-11 06:45:05,283505.0,(323.2520484885105+120.55336224254238j)
4725,2021-08-11 06:46:05,283565.0,(324.55269531541035+117.00661504163949j)
4726,2021-08-11 06:47:05,283625.0,(326.92630590635474+110.20068287639849j)
4727,2021-08-11 06:48:05,283685.0,(327.72841885416534+107.7918525462326j)
4728,2021-08-11 06:49:05,283745.0,(327.7516812974139+107.72110009983399j)
4729,2021-08-11 06:50:05,283805.0,(326.93601848353444+110.17186491175525j)
4730,2021-08-11 06:51:05,283865.0,(321.7888033929611+124.40645486037388j)
4731,2021-08-11 06:52:05,283925.0,(322.71003469172+121.99685860410037j)
4732,2021-08-11 06:53:05,283985.0,(325.4985798628613+114.3489156365749j)
4733,2021-08-11 06:54:05,284045.0,(327.1341972293171+109.58201039919946j)
4734,2021-08-11 06:55:05,284105.0,(327.01436582634125+109.93909469881882j)
4735,2021-08-11 06:56:05,284165.0,(320.5738487594381+127.50453910179411j)
4736,2021-08-11 06:57:05,284225.0,(323.3353596844795+120.32973521830863j)
4737,2021-08-11 06:58:05,284285.0,(323.184088650429+120.7354332546649j)
4738,2021-08-11 06:59:05,284345.0,(327.857090734028+107.39985128210996j)
4739,2021-08-11 07:00:05,284405.0,(324.7952603165289+116.331590189072j)
4740,2021-08-11 07:01:05,284465.0,(317.12640208882596+135.85229147201125j)
4741,2021-08-11 07:02:05,284525.0,(319.2183149413725+130.861252500466j)
4742,2021-08-11 07:03:05,284585.0,(318.7971485328274+131.88395689900412j)
4743,2021-08-11 07:04:05,284645.0,(318.5657929966447+132.44181942430012j)
4744,2021-08-11 07:05:05,284705.0,(320.6528204242777+127.3058080134443j)
4745,2021-08-11 07:06:05,284765.0,(322.8654419207911+121.58497610022492j)
4746,2021-08-11 07:07:05,284825.0,(326.7369927457459+110.7607221512499j)
4747,2021-08-11 07:08:05,284885.0,(328.16962265738584+106.44105770288546j)
4748,2021-08-11 07:09:05,284945.0,(327.4204536021075+108.72371665368232j)
4749,2021-08-11 07:10:05,285005.0,(331.7487994841166+94.69812057716553j)
4750,2021-08-11 07:11:05,285065.0,(327.82967144840075+107.4835174249225j)
4751,2021-08-11 07:12:05,285125.0,(329.5256332702004+102.16583097040505j)
4752,2021-08-11 07:13:05,285185.0,(329.145991724187+103.38237824649539j)
4753,2021-08-11 07:14:05,285245.0,(330.0256007258106+100.53906139191804j)
4754,2021-08-11 07:15:05,285305.0,(328.94918250190597+104.00690040246242j)
4755,2021-08-11 07:16:05,285365.0,(321.9618347813611+123.9579644243141j)
4756,2021-08-11 07:17:05,285425.0,(323.32863940135246+120.34779159947296j)
4757,2021-08-11 07:18:05,285485.0,(322.56099293055667+122.39038295410867j)
4758,2021-08-11 07:19:05,285545.0,(324.29419189052174+117.72118376092499j)
4759,2021-08-11 07:20:05,285605.0,(322.42475432217526+122.74884032154809j)
4760,2021-08-11 07:21:05,285665.0,(321.817483049624+124.33224683727455j)
4761,2021-08-11 07:22:05,285725.0,(323.83845589426136+118.96913248410496j)
4762,2021-08-11 07:23:05,285785.0,(328.2532608061511+106.18284593157678j)
4763,2021-08-11 07:24:05,285845.0,(327.230889586976+109.29293161095255j)
4764,2021-08-11 07:25:05,285905.0,(326.5735309075345+111.24175884345584j)
4765,2021-08-11 07:26:05,285965.0,(317.3995321410794+135.21293206133763j)
4766,2021-08-11 07:27:05,286025.0,(319.0864897482441+131.18236184847296j)
4767,2021-08-11 07:28:05,286085.0,(318.5995833517219+132.36051332670633j)
4768,2021-08-11 07:29:05,286145.0,(319.6974476425638+129.68632144844798j)
4769,2021-08-11 07:30:05,286205.0,(320.0092459113415+128.91502058043716j)
4770,2021-08-11 07:31:05,286265.0,(319.3110866479346+130.6347195186457j)
4771,2021-08-11 07:32:05,286325.0,(320.8852810463371+126.71872950678296j)
4772,2021-08-11 07:33:05,286385.0,(322.2243181675869+123.27403936528458j)
4773,2021-08-11 07:34:05,286445.0,(324.01484286762235+118.48789643448812j)
4774,2021-08-11 07:35:05,286505.0,(324.16070394036+118.08826368818478j)
4775,2021-08-11 07:36:05,286565.0,(317.2255359192507+135.62064503881467j)
4776,2021-08-11 07:37:05,286625.0,(322.4431005190104+122.70063947546214j)
4777,2021-08-11 07:38:05,286685.0,(322.1134130292556+123.56354295116418j)
4778,2021-08-11 07:39:05,286745.0,(323.008396122081+121.2046865209461j)
4779,2021-08-11 07:40:05,286805.0,(324.4343262678124+117.33442776589754j)
4780,2021-08-11 07:41:05,286865.0,(328.18899569064087+106.38130995418571j)
4781,2021-08-11 07:42:05,286925.0,(329.6946804325035+101.61898294368721j)
4782,2021-08-11 07:43:05,286985.0,(330.0608956986596+100.42313045607862j)
4783,2021-08-11 07:44:05,287045.0,(329.5893635532756+101.96004821765602j)
4784,2021-08-11 07:45:05,287105.0,(330.74530139832916+98.1455327711272j)
4785,2021-08-11 07:46:05,287165.0,(324.8313908641703+116.23066509853852j)
4786,2021-08-11 07:47:05,287225.0,(325.25007591425407+115.05384877426735j)
4787,2021-08-11 07:48:05,287285.0,(327.56915476493225+108.27487634067231j)
4788,2021-08-11 07:49:05,287345.0,(328.3930540297651+105.74971425495096j)
4789,2021-08-11 07:50:05,287405.0,(331.09762331807+96.95031631266308j)
4790,2021-08-11 07:51:05,287465.0,(329.2124541122987+103.1705387082845j)
4791,2021-08-11 07:52:05,287525.0,(328.28626143495757+106.08077372011704j)
4792,2021-08-11 07:53:05,287585.0,(329.6752974568609+101.68184816736117j)
4793,2021-08-11 07:54:05,287645.0,(330.0942595940853+100.31340779293966j)
4794,2021-08-11 07:55:05,287705.0,(328.55584941315396+105.24283261296648j)
4795,2021-08-11 07:56:05,287765.0,(319.5716962671661+129.99588818468894j)
4796,2021-08-11 07:57:05,287825.0,(325.32458502586184+114.84299881904333j)
4797,2021-08-11 07:58:05,287885.0,(328.0240775995008+106.88874830868158j)
4798,2021-08-11 07:59:05,287945.0,(325.5403534212623+114.22993606913936j)
4799,2021-08-11 08:00:05,288005.0,(323.2246746325338+120.62673712196921j)
4800,2021-08-11 08:01:05,288065.0,(319.29866172519746+130.66508569812333j)
4801,2021-08-11 08:02:05,288125.0,(323.11415321194085+120.92247100572503j)
4802,2021-08-11 08:03:05,288185.0,(325.98765224201327+112.94711410983567j)
4803,2021-08-11 08:04:05,288245.0,(328.28755230094055+106.07677881731342j)
4804,2021-08-11 08:05:05,288305.0,(325.5512313081678+114.19893079068571j)
4805,2021-08-11 08:06:05,288365.0,(320.5614259783287+127.53576821715741j)
4806,2021-08-11 08:07:05,288425.0,(317.51368258742167+134.94466039741636j)
4807,2021-08-11 08:08:05,288485.0,(317.62433944606573+134.68399679045172j)
4808,2021-08-11 08:09:05,288545.0,(317.29004930150603+135.46964462287434j)
4809,2021-08-11 08:10:05,288605.0,(318.51521134001325+132.56341933213213j)
4810,2021-08-11 08:11:05,288665.0,(324.0196062176482+118.47486985247222j)
4811,2021-08-11 08:12:05,288725.0,(324.5959662860123+116.88652048397184j)
4812,2021-08-11 08:13:05,288785.0,(328.5768946071354+105.17710934576716j)
4813,2021-08-11 08:14:05,288845.0,(329.3794434668755+102.63616429627213j)
4814,2021-08-11 08:15:05,288905.0,(326.6314353686757+111.07162296913936j)
4815,2021-08-11 08:16:05,288965.0,(318.0280026111219+133.7280432638578j)
4816,2021-08-11 08:17:05,289025.0,(319.1851067794298+130.9422300489953j)
4817,2021-08-11 08:18:05,289085.0,(321.7212443388016+124.58106172726696j)
4818,2021-08-11 08:19:05,289145.0,(322.8487818782256+121.62920718209877j)
4819,2021-08-11 08:20:05,289205.0,(323.96646252805954+118.62011278470197j)
4820,2021-08-11 08:21:05,289265.0,(320.78544928997457+126.97123896311773j)
4821,2021-08-11 08:22:05,289325.0,(321.13378406763655+126.08763908647272j)
4822,2021-08-11 08:23:05,289385.0,(323.30791014480087+120.40346854555872j)
4823,2021-08-11 08:24:05,289445.0,(329.5945483828729+101.94328656802286j)
4824,2021-08-11 08:25:05,289505.0,(332.0783830192817+93.53580881833017j)
4825,2021-08-11 08:26:05,289565.0,(318.568055636928+132.4363769049393j)
4826,2021-08-11 08:27:05,289625.0,(319.03226082944104+131.31419020827678j)
4827,2021-08-11 08:28:05,289685.0,(326.3438897130951+111.91365263866248j)
4828,2021-08-11 08:29:05,289745.0,(323.9702219204021+118.60984490692753j)
4829,2021-08-11 08:30:05,289805.0,(324.10640140871305+118.23722157550118j)
4830,2021-08-11 08:31:05,289865.0,(320.90274786284016+126.67448998941512j)
4831,2021-08-11 08:32:05,289925.0,(321.13518826718564+126.08406265900241j)
4832,2021-08-11 08:33:05,289985.0,(324.300688753244+117.7032848911684j)
4833,2021-08-11 08:34:05,290045.0,(325.6563488613876+113.89882548240004j)
4834,2021-08-11 08:35:05,290105.0,(327.9292983076447+107.1791738700005j)
4835,2021-08-11 08:36:05,290165.0,(329.0414953878969+103.71448458579286j)
4836,2021-08-11 08:37:05,290225.0,(330.261843739807+99.76028553278772j)
4837,2021-08-11 08:38:05,290285.0,(329.5593525083072+102.0570094324997j)
4838,2021-08-11 08:39:05,290345.0,(330.5397999185105+98.83542214120926j)
4839,2021-08-11 08:40:05,290405.0,(334.1976199071688+85.65600299093758j)
4840,2021-08-11 08:41:05,290465.0,(314.5846263535631+141.6386700798517j)
4841,2021-08-11 08:42:05,290525.0,(319.4418329212425+130.31467829802207j)
4842,2021-08-11 08:43:05,290585.0,(324.8243318563774+116.2503911135701j)
4843,2021-08-11 08:44:05,290645.0,(322.677436493193+122.0830536077034j)
4844,2021-08-11 08:45:05,290705.0,(324.7155073397201+116.5540187771669j)
4845,2021-08-11 08:46:05,290765.0,(319.39983050818415+130.4175918783322j)
4846,2021-08-11 08:47:05,290825.0,(320.00315287875327+128.9301444490669j)
4847,2021-08-11 08:48:05,290885.0,(323.29399846341863+120.44081765554016j)
4848,2021-08-11 08:49:05,290945.0,(323.3720124375662+120.23120049337669j)
4849,2021-08-11 08:50:05,291005.0,(324.8677680713676+116.1289510343055j)
4850,2021-08-11 08:51:05,291065.0,(320.40893099505115+127.91839953114075j)
4851,2021-08-11 08:52:05,291125.0,(323.94359948095166+118.6825360165715j)
4852,2021-08-11 08:53:05,291185.0,(320.8894383364125+126.70820164512514j)
4853,2021-08-11 08:54:05,291245.0,(322.7888393347543+121.78819811838171j)
4854,2021-08-11 08:55:05,291305.0,(326.22676784861045+112.25460319759199j)
4855,2021-08-11 08:56:05,291365.0,(327.3808738267344+108.84283831490153j)
4856,2021-08-11 08:57:05,291425.0,(326.7064945604451+110.85064912767028j)
4857,2021-08-11 08:58:05,291485.0,(327.03371539689954+109.88152253085916j)
4858,2021-08-11 08:59:05,291545.0,(330.38051817863044+99.36655980771211j)
4859,2021-08-11 09:00:05,291605.0,(330.32749376627635+99.54268864206271j)
4860,2021-08-11 09:01:05,291665.0,(321.555678735283+125.00778165014958j)
4861,2021-08-11 09:02:05,291725.0,(324.317986707678+117.6556139666884j)
4862,2021-08-11 09:03:05,291785.0,(324.21508370064066+117.93888036176435j)
4863,2021-08-11 09:04:05,291845.0,(320.6165724739683+127.39707004105168j)
4864,2021-08-11 09:05:05,291905.0,(322.47830383142065+122.60808928455722j)
4865,2021-08-11 09:06:05,291965.0,(315.5341019632437+139.51068238041603j)
4866,2021-08-11 09:07:05,292025.0,(320.4854151160194+127.72665617604147j)
4867,2021-08-11 09:08:05,292085.0,(319.5156059651318+130.1336910439977j)
4868,2021-08-11 09:09:05,292145.0,(320.98037115569304+126.47767128135119j)
4869,2021-08-11 09:10:05,292205.0,(321.60023831425065+124.89310115541686j)
4870,2021-08-11 09:11:05,292265.0,(326.64083300994037+111.04398322544198j)
4871,2021-08-11 09:12:05,292325.0,(331.5339211656704+95.4476773762204j)
4872,2021-08-11 09:13:05,292385.0,(332.973335981977+90.2981590345753j)
4873,2021-08-11 09:14:05,292445.0,(332.1303408187343+93.35114732895028j)
4874,2021-08-11 09:15:05,292505.0,(330.6291529410073+98.53610112802318j)
4875,2021-08-11 09:16:05,292565.0,(322.609422970658+122.26266891630941j)
4876,2021-08-11 09:17:05,292625.0,(318.1576115593478+133.41939216939633j)
4877,2021-08-11 09:18:05,292685.0,(316.4198702027557+137.4898750485695j)
4878,2021-08-11 09:19:05,292745.0,(317.7512948135409+134.38420533797202j)
4879,2021-08-11 09:20:05,292805.0,(316.0669383121096+138.29927876170981j)
4880,2021-08-11 09:21:05,292865.0,(319.1043505550305+131.13890901197942j)
4881,2021-08-11 09:22:05,292925.0,(328.57845450807+105.1722360373123j)
4882,2021-08-11 09:23:05,292985.0,(329.101919827233+103.52258867527156j)
4883,2021-08-11 09:24:05,293045.0,(329.81032341575747+101.24302725814496j)
4884,2021-08-11 09:25:05,293105.0,(332.2335641481614+92.98311058148951j)
4885,2021-08-11 09:26:05,293165.0,(329.85156597805076+101.10857738999013j)
4886,2021-08-11 09:27:05,293225.0,(325.2070751034528+115.17533721529638j)
4887,2021-08-11 09:28:05,293285.0,(331.32439517343516+96.17247611950818j)
4888,2021-08-11 09:29:05,293345.0,(333.42388861604127+88.62003441749327j)
4889,2021-08-11 09:30:05,293405.0,(333.55574582117407+88.12243998937129j)
4890,2021-08-11 09:31:05,293465.0,(322.61126200947615+122.25781621087928j)
4891,2021-08-11 09:32:05,293525.0,(324.5375190911566+117.0487022660106j)
4892,2021-08-11 09:33:05,293585.0,(328.70786041358144+104.76708692297152j)
4893,2021-08-11 09:34:05,293645.0,(332.35353837084324+92.55336586197409j)
4894,2021-08-11 09:35:05,293705.0,(326.7597376312038+110.69360353329758j)
4895,2021-08-11 09:36:05,293765.0,(319.66978501810803+129.7544933575581j)
4896,2021-08-11 09:37:05,293825.0,(315.9148171101447+138.64641477609078j)
4897,2021-08-11 09:38:05,293885.0,(309.8993855900477+151.6158659603636j)
4898,2021-08-11 09:39:05,293945.0,(313.76803056196144+143.43856872287884j)
4899,2021-08-11 09:40:05,294005.0,(318.9132692728259+131.60291289222297j)
4900,2021-08-11 09:41:05,294065.0,(324.01863470673595+118.47752682590398j)
4901,2021-08-11 09:42:05,294125.0,(318.11269308116124+133.52645618247692j)
4902,2021-08-11 09:43:05,294185.0,(316.2847863198759+137.8003408652912j)
4903,2021-08-11 09:44:05,294245.0,(323.5472817330327+119.758742825589j)
4904,2021-08-11 09:45:05,294305.0,(324.89555747045455+116.05118153626262j)
4905,2021-08-11 09:46:05,294365.0,(317.4275246396239+135.1472034529792j)
4906,2021-08-11 09:47:05,294425.0,(319.2981190363658+130.6664118273658j)
4907,2021-08-11 09:48:05,294485.0,(315.31320391502965+140.00922625612546j)
4908,2021-08-11 09:49:05,294545.0,(314.2656011314565+142.345115636204j)
4909,2021-08-11 09:50:05,294605.0,(314.5722098241784+141.66624441387958j)
4910,2021-08-11 09:51:05,294665.0,(324.10257019451+118.24772299419844j)
4911,2021-08-11 09:52:05,294725.0,(331.85901332983696+94.31116196796162j)
4912,2021-08-11 09:53:05,294785.0,(336.26860791465566+77.12602239931468j)
4913,2021-08-11 09:54:05,294845.0,(339.95989036328956+58.756046022346865j)
4914,2021-08-11 09:55:05,294905.0,(341.2694855888932+50.59780831115359j)
4915,2021-08-11 09:56:05,294965.0,(310.7364148641386+149.89289668754128j)
4916,2021-08-11 09:57:05,295025.0,(310.2572643467204+150.8821723070333j)
4917,2021-08-11 09:58:05,295085.0,(312.805695113524+145.52524559177033j)
4918,2021-08-11 09:59:05,295145.0,(310.64328393655046+150.0858092729479j)
4919,2021-08-11 10:00:05,295205.0,(309.455871568415+152.51905963463273j)
4920,2021-08-11 10:01:05,295265.0,(315.2982672214431+140.0428601791447j)
4921,2021-08-11 10:02:05,295325.0,(320.4398250521441+127.84098920358565j)
4922,2021-08-11 10:03:05,295385.0,(320.75624516720563+127.04499669894705j)
4923,2021-08-11 10:04:05,295445.0,(323.656075951909+119.46440683070469j)
4924,2021-08-11 10:05:05,295505.0,(324.0886370656029+118.28590501391082j)
4925,2021-08-11 10:06:05,295565.0,(329.95411050940464+100.77343379059567j)
4926,2021-08-11 10:07:05,295625.0,(329.26325973257093+103.0082802025233j)
4927,2021-08-11 10:08:05,295685.0,(326.5385727376825+111.3443331042817j)
4928,2021-08-11 10:09:05,295745.0,(321.1213743067333+126.11924105129587j)
4929,2021-08-11 10:10:05,295805.0,(327.69280402604625+107.9000750210455j)
4930,2021-08-11 10:11:05,295865.0,(330.7292344310967+98.19966136713848j)
4931,2021-08-11 10:12:05,295925.0,(329.1189644576233+103.46838760868812j)
4932,2021-08-11 10:13:05,295985.0,(333.423488011508+88.6215416376841j)
4933,2021-08-11 10:14:05,296045.0,(332.55920228253876+91.8116385715964j)
4934,2021-08-11 10:15:05,296105.0,(329.5818055305967+101.98447657948711j)
4935,2021-08-11 10:16:05,296165.0,(310.25912512172965+150.87834595692954j)
4936,2021-08-11 10:17:05,296225.0,(313.8092857275302+143.34828980904277j)
4937,2021-08-11 10:18:05,296285.0,(316.5731754246362+137.13651811812392j)
4938,2021-08-11 10:19:05,296345.0,(322.34315772998036+122.96295647334193j)
4939,2021-08-11 10:20:05,296405.0,(321.0693732955747+126.25156447183895j)
4940,2021-08-11 10:21:05,296465.0,(322.8349060554079+121.66603236810161j)
4941,2021-08-11 10:22:05,296525.0,(326.4861674881438+111.49790329375588j)
4942,2021-08-11 10:23:05,296585.0,(327.230489645917+109.29412905592602j)
4943,2021-08-11 10:24:05,296645.0,(327.18448461266047+109.43177339670473j)
4944,2021-08-11 10:25:05,296705.0,(327.725326731571+107.80125332613264j)
4945,2021-08-11 10:26:05,296765.0,(315.3793380255135+139.86019142911573j)
4946,2021-08-11 10:27:05,296825.0,(311.76880354435957+147.73358838300285j)
4947,2021-08-11 10:28:05,296885.0,(309.0701425092916+153.2992074646382j)
4948,2021-08-11 10:29:05,296945.0,(310.59943869987023+150.17652506076158j)
4949,2021-08-11 10:30:05,297005.0,(314.92667506800075+140.8765038273377j)
4950,2021-08-11 10:31:05,297065.0,(314.08567260394324+142.7416907036223j)
4951,2021-08-11 10:32:05,297125.0,(318.70370589364916+132.10960544053708j)
4952,2021-08-11 10:33:05,297185.0,(322.0837204407041+123.64091971137366j)
4953,2021-08-11 10:34:05,297245.0,(328.30410025121085+106.02555238357822j)
4954,2021-08-11 10:35:05,297305.0,(329.54356363780636+102.10798041727719j)
4955,2021-08-11 10:36:05,297365.0,(321.4589467383138+125.2563194489362j)
4956,2021-08-11 10:37:05,297425.0,(327.04666592420585+109.84297113543909j)
4957,2021-08-11 10:38:05,297485.0,(329.8543869085264+101.09937406927982j)
4958,2021-08-11 10:39:05,297545.0,(332.74970223288994+91.11879972828355j)
4959,2021-08-11 10:40:05,297605.0,(335.4723438338132+80.5189823746413j)
4960,2021-08-11 10:41:05,297665.0,(331.7251327171673+94.7809913631302j)
4961,2021-08-11 10:42:05,297725.0,(326.4368987582515+111.64206702267326j)
4962,2021-08-11 10:43:05,297785.0,(327.0433925087073+109.8527169276919j)
4963,2021-08-11 10:44:05,297845.0,(321.51765684219333+125.10554079938122j)
4964,2021-08-11 10:45:05,297905.0,(318.5380562717178+132.50851560045467j)
4965,2021-08-11 10:46:05,297965.0,(322.13824248780077+123.49879645919987j)
4966,2021-08-11 10:47:05,298025.0,(322.64635363710283+122.1651770541899j)
4967,2021-08-11 10:48:05,298085.0,(321.56382847543034+124.9868161696425j)
4968,2021-08-11 10:49:05,298145.0,(327.30090815348484+109.08306707231924j)
4969,2021-08-11 10:50:05,298205.0,(328.2573031447118+106.17034864857884j)
4970,2021-08-11 10:51:05,298265.0,(320.2237879964674+128.38117307920777j)
4971,2021-08-11 10:52:05,298325.0,(326.70711717218734+110.84881410749811j)
4972,2021-08-11 10:53:05,298385.0,(324.02878559030944+118.44976196206241j)
4973,2021-08-11 10:54:05,298445.0,(325.9240062033052+113.13064209305931j)
4974,2021-08-11 10:55:05,298505.0,(321.3578269970583+125.51552504662035j)
4975,2021-08-11 10:56:05,298565.0,(316.23849889950986+137.9065328901597j)
4976,2021-08-11 10:57:05,298625.0,(317.50116219067536+134.97411606515695j)
4977,2021-08-11 10:58:05,298685.0,(315.86458163081113+138.76082325783682j)
4978,2021-08-11 10:59:05,298745.0,(320.11571815314903+128.65040610621352j)
4979,2021-08-11 11:00:05,298805.0,(319.8861579792787+129.2201452299754j)
4980,2021-08-11 11:01:05,298865.0,(327.6896267676394+107.90972388476018j)
4981,2021-08-11 11:02:05,298925.0,(327.6247716942277+108.10647053856295j)
4982,2021-08-11 11:03:05,298985.0,(328.43514698747174+105.6189103490366j)
4983,2021-08-11 11:04:05,299045.0,(330.1864526495831+100.00953197912997j)
4984,2021-08-11 11:05:05,299105.0,(330.4306303220904+99.19979105293538j)
4985,2021-08-11 11:06:05,299165.0,(316.465698486942+137.38435748356466j)
4986,2021-08-11 11:07:05,299225.0,(316.9329552085055+136.30297833431024j)
4987,2021-08-11 11:08:05,299285.0,(315.99279754865546+138.46859534701153j)
4988,2021-08-11 11:09:05,299345.0,(314.2774610631418+142.31892870488232j)
4989,2021-08-11 11:10:05,299405.0,(314.40685130032443+142.03285484498187j)
4990,2021-08-11 11:11:05,299465.0,(323.4465301648616+120.03058828611678j)
4991,2021-08-11 11:12:05,299525.0,(319.9678108189908+129.017828379269j)
4992,2021-08-11 11:13:05,299585.0,(329.40567700925493+102.55193783675867j)
4993,2021-08-11 11:14:05,299645.0,(333.13057413995386+89.716333926352j)
4994,2021-08-11 11:15:05,299705.0,(335.49881167655514+80.40862742031726j)
4995,2021-08-11 11:16:05,299765.0,(336.0925066972705+77.88983850249778j)
4996,2021-08-11 11:17:05,299825.0,(332.38104642837584+92.45452923019988j)
4997,2021-08-11 11:18:05,299885.0,(329.83781197160806+101.15343688566458j)
4998,2021-08-11 11:19:05,299945.0,(325.6868539139462+113.81156877767674j)
4999,2021-08-11 11:20:05,300005.0,(323.6500741013471+119.4806659430409j)
5000,2021-08-11 11:21:05,300065.0,(325.753617069778+113.62033693822798j)
5001,2021-08-11 11:22:05,300125.0,(325.5456642621128+114.21479974215137j)
5002,2021-08-11 11:23:05,300185.0,(324.41150200306623+117.39751857733015j)
5003,2021-08-11 11:24:05,300245.0,(328.18338607003943+106.39861421843531j)
5004,2021-08-11 11:25:05,300305.0,(333.44183447063153+88.5524874007498j)
5005,2021-08-11 11:26:05,300365.0,(325.54572813088924+114.21461769725077j)
5006,2021-08-11 11:27:05,300425.0,(327.2801088454966+109.14545503171392j)
5007,2021-08-11 11:28:05,300485.0,(326.0306881948949+112.82282727871718j)
5008,2021-08-11 11:29:05,300545.0,(331.06138751900676+97.0739805199623j)
5009,2021-08-11 11:30:05,300605.0,(327.5272797286406+108.40148077197466j)
5010,2021-08-11 11:31:05,300665.0,(308.64692202464715+154.14952975832065j)
5011,2021-08-11 11:32:05,300725.0,(305.8894856254204+159.55131645904945j)
5012,2021-08-11 11:33:05,300785.0,(318.67699416960147+132.17402690024915j)
5013,2021-08-11 11:34:05,300845.0,(320.76107416634943+127.03280402970591j)
5014,2021-08-11 11:35:05,300905.0,(320.6744321091134+127.25135988073995j)
5015,2021-08-11 11:36:05,300965.0,(317.8582388689335+134.1310552524658j)
5016,2021-08-11 11:37:05,301025.0,(323.08931738974934+120.9888134854864j)
5017,2021-08-11 11:38:05,301085.0,(325.292997965131+114.93243874058041j)
5018,2021-08-11 11:39:05,301145.0,(320.74903224062837+127.06320599095693j)
5019,2021-08-11 11:40:05,301205.0,(321.0676909776705+126.25584267774336j)
5020,2021-08-11 11:41:05,301265.0,(325.181050759235+115.24879273606228j)
5021,2021-08-11 11:42:05,301325.0,(329.6756271479688+101.68077922888618j)
5022,2021-08-11 11:43:05,301385.0,(331.048527106867+97.11782895212346j)
5023,2021-08-11 11:44:05,301445.0,(316.71016197970465+136.81985710703415j)
5024,2021-08-11 11:45:05,301505.0,(317.16868494994384+135.7535461309327j)
5025,2021-08-11 11:46:05,301565.0,(327.32460835973757+109.01192944877371j)
5026,2021-08-11 11:47:05,301625.0,(328.62956350102644+105.01242780321219j)
5027,2021-08-11 11:48:05,301685.0,(333.14696075655513+89.65546574900117j)
5028,2021-08-11 11:49:05,301745.0,(335.31561779985464+81.16918417417924j)
5029,2021-08-11 11:50:05,301805.0,(328.94969335201733+104.00528469079711j)
5030,2021-08-11 11:51:05,301865.0,(301.13436393403305+168.3540758581311j)
5031,2021-08-11 11:52:05,301925.0,(296.96615116325427+175.60212146578195j)
5032,2021-08-11 11:53:05,301985.0,(298.5663606098212+172.86737202898135j)
5033,2021-08-11 11:54:05,302045.0,(305.9790540128536+159.37947956182816j)
5034,2021-08-11 11:55:05,302105.0,(305.09680886279546+161.06190493639042j)
5035,2021-08-11 11:56:05,302165.0,(325.1382446817174+115.36950136535924j)
5036,2021-08-11 11:57:05,302225.0,(324.33973980799414+117.59563419312252j)
5037,2021-08-11 11:58:05,302285.0,(332.0669028572083+93.57655703658584j)
5038,2021-08-11 11:59:05,302345.0,(336.1548892650386+77.62016763193459j)
5039,2021-08-11 12:00:05,302405.0,(332.86620203671083+90.69229042016526j)
5040,2021-08-11 12:01:05,302465.0,(310.21884973443946+150.96113827552205j)
5041,2021-08-11 12:02:05,302525.0,(305.20900439118094+160.8491953307324j)
5042,2021-08-11 12:03:05,302585.0,(304.6525999926797+161.9005661438535j)
5043,2021-08-11 12:04:05,302645.0,(309.53960002927784+152.34905977299204j)
5044,2021-08-11 12:05:05,302705.0,(310.1933150406711+151.0135997322061j)
5045,2021-08-11 12:06:05,302765.0,(330.3033297615071+99.62284049584758j)
5046,2021-08-11 12:07:05,302825.0,(331.9219697500446+94.08935113630275j)
5047,2021-08-11 12:08:05,302885.0,(321.7699264712897+124.45527075484114j)
5048,2021-08-11 12:09:05,302945.0,(315.63378175277114+139.28501648219031j)
5049,2021-08-11 12:10:05,303005.0,(319.2373086710812+130.81491028336492j)
5050,2021-08-11 12:11:05,303065.0,(331.9857813634099+93.8639492698138j)
5051,2021-08-11 12:12:05,303125.0,(336.14425372881556+77.66621327899064j)
5052,2021-08-11 12:13:05,303185.0,(337.3997640290254+72.01665941404099j)
5053,2021-08-11 12:14:05,303245.0,(339.8695556105897+59.276345780254154j)
5054,2021-08-11 12:15:05,303305.0,(340.1507842771731+57.64064499660006j)
5055,2021-08-11 12:16:05,303365.0,(321.6682766577692+124.71776053161341j)
5056,2021-08-11 12:17:05,303425.0,(324.5869705722574+116.91149872756097j)
5057,2021-08-11 12:18:05,303485.0,(321.5862031624281+124.92923571195625j)
5058,2021-08-11 12:19:05,303545.0,(321.6227678160526+124.83507208449683j)
5059,2021-08-11 12:20:05,303605.0,(316.5761191773754+137.12972240397855j)
5060,2021-08-11 12:21:05,303665.0,(294.63751552535103+179.4818499042411j)
5061,2021-08-11 12:22:05,303725.0,(308.6315300655046+154.18034456254642j)
5062,2021-08-11 12:23:05,303785.0,(315.2431965678922+140.16678286119452j)
5063,2021-08-11 12:24:05,303845.0,(302.9677252561657+165.0319891812024j)
5064,2021-08-11 12:25:05,303905.0,(297.2411281290494+175.1362662288141j)
5065,2021-08-11 12:26:05,303965.0,(317.7733259458994+134.33210084444147j)
5066,2021-08-11 12:27:05,304025.0,(317.78977508653713+134.2931824421781j)
5067,2021-08-11 12:28:05,304085.0,(329.03778598691656+103.72625218732294j)
5068,2021-08-11 12:29:05,304145.0,(336.6326286763437+75.52134341002478j)
5069,2021-08-11 12:30:05,304205.0,(340.2957883567986+56.7783094731161j)
5070,2021-08-11 12:31:05,304265.0,(322.8076010934723+121.73846013597219j)
5071,2021-08-11 12:32:05,304325.0,(310.6827075632404+150.004184012227j)
5072,2021-08-11 12:33:05,304385.0,(303.47057046038714+164.10549309650548j)
5073,2021-08-11 12:34:05,304445.0,(302.23259814708666+166.37444700813168j)
5074,2021-08-11 12:35:05,304505.0,(308.6876836612294+154.06788749075764j)
5075,2021-08-11 12:36:05,304565.0,(331.40482984780607+95.89493601617725j)
5076,2021-08-11 12:37:05,304625.0,(336.35647993214207+76.74189473591662j)
5077,2021-08-11 12:38:05,304685.0,(338.7334703718865+65.4571313900808j)
5078,2021-08-11 12:39:05,304745.0,(335.67890948029776+79.65343514323835j)
5079,2021-08-11 12:40:05,304805.0,(335.0928833019886+82.08385688038692j)
5080,2021-08-11 12:41:05,304865.0,(329.6337513581238+101.81645233247238j)
5081,2021-08-11 12:42:05,304925.0,(331.77693908814905+94.59948567142762j)
5082,2021-08-11 12:43:05,304985.0,(328.5541766070565+105.24805477565428j)
5083,2021-08-11 12:44:05,305045.0,(325.62451390965185+113.98980630347137j)
5084,2021-08-11 12:45:05,305105.0,(323.39916365903076+120.15814972210345j)
5085,2021-08-11 12:46:05,305165.0,(326.116022370236+112.57592972485601j)
5086,2021-08-11 12:47:05,305225.0,(324.80444262944684+116.30595018387655j)
5087,2021-08-11 12:48:05,305285.0,(320.8377337073142+126.839065865192j)
5088,2021-08-11 12:49:05,305345.0,(323.8686970634334+118.88678253882566j)
5089,2021-08-11 12:50:05,305405.0,(322.48569586854904+122.58864531504418j)
5090,2021-08-11 12:51:05,305465.0,(317.86707653405233+134.1101101919423j)
5091,2021-08-11 12:52:05,305525.0,(326.3689436239145+111.84056794298803j)
5092,2021-08-11 12:53:05,305585.0,(321.3398481025178+125.5615467468078j)
5093,2021-08-11 12:54:05,305645.0,(321.84751853592223+124.25447602508808j)
5094,2021-08-11 12:55:05,305705.0,(320.4823835785311+127.73426249766842j)
5095,2021-08-11 12:56:05,305765.0,(318.99897801987083+131.39502282155877j)
5096,2021-08-11 12:57:05,305825.0,(318.08994634449783+133.5806349534037j)
5097,2021-08-11 12:58:05,305885.0,(313.8279182310834+143.3074936587213j)
5098,2021-08-11 12:59:05,305945.0,(313.84019194858183+143.28061249756473j)
5099,2021-08-11 13:00:05,306005.0,(319.58527252792186+129.96250837550772j)
5100,2021-08-11 13:01:05,306065.0,(328.8847011690036+104.210620077683j)
5101,2021-08-11 13:02:05,306125.0,(332.05541067844+93.61732873337353j)
5102,2021-08-11 13:03:05,306185.0,(334.0124271196819+86.37533519251413j)
5103,2021-08-11 13:04:05,306245.0,(328.9100117695437+104.13070708373505j)
5104,2021-08-11 13:05:05,306305.0,(334.18418914878+85.70838770489404j)
5105,2021-08-11 13:06:05,306365.0,(328.3220495255028+105.96995704148073j)
5106,2021-08-11 13:07:05,306425.0,(327.33300606089034+108.98671085568702j)
5107,2021-08-11 13:08:05,306485.0,(331.7667975905605+94.63504644952661j)
5108,2021-08-11 13:09:05,306545.0,(329.3140023051161+102.84594248576846j)
5109,2021-08-11 13:10:05,306605.0,(329.559603247818+102.0561997486718j)
5110,2021-08-11 13:11:05,306665.0,(319.37198088012104+130.485776346342j)
5111,2021-08-11 13:12:05,306725.0,(320.89274739059687+126.69982112108363j)
5112,2021-08-11 13:13:05,306785.0,(321.1426121864436+126.06515235412002j)
5113,2021-08-11 13:14:05,306845.0,(322.62353609716286+122.22542270805481j)
5114,2021-08-11 13:15:05,306905.0,(320.3676182113293+128.0218309570675j)
5115,2021-08-11 13:16:05,306965.0,(323.50781432916176+119.86531636786601j)
5116,2021-08-11 13:17:05,307025.0,(325.42693363507317+114.55265542480316j)
5117,2021-08-11 13:18:05,307085.0,(330.2983414455686+99.63937795021891j)
5118,2021-08-11 13:19:05,307145.0,(327.78261125299247+107.62694718410262j)
5119,2021-08-11 13:20:05,307205.0,(327.2341442993477+109.28318628532801j)
5120,2021-08-11 13:21:05,307265.0,(316.634842220267+136.99407539067752j)
5121,2021-08-11 13:22:05,307325.0,(308.66216507247987+154.11900548851582j)
5122,2021-08-11 13:23:05,307385.0,(308.77361246180084+153.89560178019906j)
5123,2021-08-11 13:24:05,307445.0,(310.71983860042803+149.9272553611382j)
5124,2021-08-11 13:25:05,307505.0,(315.7421747531579+139.03912788185312j)
5125,2021-08-11 13:26:05,307565.0,(333.4055223032304+88.68910698451175j)
5126,2021-08-11 13:27:05,307625.0,(333.65646407399896+87.74032129891162j)
5127,2021-08-11 13:28:05,307685.0,(329.46416021810046+102.36389564578813j)
5128,2021-08-11 13:29:05,307745.0,(331.71001172435854+94.83389753577532j)
5129,2021-08-11 13:30:05,307805.0,(323.16916874262523+120.77536327496858j)
5130,2021-08-11 13:31:05,307865.0,(313.92437278143757+143.0960802180863j)
5131,2021-08-11 13:32:05,307925.0,(320.1624499336327+128.53406417169782j)
5132,2021-08-11 13:33:05,307985.0,(328.4648485816197+105.52650494664182j)
5133,2021-08-11 13:34:05,308045.0,(323.0639369432407+121.05656796198124j)
5134,2021-08-11 13:35:05,308105.0,(315.9466427740105+138.57387531505276j)
5135,2021-08-11 13:36:05,308165.0,(321.1932299317252+125.93613082045161j)
5136,2021-08-11 13:37:05,308225.0,(326.7077507248129+110.84694680654721j)
5137,2021-08-11 13:38:05,308285.0,(330.7188202735515+98.23472867000925j)
5138,2021-08-11 13:39:05,308345.0,(331.66771104302654+94.98173219877306j)
5139,2021-08-11 13:40:05,308405.0,(333.5949538496114+87.9738982089326j)
5140,2021-08-11 13:41:05,308465.0,(317.696290910222+134.51418788324j)
5141,2021-08-11 13:42:05,308525.0,(320.04489862617544+128.82648354806975j)
5142,2021-08-11 13:43:05,308585.0,(319.99516004277734+128.9499808034004j)
5143,2021-08-11 13:44:05,308645.0,(320.990990704396+126.45071722457863j)
5144,2021-08-11 13:45:05,308705.0,(323.8433802231709+118.95572741835821j)
5145,2021-08-11 13:46:05,308765.0,(330.1050675937943+100.27783578087688j)
5146,2021-08-11 13:47:05,308825.0,(336.2310095022929+77.28976807488189j)
5147,2021-08-11 13:48:05,308885.0,(336.81144229018673+74.71982563151622j)
5148,2021-08-11 13:49:05,308945.0,(328.52505533717783+105.33891975762924j)
5149,2021-08-11 13:50:05,309005.0,(321.88187467208644+124.1654491297125j)
5150,2021-08-11 13:51:05,309065.0,(309.61115699295823+152.2035855868113j)
5151,2021-08-11 13:52:05,309125.0,(296.8618797958271+175.77833860885096j)
5152,2021-08-11 13:53:05,309185.0,(301.1458011753168+168.3336164718044j)
5153,2021-08-11 13:54:05,309245.0,(314.03134404897406+142.86117371348615j)
5154,2021-08-11 13:55:05,309305.0,(304.2471226543131+162.66126876601984j)
5155,2021-08-11 13:56:05,309365.0,(314.51271791231244+141.79827316088932j)
5156,2021-08-11 13:57:05,309425.0,(312.35715295157786+146.48552488210086j)
5157,2021-08-11 13:58:05,309485.0,(318.34241842788765+132.97783510601948j)
5158,2021-08-11 13:59:05,309545.0,(315.99228495637726+138.46976510432768j)
5159,2021-08-11 14:00:05,309605.0,(316.798578101974+136.6150098362822j)
5160,2021-08-11 14:01:05,309665.0,(333.27817539626403+89.16646120900548j)
5161,2021-08-11 14:02:05,309725.0,(333.6911694162331+87.60823850316137j)
5162,2021-08-11 14:03:05,309785.0,(333.75271835443766+87.37346846167557j)
5163,2021-08-11 14:04:05,309845.0,(334.54757882585153+84.27880814155269j)
5164,2021-08-11 14:05:05,309905.0,(328.7662629774815+104.58367142064525j)
5165,2021-08-11 14:06:05,309965.0,(308.22258076574167+154.9962602971628j)
5166,2021-08-11 14:07:05,310025.0,(311.274129615069+148.77303597218562j)
5167,2021-08-11 14:08:05,310085.0,(321.3656022361977+125.49561625557274j)
5168,2021-08-11 14:09:05,310145.0,(325.84132518245633+113.36856179444436j)
5169,2021-08-11 14:10:05,310205.0,(322.9885571667375+121.25754384511144j)
5170,2021-08-11 14:11:05,310265.0,(328.79053689830874+104.50733393461857j)
5171,2021-08-11 14:12:05,310325.0,(329.9434744374941+100.80825202390253j)
5172,2021-08-11 14:13:05,310385.0,(328.3222249810342+105.96941343379787j)
5173,2021-08-11 14:14:05,310445.0,(328.8526717811912+104.31164969634091j)
5174,2021-08-11 14:15:05,310505.0,(331.2987548164893+96.26076592799225j)
5175,2021-08-11 14:16:05,310565.0,(314.14548790536014+142.61000115245506j)
5176,2021-08-11 14:17:05,310625.0,(308.01525399738443+155.40786114262926j)
5177,2021-08-11 14:18:05,310685.0,(314.23723245921377+142.40773060608075j)
5178,2021-08-11 14:19:05,310745.0,(317.8655414466185+134.11374858994895j)
5179,2021-08-11 14:20:05,310805.0,(316.94567826175364+136.27339076722546j)
5180,2021-08-11 14:21:05,310865.0,(331.3973798517497+95.9206788309754j)
5181,2021-08-11 14:22:05,310925.0,(332.0817945167902+93.52369619785313j)
5182,2021-08-11 14:23:05,310985.0,(328.169783702647+106.44056118114891j)
5183,2021-08-11 14:24:05,311045.0,(324.39408610426574+117.44563380806548j)
5184,2021-08-11 14:25:05,311105.0,(319.2722146160339+130.7296943091858j)
5185,2021-08-11 14:26:05,311165.0,(329.741923591757+101.46557951348781j)
5186,2021-08-11 14:27:05,311225.0,(329.4951772984702+102.26401193503841j)
5187,2021-08-11 14:28:05,311285.0,(327.8322657532387+107.47560435325722j)
5188,2021-08-11 14:29:05,311345.0,(334.32457346363486+85.15914265866361j)
5189,2021-08-11 14:30:05,311405.0,(333.87907431279154+86.88937642792366j)
5190,2021-08-11 14:31:05,311465.0,(316.05627604167455+138.32364358513988j)
5191,2021-08-11 14:32:05,311525.0,(310.00568592754286+151.398397258999j)
5192,2021-08-11 14:33:05,311585.0,(316.4712921593474+137.3714717071669j)
5193,2021-08-11 14:34:05,311645.0,(309.77121896642797+151.87755561653384j)
5194,2021-08-11 14:35:05,311705.0,(302.2559854499839+166.33195501664468j)
5195,2021-08-11 14:36:05,311765.0,(324.68361406911725+116.64283413487738j)
5196,2021-08-11 14:37:05,311825.0,(323.05222679403636+121.08781426474961j)
5197,2021-08-11 14:38:05,311885.0,(327.0726538269739+109.7655643568624j)
5198,2021-08-11 14:39:05,311945.0,(334.734427220639+83.53360541285596j)
5199,2021-08-11 14:40:05,312005.0,(329.8809431770728+101.01268894849224j)
5200,2021-08-11 14:41:05,312065.0,(307.1158808675342+157.17772017356202j)
5201,2021-08-11 14:42:05,312125.0,(317.4007692153804+135.21002810991794j)
5202,2021-08-11 14:43:05,312185.0,(314.6928721472985+141.3980064204728j)
5203,2021-08-11 14:44:05,312245.0,(309.42083264782724+152.59013180256872j)
5204,2021-08-11 14:45:05,312305.0,(313.87146808697884+143.2120858060681j)
5205,2021-08-11 14:46:05,312365.0,(330.92147418201165+97.54987403991957j)
5206,2021-08-11 14:47:05,312425.0,(324.60461900541736+116.86248893613318j)
5207,2021-08-11 14:48:05,312485.0,(329.8830521765034+101.00580125277125j)
5208,2021-08-11 14:49:05,312545.0,(330.9902501426977+97.31625922976292j)
5209,2021-08-11 14:50:05,312605.0,(331.5392016495859+95.42933390501695j)
5210,2021-08-11 14:51:05,312665.0,(325.09903954980615+115.47993108671997j)
5211,2021-08-11 14:52:05,312725.0,(315.9594300049679+138.5447169362145j)
5212,2021-08-11 14:53:05,312785.0,(318.7584826868254+131.97738334727208j)
5213,2021-08-11 14:54:05,312845.0,(323.51280087797267+119.85185717413488j)
5214,2021-08-11 14:55:05,312905.0,(326.7132763619188+110.83065933603594j)
5215,2021-08-11 14:56:05,312965.0,(329.6084853307408+101.89821587238333j)
5216,2021-08-11 14:57:05,313025.0,(333.20613218722804+89.43530328023449j)
5217,2021-08-11 14:58:05,313085.0,(330.0146138639254+100.57511936977382j)
5218,2021-08-11 14:59:05,313145.0,(322.9868991955035+121.26196002074869j)
5219,2021-08-11 15:00:05,313205.0,(326.5208461327051+111.39630622593516j)
5220,2021-08-11 15:01:05,313265.0,(327.5020491355986+108.4776834744545j)
5221,2021-08-11 15:02:05,313325.0,(324.26066199818285+117.81350975376391j)
5222,2021-08-11 15:03:05,313385.0,(328.7625636729506+104.59529973755573j)
5223,2021-08-11 15:04:05,313445.0,(326.97522112688665+110.05546224074283j)
5224,2021-08-11 15:05:05,313505.0,(324.5868227663505+116.91190908733705j)
5225,2021-08-11 15:06:05,313565.0,(315.60899186653245+139.34117931534473j)
5226,2021-08-11 15:07:05,313625.0,(316.7138927274465+136.81122086081805j)
5227,2021-08-11 15:08:05,313685.0,(323.89800380786806+118.80691532599566j)
5228,2021-08-11 15:09:05,313745.0,(321.0817575887061+126.22006553534726j)
5229,2021-08-11 15:10:05,313805.0,(330.32880630538517+99.53833294193404j)
5230,2021-08-11 15:11:05,313865.0,(331.13899821142036+96.8089038443105j)
5231,2021-08-11 15:12:05,313925.0,(330.1756615039135+100.0451525584979j)
5232,2021-08-11 15:13:05,313985.0,(328.8561099529197+104.30080990401358j)
5233,2021-08-11 15:14:05,314045.0,(334.1042503503805+86.01947394520775j)
5234,2021-08-11 15:15:05,314105.0,(330.2507649996537+99.79695494925434j)
5235,2021-08-11 15:16:05,314165.0,(315.67177222553863+139.19889446395638j)
5236,2021-08-11 15:17:05,314225.0,(315.51756423131803+139.54808010695135j)
5237,2021-08-11 15:18:05,314285.0,(322.02172264089444+123.80230267402476j)
5238,2021-08-11 15:19:05,314345.0,(323.61322505507513+119.5804355630689j)
5239,2021-08-11 15:20:05,314405.0,(313.5076089374677+144.00687184406112j)
5240,2021-08-11 15:21:05,314465.0,(321.79396241475075+124.39310975055649j)
5241,2021-08-11 15:22:05,314525.0,(315.128884164654+140.423596183619j)
5242,2021-08-11 15:23:05,314585.0,(303.8805172722507+163.34512916628196j)
5243,2021-08-11 15:24:05,314645.0,(315.1539327041887+140.3673704999979j)
5244,2021-08-11 15:25:05,314705.0,(322.7342966085665+121.93266089351863j)
5245,2021-08-11 15:26:05,314765.0,(324.89436607047884+116.05451691193109j)
5246,2021-08-11 15:27:05,314825.0,(323.9388335189883+118.69554388584764j)
5247,2021-08-11 15:28:05,314885.0,(329.93449080930543+100.8376505795547j)
5248,2021-08-11 15:29:05,314945.0,(328.717416002697+104.73710143263398j)
5249,2021-08-11 15:30:05,315005.0,(322.17408275140355+123.40526894461107j)
5250,2021-08-11 15:31:05,315065.0,(324.4398466780605+117.31916249068857j)
5251,2021-08-11 15:32:05,315125.0,(325.7544529414031+113.6179404356865j)
5252,2021-08-11 15:33:05,315185.0,(322.8799219595581+121.54651782502727j)
5253,2021-08-11 15:34:05,315245.0,(317.0131795661673+136.11628844979924j)
5254,2021-08-11 15:35:05,315305.0,(324.25489321129453+117.82938609927486j)
5255,2021-08-11 15:36:05,315365.0,(327.7809073530812+107.63213634779717j)
5256,2021-08-11 15:37:05,315425.0,(325.92755484712546+113.1204181011281j)
5257,2021-08-11 15:38:05,315485.0,(327.2311574212492+109.29212969262528j)
5258,2021-08-11 15:39:05,315545.0,(328.2057541202547+106.32959589105438j)
5259,2021-08-11 15:40:05,315605.0,(320.49544011251504+127.7014990792406j)
5260,2021-08-11 15:41:05,315665.0,(310.6272984060942+150.1188911660731j)
5261,2021-08-11 15:42:05,315725.0,(315.5838597761293+139.39808983196417j)
5262,2021-08-11 15:43:05,315785.0,(317.72544297338004+134.44531560217862j)
5263,2021-08-11 15:44:05,315845.0,(317.4519452185582+135.08983113822262j)
5264,2021-08-11 15:45:05,315905.0,(319.2981826506537+130.6662563785684j)
5265,2021-08-11 15:46:05,315965.0,(333.74425987209366+87.40577213450143j)
5266,2021-08-11 15:47:05,316025.0,(327.7921423864216+107.59791535954562j)
5267,2021-08-11 15:48:05,316085.0,(325.0924180510522+115.4985702323621j)
5268,2021-08-11 15:49:05,316145.0,(318.2352356725927+133.23413517717367j)
5269,2021-08-11 15:50:05,316205.0,(324.0545474266855+118.37926462048179j)
5270,2021-08-11 15:51:05,316265.0,(331.475227034916+95.65131395935393j)
5271,2021-08-11 15:52:05,316325.0,(330.3871041812476+99.34465959843772j)
5272,2021-08-11 15:53:05,316385.0,(333.3751507357769+88.80320304976624j)
5273,2021-08-11 15:54:05,316445.0,(332.4385259683966+92.24763656571199j)
5274,2021-08-11 15:55:05,316505.0,(329.16829761186244+103.31133455390233j)
5275,2021-08-11 15:56:05,316565.0,(321.56413140002945+124.98603680789545j)
5276,2021-08-11 15:57:05,316625.0,(326.37318649484274+111.8281857905358j)
5277,2021-08-11 15:58:05,316685.0,(318.9373850432561+131.5444579667643j)
5278,2021-08-11 15:59:05,316745.0,(316.56741085171893+137.1498245957281j)
5279,2021-08-11 16:00:05,316805.0,(321.58669487334765+124.92796996844386j)
5280,2021-08-11 16:01:05,316865.0,(328.4834237567376+105.46866983636225j)
5281,2021-08-11 16:02:05,316925.0,(328.75924842764965+104.60571960120981j)
5282,2021-08-11 16:03:05,316985.0,(335.3727932268555+80.9326236027032j)
5283,2021-08-11 16:04:05,317045.0,(338.7129803964254+65.56307581993669j)
5284,2021-08-11 16:05:05,317105.0,(334.18158899617697+85.7185252789049j)
5285,2021-08-11 16:06:05,317165.0,(312.31537437445957+146.5745780459257j)
5286,2021-08-11 16:07:05,317225.0,(305.44098235675403+160.40824884319716j)
5287,2021-08-11 16:08:05,317285.0,(309.0508698909365+153.33805731016497j)
5288,2021-08-11 16:09:05,317345.0,(307.8691882580251+155.69702284033798j)
5289,2021-08-11 16:10:05,317405.0,(308.4202664243286+154.6025202211987j)
5290,2021-08-11 16:11:05,317465.0,(313.530991145413+143.95595712361109j)
5291,2021-08-11 16:12:05,317525.0,(308.1703913851662+155.09999959224197j)
5292,2021-08-11 16:13:05,317585.0,(307.0714358838424+157.26453276004497j)
5293,2021-08-11 16:14:05,317645.0,(312.9332987741563+145.2506472217065j)
5294,2021-08-11 16:15:05,317705.0,(321.6176354458547+124.84829422229718j)
5295,2021-08-11 16:16:05,317765.0,(334.7255196753696+83.5692914775143j)
5296,2021-08-11 16:17:05,317825.0,(333.14262951830324+89.67155846549423j)
5297,2021-08-11 16:18:05,317885.0,(325.0563492174417+115.60004253212266j)
5298,2021-08-11 16:19:05,317945.0,(324.4446195789453+117.3059624497981j)
5299,2021-08-11 16:20:05,318005.0,(328.09330402355715+106.67606973874545j)
5300,2021-08-11 16:21:05,318065.0,(314.58702534102457+141.6333417210988j)
5301,2021-08-11 16:22:05,318125.0,(321.8827506838726+124.16317816560563j)
5302,2021-08-11 16:23:05,318185.0,(330.53238924936767+98.86020259489912j)
5303,2021-08-11 16:24:05,318245.0,(340.37923280306825+56.27590849017624j)
5304,2021-08-11 16:25:05,318305.0,(337.0491127372553+73.64031235015867j)
5305,2021-08-11 16:26:05,318365.0,(309.59977045033247+152.22674580080027j)
5306,2021-08-11 16:27:05,318425.0,(310.552649961165+150.2732564433809j)
5307,2021-08-11 16:28:05,318485.0,(306.60038967024303+158.18091242009933j)
5308,2021-08-11 16:29:05,318545.0,(295.0935117289997+178.73113700596966j)
5309,2021-08-11 16:30:05,318605.0,(301.1878151061612+168.25843227481005j)
5310,2021-08-11 16:31:05,318665.0,(327.3893966151911+108.81719985342889j)
5311,2021-08-11 16:32:05,318725.0,(326.8776722620484+110.34485659306854j)
5312,2021-08-11 16:33:05,318785.0,(321.90729162023507+124.09953908747985j)
5313,2021-08-11 16:34:05,318845.0,(312.977018210997+145.1564193267154j)
5314,2021-08-11 16:35:05,318905.0,(325.9749788361206+112.98368542754622j)
5315,2021-08-11 16:36:05,318965.0,(336.8584164212419+74.50776661646225j)
5316,2021-08-11 16:37:05,319025.0,(334.895961764905+82.88362198624819j)
5317,2021-08-11 16:38:05,319085.0,(334.1362532514845+85.89507705951384j)
5318,2021-08-11 16:39:05,319145.0,(336.088654226953+77.90645993700146j)
5319,2021-08-11 16:40:05,319205.0,(336.86857425738197+74.46182698402393j)
5320,2021-08-11 16:41:05,319265.0,(323.1065580462901+120.9427639318673j)
5321,2021-08-11 16:42:05,319325.0,(324.4204483352694+117.37279370426013j)
5322,2021-08-11 16:43:05,319385.0,(323.9823029598299+118.57684162114042j)
5323,2021-08-11 16:44:05,319445.0,(319.708880915076+129.6581330423578j)
5324,2021-08-11 16:45:05,319505.0,(309.4230197568971+152.58569672326067j)
5325,2021-08-11 16:46:05,319565.0,(316.2316408415274+137.92225828587365j)
5326,2021-08-11 16:47:05,319625.0,(317.34517909124236+135.3404496355295j)
5327,2021-08-11 16:48:05,319685.0,(319.9505033101992+129.06074318533194j)
5328,2021-08-11 16:49:05,319745.0,(321.065635183952+126.26107042127208j)
5329,2021-08-11 16:50:05,319805.0,(320.05854758922777+128.7925701081938j)
5330,2021-08-11 16:51:05,319865.0,(322.13659989101757+123.50308097636459j)
5331,2021-08-11 16:52:05,319925.0,(323.7987425468932+119.07717801934498j)
5332,2021-08-11 16:53:05,319985.0,(316.21231923505394+137.96655088820742j)
5333,2021-08-11 16:54:05,320045.0,(311.1963798459546+148.93560075002998j)
5334,2021-08-11 16:55:05,320105.0,(321.2967932480629+125.67167798876368j)
5335,2021-08-11 16:56:05,320165.0,(332.56760382372494+91.78120116312458j)
5336,2021-08-11 16:57:05,320225.0,(331.48693767728986+95.61072193709525j)
5337,2021-08-11 16:58:05,320285.0,(334.06230731375655+86.18221877051718j)
5338,2021-08-11 16:59:05,320345.0,(330.8650029368573+97.74123915519695j)
5339,2021-08-11 17:00:05,320405.0,(330.71016221653895+98.2638723372455j)
5340,2021-08-11 17:01:05,320465.0,(294.5824725388608+179.57217733516327j)
5341,2021-08-11 17:02:05,320525.0,(294.703471644076+179.373531494837j)
5342,2021-08-11 17:03:05,320585.0,(290.406057966159+186.25069529146978j)
5343,2021-08-11 17:04:05,320645.0,(300.8595088914038+168.84476867709972j)
5344,2021-08-11 17:05:05,320705.0,(296.93079505345423+175.66189953693308j)
5345,2021-08-11 17:06:05,320765.0,(316.5805868444083+137.11940793793582j)
5346,2021-08-11 17:07:05,320825.0,(316.94603443574516+136.272562372091j)
5347,2021-08-11 17:08:05,320885.0,(310.48146431588043+150.4202789395987j)
5348,2021-08-11 17:09:05,320945.0,(312.39223476315345+146.4106951683613j)
5349,2021-08-11 17:10:05,321005.0,(314.4586094412882+141.91822627221413j)
5350,2021-08-11 17:11:05,321065.0,(326.63392803137884+111.06429245618067j)
5351,2021-08-11 17:12:05,321125.0,(330.4426099897009+99.15987849525851j)
5352,2021-08-11 17:13:05,321185.0,(333.4110229721274+88.66842595129086j)
5353,2021-08-11 17:14:05,321245.0,(336.1494740777037+77.64361581793571j)
5354,2021-08-11 17:15:05,321305.0,(330.20940129741103+99.93373451845662j)
5355,2021-08-11 17:16:05,321365.0,(313.0094691648056+145.0864301482624j)
5356,2021-08-11 17:17:05,321425.0,(312.4932048939421+146.19506453746214j)
5357,2021-08-11 17:18:05,321485.0,(306.0467116130523+159.24952216831673j)
5358,2021-08-11 17:19:05,321545.0,(310.13084588302286+151.1418487113372j)
5359,2021-08-11 17:20:05,321605.0,(301.0924370284974+168.42904845732616j)
5360,2021-08-11 17:21:05,321665.0,(311.91050823944164+147.4341712419926j)
5361,2021-08-11 17:22:05,321725.0,(313.4336018127769+144.16787872015607j)
5362,2021-08-11 17:23:05,321785.0,(314.13229713177293+142.63905460537634j)
5363,2021-08-11 17:24:05,321845.0,(313.25961028792335+144.5455518591228j)
5364,2021-08-11 17:25:05,321905.0,(318.56667450369054+132.4396990923027j)
5365,2021-08-11 17:26:05,321965.0,(331.42690406426976+95.81861647077424j)
5366,2021-08-11 17:27:05,322025.0,(329.1290614493729+103.43626496280183j)
5367,2021-08-11 17:28:05,322085.0,(327.32233365427163+109.01875935416662j)
5368,2021-08-11 17:29:05,322145.0,(327.2352066070846+109.28000529291096j)
5369,2021-08-11 17:30:05,322205.0,(331.33017504937914+96.15256159743103j)
5370,2021-08-11 17:31:05,322265.0,(322.08152047426444+123.64665045599087j)
5371,2021-08-11 17:32:05,322325.0,(322.04848301266594+123.73267389513819j)
5372,2021-08-11 17:33:05,322385.0,(324.4928639750137+117.17244227758201j)
5373,2021-08-11 17:34:05,322445.0,(321.0600575343241+126.27525274596178j)
5374,2021-08-11 17:35:05,322505.0,(316.94970097501465+136.26403432985828j)
5375,2021-08-11 17:36:05,322565.0,(327.85468575355077+107.40719263364291j)
5376,2021-08-11 17:37:05,322625.0,(323.06756670635417+121.04688076293161j)
5377,2021-08-11 17:38:05,322685.0,(327.5363686711032+108.37401532538665j)
5378,2021-08-11 17:39:05,322745.0,(315.6763472496885+139.18851887671659j)
5379,2021-08-11 17:40:05,322805.0,(316.33147516708544+137.69312916269868j)
5380,2021-08-11 17:41:05,322865.0,(330.34578838271705+99.481958654829j)
5381,2021-08-11 17:42:05,322925.0,(327.54303853825576+108.35385505429291j)
5382,2021-08-11 17:43:05,322985.0,(325.1365039508416+115.3744070347682j)
5383,2021-08-11 17:44:05,323045.0,(325.90518473021916+113.18485130953574j)
5384,2021-08-11 17:45:05,323105.0,(330.6953823653083+98.31360069828857j)
5385,2021-08-11 17:46:05,323165.0,(329.05225338806355+103.68034789793882j)
5386,2021-08-11 17:47:05,323225.0,(311.1942826085817+148.93998278410731j)
5387,2021-08-11 17:48:05,323285.0,(310.9297748255243+149.49138813640323j)
5388,2021-08-11 17:49:05,323345.0,(315.71708379442526+139.09609268539455j)
5389,2021-08-11 17:50:05,323405.0,(316.2559164687299+137.86658514130156j)
5390,2021-08-11 17:51:05,323465.0,(323.32090331559294+120.3685734699428j)
5391,2021-08-11 17:52:05,323525.0,(328.26123349330834+106.15819603521764j)
5392,2021-08-11 17:53:05,323585.0,(333.1961918844503+89.47232931862553j)
5393,2021-08-11 17:54:05,323645.0,(330.79101311936535+97.99135492207394j)
5394,2021-08-11 17:55:05,323705.0,(324.56838812924894+116.96307719610152j)
5395,2021-08-11 17:56:05,323765.0,(315.4909600987268+139.60821643436168j)
5396,2021-08-11 17:57:05,323825.0,(316.3918000155305+137.5544578809881j)
5397,2021-08-11 17:58:05,323885.0,(314.31463550239926+142.23680926185705j)
5398,2021-08-11 17:59:05,323945.0,(311.8614397606753+147.5379354281423j)
5399,2021-08-11 18:00:05,324005.0,(313.18977860292205+144.69679532958793j)
5400,2021-08-11 18:01:05,324065.0,(326.3743720381261+111.82472569480697j)
5401,2021-08-11 18:02:05,324125.0,(325.05943361244175+115.59136913956236j)
5402,2021-08-11 18:03:05,324185.0,(322.56594178021516+122.37733941969337j)
5403,2021-08-11 18:04:05,324245.0,(327.6427872524488+108.0518577417648j)
5404,2021-08-11 18:05:05,324305.0,(329.5768442081786+102.0005086348982j)
5405,2021-08-11 18:06:05,324365.0,(318.73040018503787+132.04518922658866j)
5406,2021-08-11 18:07:05,324425.0,(319.39449686591183+130.43065349744683j)
5407,2021-08-11 18:08:05,324485.0,(309.1178604222743+153.2029646186893j)
5408,2021-08-11 18:09:05,324545.0,(305.14225429216424+160.9757890041113j)
5409,2021-08-11 18:10:05,324605.0,(306.18093827242114+158.99129862549034j)
5410,2021-08-11 18:11:05,324665.0,(316.55764425352373+137.17236552840927j)
5411,2021-08-11 18:12:05,324725.0,(322.4765408710508+122.61272604359426j)
5412,2021-08-11 18:13:05,324785.0,(326.54738426171434+111.31848827500426j)
5413,2021-08-11 18:14:05,324845.0,(330.91649086718286+97.56677750212764j)
5414,2021-08-11 18:15:05,324905.0,(326.39490180789744+111.76478906083524j)
5415,2021-08-11 18:16:05,324965.0,(331.9461666489545+94.00394910355917j)
5416,2021-08-11 18:17:05,325025.0,(328.3653615237475+105.83567145050202j)
5417,2021-08-11 18:18:05,325085.0,(322.0522147393131+123.7229606075742j)
5418,2021-08-11 18:19:05,325145.0,(315.923566492976+138.6264770321967j)
5419,2021-08-11 18:20:05,325205.0,(312.7606883736668+145.62194823593754j)
5420,2021-08-11 18:21:05,325265.0,(319.06145652871237+131.24323585532542j)
5421,2021-08-11 18:22:05,325325.0,(316.627869107608+137.01019124275197j)
5422,2021-08-11 18:23:05,325385.0,(316.7122053517241+136.81512701908127j)
5423,2021-08-11 18:24:05,325445.0,(325.69230227800426+113.79597636495369j)
5424,2021-08-11 18:25:05,325505.0,(328.0855736210058+106.69984246368688j)
5425,2021-08-11 18:26:05,325565.0,(326.30849550200384+112.0168101814131j)
5426,2021-08-11 18:27:05,325625.0,(325.5983958722221+114.0643879808055j)
5427,2021-08-11 18:28:05,325685.0,(324.8790400981304+116.09741299838409j)
5428,2021-08-11 18:29:05,325745.0,(322.6538623252462+122.1453442690349j)
5429,2021-08-11 18:30:05,325805.0,(311.8728717295968+147.5137684392019j)
5430,2021-08-11 18:31:05,325865.0,(316.41655253077397+137.49751010305596j)
5431,2021-08-11 18:32:05,325925.0,(325.51931390030506+114.28987828270124j)
5432,2021-08-11 18:33:05,325985.0,(322.4925620114654+122.57058149197604j)
5433,2021-08-11 18:34:05,326045.0,(320.4206842431799+127.88895616562202j)
5434,2021-08-11 18:35:05,326105.0,(321.6754734137846+124.69919728698162j)
5435,2021-08-11 18:36:05,326165.0,(327.6261903999056+108.10217094973058j)
5436,2021-08-11 18:37:05,326225.0,(325.0131494241799+115.72144443177204j)
5437,2021-08-11 18:38:05,326285.0,(323.2849847808331+120.46500992095808j)
5438,2021-08-11 18:39:05,326345.0,(320.6006788714789+127.43706174871913j)
5439,2021-08-11 18:40:05,326405.0,(326.2483389583585+112.19189510348794j)
5440,2021-08-11 18:41:05,326465.0,(333.01359483512124+90.14957379261273j)
5441,2021-08-11 18:42:05,326525.0,(331.7061389028217+94.84744284471749j)
5442,2021-08-11 18:43:05,326585.0,(323.6667874063093+119.43538307419195j)
5443,2021-08-11 18:44:05,326645.0,(321.7184513404114+124.58827419595862j)
5444,2021-08-11 18:45:05,326705.0,(320.5269885974052+127.62229264779292j)
5445,2021-08-11 18:46:05,326765.0,(321.9554082365609+123.97465510026402j)
5446,2021-08-11 18:47:05,326825.0,(321.77568238838313+124.4403882326409j)
5447,2021-08-11 18:48:05,326885.0,(325.5858567503391+114.1001747770251j)
5448,2021-08-11 18:49:05,326945.0,(321.7999431353295+124.3776370498278j)
5449,2021-08-11 18:50:05,327005.0,(317.3763491786606+135.26733893303626j)
5450,2021-08-11 18:51:05,327065.0,(324.006957663588+118.50945694578925j)
5451,2021-08-11 18:52:05,327125.0,(319.27935380012457+130.71225740906968j)
5452,2021-08-11 18:53:05,327185.0,(322.211322189806+123.30800400905446j)
5453,2021-08-11 18:54:05,327245.0,(321.6264765697379+124.82551649937542j)
5454,2021-08-11 18:55:05,327305.0,(325.04771387204505+115.62432143176943j)
5455,2021-08-11 18:56:05,327365.0,(328.66653741486635+104.89665001191541j)
5456,2021-08-11 18:57:05,327425.0,(332.3008194052115+92.74246827977478j)
5457,2021-08-11 18:58:05,327485.0,(329.5324891572917+102.14371537103715j)
5458,2021-08-11 18:59:05,327545.0,(328.56988832748596+105.19899469321645j)
5459,2021-08-11 19:00:05,327605.0,(327.92084516790703+107.20503395067581j)
5460,2021-08-11 19:01:05,327665.0,(321.99033125964627+123.88392379684807j)
5461,2021-08-11 19:02:05,327725.0,(328.10013396897995+106.65506124670048j)
5462,2021-08-11 19:03:05,327785.0,(325.7569626382965+113.61074461806628j)
5463,2021-08-11 19:04:05,327845.0,(318.91977967899464+131.58713512156686j)
5464,2021-08-11 19:05:05,327905.0,(324.30763389976613+117.68414759148843j)
5465,2021-08-11 19:06:05,327965.0,(331.63844726811516+95.08385926956062j)
5466,2021-08-11 19:07:05,328025.0,(322.51269086988077+122.5176078278903j)
5467,2021-08-11 19:08:05,328085.0,(315.636950960241+139.2778345197914j)
5468,2021-08-11 19:09:05,328145.0,(314.88075136947+140.97912050015785j)
5469,2021-08-11 19:10:05,328205.0,(309.6607872920119+152.1025864792949j)
5470,2021-08-11 19:11:05,328265.0,(319.25742303428075+130.76581295396096j)
5471,2021-08-11 19:12:05,328325.0,(319.3751742303247+130.47796015170428j)
5472,2021-08-11 19:13:05,328385.0,(319.7088736350483+129.65815099332823j)
5473,2021-08-11 19:14:05,328445.0,(321.76406623217963+124.47042091088755j)
5474,2021-08-11 19:15:05,328505.0,(324.09409119823977+118.27096030043488j)
5475,2021-08-11 19:16:05,328565.0,(329.5187754464123+102.18794756866829j)
5476,2021-08-11 19:17:05,328625.0,(325.3398340300816+114.79979265346667j)
5477,2021-08-11 19:18:05,328685.0,(309.75697844322565+151.90659730809267j)
5478,2021-08-11 19:19:05,328745.0,(311.9990191581071+147.24677261108j)
5479,2021-08-11 19:20:05,328805.0,(315.35622866845705+139.91229052519947j)
5480,2021-08-11 19:21:05,328865.0,(320.4674139915447+127.77181445675697j)
5481,2021-08-11 19:22:05,328925.0,(322.15263687896356+123.46124311673954j)
5482,2021-08-11 19:23:05,328985.0,(321.6518891701146+124.76001840852834j)
5483,2021-08-11 19:24:05,329045.0,(325.66610859204144+113.87091689503815j)
5484,2021-08-11 19:25:05,329105.0,(331.56145698175317+95.35198080867028j)
5485,2021-08-11 19:26:05,329165.0,(327.74467398689796+107.74241817047715j)
5486,2021-08-11 19:27:05,329225.0,(326.85194558157167+110.42103816547512j)
5487,2021-08-11 19:28:05,329285.0,(315.7679799438362+138.98051245476483j)
5488,2021-08-11 19:29:05,329345.0,(315.70176256991+139.13086325561332j)
5489,2021-08-11 19:30:05,329405.0,(315.21966884290157+140.21968611636342j)
5490,2021-08-11 19:31:05,329465.0,(321.47483573535743+125.21553413584492j)
5491,2021-08-11 19:32:05,329525.0,(315.0157894564632+140.67712107205375j)
5492,2021-08-11 19:33:05,329585.0,(317.180534815073+135.7258572801229j)
5493,2021-08-11 19:34:05,329645.0,(320.1268866820186+128.6226124104079j)
5494,2021-08-11 19:35:05,329705.0,(323.9177439820616+118.75308473286744j)
5495,2021-08-11 19:36:05,329765.0,(323.5669266456117+119.70565559368247j)
5496,2021-08-11 19:37:05,329825.0,(315.9839798641724+138.48871603563333j)
5497,2021-08-11 19:38:05,329885.0,(318.78663322273906+131.90937221634724j)
5498,2021-08-11 19:39:05,329945.0,(322.0913716459595+123.62098653232147j)
5499,2021-08-11 19:40:05,330005.0,(324.7088187093497+116.57265139121895j)
5500,2021-08-11 19:41:05,330065.0,(328.4641488139569+105.52868303889122j)
5501,2021-08-11 19:42:05,330125.0,(323.58886597630266+119.64633640931268j)
5502,2021-08-11 19:43:05,330185.0,(318.4485201312483+132.72354736902545j)
5503,2021-08-11 19:44:05,330245.0,(318.42231988358594+132.78639312804336j)
5504,2021-08-11 19:45:05,330305.0,(309.90136451448745+151.61182101689428j)
5505,2021-08-11 19:46:05,330365.0,(322.05562482630506+123.71408374852969j)
5506,2021-08-11 19:47:05,330425.0,(322.7845458925632+121.79957689964175j)
5507,2021-08-11 19:48:05,330485.0,(322.50444411489156+122.5393142062774j)
5508,2021-08-11 19:49:05,330545.0,(317.5294042642385+134.907662597785j)
5509,2021-08-11 19:50:05,330605.0,(316.3222064778465+137.71442077352185j)
5510,2021-08-11 19:51:05,330665.0,(325.66819649992453+113.86494538920459j)
5511,2021-08-11 19:52:05,330725.0,(323.9589982435357+118.64049669925039j)
5512,2021-08-11 19:53:05,330785.0,(323.77171956585124+119.15063411233602j)
5513,2021-08-11 19:54:05,330845.0,(323.82600694464605+119.00301351766709j)
5514,2021-08-11 19:55:05,330905.0,(319.9699184887175+129.01260117648772j)
5515,2021-08-11 19:56:05,330965.0,(316.23708923944656+137.90976538796056j)
5516,2021-08-11 19:57:05,331025.0,(320.68526131578176+127.22406680667282j)
5517,2021-08-11 19:58:05,331085.0,(326.7170019938126+110.81967608766539j)
5518,2021-08-11 19:59:05,331145.0,(315.6579768109809+139.2301751618456j)
5519,2021-08-11 20:00:05,331205.0,(316.84228190189003+136.5136198304156j)
5520,2021-08-11 20:01:05,331265.0,(320.64159325644647+127.33408292349516j)
5521,2021-08-11 20:02:05,331325.0,(320.27818558704325+128.24540474056556j)
5522,2021-08-11 20:03:05,331385.0,(322.45162753779033+122.67822911270832j)
5523,2021-08-11 20:04:05,331445.0,(316.7847940207046+136.64696951363294j)
5524,2021-08-11 20:05:05,331505.0,(316.15382739706575+138.10053375054846j)
5525,2021-08-11 20:06:05,331565.0,(326.16789359442896+112.42555398206089j)
5526,2021-08-11 20:07:05,331625.0,(321.9083881100213+124.09669481661422j)
5527,2021-08-11 20:08:05,331685.0,(315.7814759750981+138.94984501966368j)
5528,2021-08-11 20:09:05,331745.0,(318.5972837353459+132.366048503608j)
5529,2021-08-11 20:10:05,331805.0,(323.07949916098204+121.01502890917722j)
5530,2021-08-11 20:11:05,331865.0,(325.4192120082003+114.57458904993716j)
5531,2021-08-11 20:12:05,331925.0,(323.79768469172484+119.0800545359227j)
5532,2021-08-11 20:13:05,331985.0,(321.85288089994276+124.24058538338925j)
5533,2021-08-11 20:14:05,332045.0,(320.85285373645945+126.80081328276304j)
5534,2021-08-11 20:15:05,332105.0,(321.9324400845101+124.03428566825112j)
5535,2021-08-11 20:16:05,332165.0,(319.7173193139656+129.63732383342287j)
5536,2021-08-11 20:17:05,332225.0,(319.118510412905+131.10444810092693j)
5537,2021-08-11 20:18:05,332285.0,(320.26666059308076+128.27418334394656j)
5538,2021-08-11 20:19:05,332345.0,(313.90215144542185+143.1448193890909j)
5539,2021-08-11 20:20:05,332405.0,(309.07389197873215+153.29164783874882j)
5540,2021-08-11 20:21:05,332465.0,(317.0150818041784+136.11185807522463j)
5541,2021-08-11 20:22:05,332525.0,(317.7475390141041+134.3930855754134j)
5542,2021-08-11 20:23:05,332585.0,(317.6218710068456+134.68981794519857j)
5543,2021-08-11 20:24:05,332645.0,(321.1582708237865+126.02525572866496j)
5544,2021-08-11 20:25:05,332705.0,(328.7057237596493+104.77379046137989j)
5545,2021-08-11 20:26:05,332765.0,(327.7651828578702+107.68001163701157j)
5546,2021-08-11 20:27:05,332825.0,(319.9366362721922+129.09511520903885j)
5547,2021-08-11 20:28:05,332885.0,(315.5023268191735+139.58252674202254j)
5548,2021-08-11 20:29:05,332945.0,(315.7626696333497+138.99257701769568j)
5549,2021-08-11 20:30:05,333005.0,(318.62771804656944+132.2927711269056j)
5550,2021-08-11 20:31:05,333065.0,(318.27673585528726+133.13496690690877j)
5551,2021-08-11 20:32:05,333125.0,(315.98779785472743+138.48000435774077j)
5552,2021-08-11 20:33:05,333185.0,(310.29974968329935+150.79477890988713j)
5553,2021-08-11 20:34:05,333245.0,(318.15649626115385+133.42205172619103j)
5554,2021-08-11 20:35:05,333305.0,(316.61576381431576+137.03816294841897j)
5555,2021-08-11 20:36:05,333365.0,(317.6730582300898+134.56904575251315j)
5556,2021-08-11 20:37:05,333425.0,(312.4811419183529+146.22084648025466j)
5557,2021-08-11 20:38:05,333485.0,(315.9481246048459+138.5704967108107j)
5558,2021-08-11 20:39:05,333545.0,(318.7588443828279+131.97650975732043j)
5559,2021-08-11 20:40:05,333605.0,(318.5697951198343+132.43219260174925j)
5560,2021-08-11 20:41:05,333665.0,(319.7064986297212+129.6640070872565j)
5561,2021-08-11 20:42:05,333725.0,(319.4709099030719+130.24337881713333j)
5562,2021-08-11 20:43:05,333785.0,(320.65526491022257+127.29965076682267j)
5563,2021-08-11 20:44:05,333845.0,(314.5147417002215+141.79378425461024j)
5564,2021-08-11 20:45:05,333905.0,(310.8929695449931+149.56791596962228j)
5565,2021-08-11 20:46:05,333965.0,(320.6622646046231+127.28201781333725j)
5566,2021-08-11 20:47:05,334025.0,(315.1721479021684+140.3264664513922j)
5567,2021-08-11 20:48:05,334085.0,(319.2712343310496+130.7320883667358j)
5568,2021-08-11 20:49:05,334145.0,(314.42635764724355+141.98966728846042j)
5569,2021-08-11 20:50:05,334205.0,(311.14475149859345+149.04342862024654j)
5570,2021-08-11 20:51:05,334265.0,(320.3148669782231+128.15375918295658j)
5571,2021-08-11 20:52:05,334325.0,(324.9128116719691+116.00286553105288j)
5572,2021-08-11 20:53:05,334385.0,(326.66058180978973+110.98587428898182j)
5573,2021-08-11 20:54:05,334445.0,(325.57352625205317+114.1353538733886j)
5574,2021-08-11 20:55:05,334505.0,(327.210907695457+109.35274063833555j)
5575,2021-08-11 20:56:05,334565.0,(327.78666638450227+107.614596317298j)
5576,2021-08-11 20:57:05,334625.0,(331.03115123387516+97.17703902041512j)
5577,2021-08-11 20:58:05,334685.0,(327.68592779702846+107.92095590662949j)
5578,2021-08-11 20:59:05,334745.0,(320.52350315218456+127.63104609401093j)
5579,2021-08-11 21:00:05,334805.0,(314.2293913853873+142.4250314711886j)
5580,2021-08-11 21:01:05,334865.0,(317.3739274314889+135.27302091219823j)
5581,2021-08-11 21:02:05,334925.0,(320.4661127562774+127.77507806642446j)
5582,2021-08-11 21:03:05,334985.0,(317.84213603896086+134.1692086813912j)
5583,2021-08-11 21:04:05,335045.0,(312.75103040094467+145.64268942568796j)
5584,2021-08-11 21:05:05,335105.0,(314.0482510163313+142.82400370240074j)
5585,2021-08-11 21:06:05,335165.0,(324.07696344187013+118.31788438903375j)
5586,2021-08-11 21:07:05,335225.0,(325.8461600888656+113.3546644622152j)
5587,2021-08-11 21:08:05,335285.0,(322.3965827652169+122.82281311430148j)
5588,2021-08-11 21:09:05,335345.0,(319.1030449193605+131.1420860105275j)
5589,2021-08-11 21:10:05,335405.0,(320.1618786602459+128.53548713387278j)
5590,2021-08-11 21:11:05,335465.0,(323.60422997414884+119.60477558541785j)
5591,2021-08-11 21:12:05,335525.0,(326.41574083216716+111.70391280965704j)
5592,2021-08-11 21:13:05,335585.0,(330.323679596885+99.5553448970696j)
5593,2021-08-11 21:14:05,335645.0,(322.8587190579962+121.60282697466323j)
5594,2021-08-11 21:15:05,335705.0,(318.22626154393913+133.25556822800485j)
5595,2021-08-11 21:16:05,335765.0,(318.5081800754204+132.58031235837237j)
5596,2021-08-11 21:17:05,335825.0,(319.9324053691549+129.1056001678733j)
5597,2021-08-11 21:18:05,335885.0,(320.9573417569487+126.53610066820143j)
5598,2021-08-11 21:19:05,335945.0,(323.1036745033387+120.9504672270453j)
5599,2021-08-11 21:20:05,336005.0,(316.4750357947869+137.36284693718443j)
5600,2021-08-11 21:21:05,336065.0,(312.29926122332455+146.60890641214698j)
5601,2021-08-11 21:22:05,336125.0,(305.06489186995464+161.122350244691j)
5602,2021-08-11 21:23:05,336185.0,(308.5328945105768+154.37763116761863j)
5603,2021-08-11 21:24:05,336245.0,(309.22827311688695+152.97998269429883j)
5604,2021-08-11 21:25:05,336305.0,(305.4557235385653+160.38017632342087j)
5605,2021-08-11 21:26:05,336365.0,(319.0035031065193+131.38403634296264j)
5606,2021-08-11 21:27:05,336425.0,(321.34881070821234+125.53860703551524j)
5607,2021-08-11 21:28:05,336485.0,(315.0930679808314+140.5039448215856j)
5608,2021-08-11 21:29:05,336545.0,(316.24040675744965+137.9021578289578j)
5609,2021-08-11 21:30:05,336605.0,(314.5387800218229+141.74045245582965j)
5610,2021-08-11 21:31:05,336665.0,(319.81983124834557+129.38421673558094j)
5611,2021-08-11 21:32:05,336725.0,(321.30472109266924+125.6514074873896j)
5612,2021-08-11 21:33:05,336785.0,(320.415082227815+127.90299089912862j)
5613,2021-08-11 21:34:05,336845.0,(320.5191457307955+127.64198846774934j)
5614,2021-08-11 21:35:05,336905.0,(319.46067840106076+130.26847260766525j)
5615,2021-08-11 21:36:05,336965.0,(322.9066827453784+121.4754058992006j)
5616,2021-08-11 21:37:05,337025.0,(320.199274490918+128.4423007248381j)
5617,2021-08-11 21:38:05,337085.0,(316.22423013436827+137.9392484970326j)
5618,2021-08-11 21:39:05,337145.0,(313.4481048762535+144.1363436107812j)
5619,2021-08-11 21:40:05,337205.0,(313.5462178929884+143.92278917879068j)
5620,2021-08-11 21:41:05,337265.0,(327.8006147691302+107.57210120184644j)
5621,2021-08-11 21:42:05,337325.0,(325.1261868737264+115.40347745605729j)
5622,2021-08-11 21:43:05,337385.0,(323.3220167141007+120.36558273828446j)
5623,2021-08-11 21:44:05,337445.0,(324.7066554499886+116.5786768945435j)
5624,2021-08-11 21:45:05,337505.0,(325.00968977130486+115.73116069045601j)
5625,2021-08-11 21:46:05,337565.0,(320.2157483531597+128.40122470843454j)
5626,2021-08-11 21:47:05,337625.0,(320.0031337748022+128.9301918648461j)
5627,2021-08-11 21:48:05,337685.0,(320.5920861583842+127.4586768039555j)
5628,2021-08-11 21:49:05,337745.0,(318.4582309792754+132.70024537110118j)
5629,2021-08-11 21:50:05,337805.0,(315.55763129724033+139.45745347623026j)
5630,2021-08-11 21:51:05,337865.0,(316.9980090768962+136.15161490516383j)
5631,2021-08-11 21:52:05,337925.0,(317.162136493233+135.76884464061644j)
5632,2021-08-11 21:53:05,337985.0,(317.0810170667929+135.95818701309668j)
5633,2021-08-11 21:54:05,338045.0,(321.3287731432483+125.58988633745494j)
5634,2021-08-11 21:55:05,338105.0,(322.3709062416383+122.89019004357039j)
5635,2021-08-11 21:56:05,338165.0,(322.3093551274277+123.05153228359939j)
5636,2021-08-11 21:57:05,338225.0,(320.18316657665116+128.48244954447466j)
5637,2021-08-11 21:58:05,338285.0,(317.9258016120284+133.97083514462815j)
5638,2021-08-11 21:59:05,338345.0,(311.0121032047577+149.32003100774241j)
5639,2021-08-11 22:00:05,338405.0,(308.19425710990936+155.05257135717255j)
5640,2021-08-11 22:01:05,338465.0,(317.8276096262693+134.20361604387483j)
5641,2021-08-11 22:02:05,338525.0,(336.92085485447194-74.22491201835054j)
5642,2021-08-11 22:03:05,338585.0,(338.3722235888085-67.2996159243528j)
5643,2021-08-11 22:04:05,338645.0,(340.7193558964491-54.17859833466387j)
5644,2021-08-11 22:05:05,338705.0,(341.8052302253016-46.84212410457648j)
5645,2021-08-11 22:06:05,338765.0,(319.50436358277506+130.16129091079986j)
5646,2021-08-11 22:07:05,338825.0,(321.64735311826905+124.77171246725571j)
5647,2021-08-11 22:08:05,338885.0,(321.789018272674+124.40589905269233j)
5648,2021-08-11 22:09:05,338945.0,(323.66522050388244+119.4396292533309j)
5649,2021-08-11 22:10:05,339005.0,(325.484374642139+114.38934331403304j)
5650,2021-08-11 22:11:05,339065.0,(325.4636077195989+114.44841654711978j)
5651,2021-08-11 22:12:05,339125.0,(322.73215178473794+121.93833771375128j)
5652,2021-08-11 22:13:05,339185.0,(319.0702706101888+131.22180616323223j)
5653,2021-08-11 22:14:05,339245.0,(320.73497922718+127.09867465925996j)
5654,2021-08-11 22:15:05,339305.0,(318.62092585453087+132.30912896547068j)
5655,2021-08-11 22:16:05,339365.0,(317.6145535347519+134.7070725051963j)
5656,2021-08-11 22:17:05,339425.0,(311.17754564633555+148.97494784534322j)
5657,2021-08-11 22:18:05,339485.0,(314.0595952954855+142.79905672950312j)
5658,2021-08-11 22:19:05,339545.0,(311.6296624288082+148.02686747515475j)
5659,2021-08-11 22:20:05,339605.0,(313.3089725781924+144.43852568479596j)
5660,2021-08-11 22:21:05,339665.0,(323.6868839380263+119.38090788099522j)
5661,2021-08-11 22:22:05,339725.0,(319.62288312234847+129.86998338552894j)
5662,2021-08-11 22:23:05,339785.0,(323.26794645289965+120.51072481785684j)
5663,2021-08-11 22:24:05,339845.0,(324.128392235896+118.17692391737545j)
5664,2021-08-11 22:25:05,339905.0,(320.03163758638743+128.85942318579245j)
5665,2021-08-11 22:26:05,339965.0,(319.2735614530681+130.72640497265252j)
5666,2021-08-11 22:27:05,340025.0,(321.6481539979007+124.76964787055681j)
5667,2021-08-11 22:28:05,340085.0,(322.74114989402585+121.91451991080436j)
5668,2021-08-11 22:29:05,340145.0,(319.4443083340485+130.30861012604404j)
5669,2021-08-11 22:30:05,340205.0,(317.41257530567515+135.18231037313683j)
5670,2021-08-11 22:31:05,340265.0,(319.37536200451694+130.47750052972262j)
5671,2021-08-11 22:32:05,340325.0,(321.4563060699884+125.2630962727569j)
5672,2021-08-11 22:33:05,340385.0,(325.6385415214449+113.94972696670327j)
5673,2021-08-11 22:34:05,340445.0,(327.04171323690616+109.85771617446467j)
5674,2021-08-11 22:35:05,340505.0,(322.8547350321603+121.61340414326696j)
5675,2021-08-11 22:36:05,340565.0,(320.54273222603996+127.58274498169905j)
5676,2021-08-11 22:37:05,340625.0,(317.8924955496595+134.04984622598312j)
5677,2021-08-11 22:38:05,340685.0,(314.9976495493834+140.7177344131287j)
5678,2021-08-11 22:39:05,340745.0,(314.5815197939615+141.64556965934872j)
5679,2021-08-11 22:40:05,340805.0,(315.1173326519408+140.44951641898274j)
5680,2021-08-11 22:41:05,340865.0,(321.8552009016759+124.23457510911294j)
5681,2021-08-11 22:42:05,340925.0,(313.3108795818621+144.43438903405217j)
5682,2021-08-11 22:43:05,340985.0,(306.1792867139155+158.9944791096783j)
5683,2021-08-11 22:44:05,341045.0,(304.8933428023803+161.44673894133084j)
5684,2021-08-11 22:45:05,341105.0,(298.06554068585217+173.72948355316842j)
5685,2021-08-11 22:46:05,341165.0,(317.0540908356055+136.02096707643125j)
5686,2021-08-11 22:47:05,341225.0,(316.3428012122165+137.66710616994922j)
5687,2021-08-11 22:48:05,341285.0,(315.7540929944029+139.01205975483555j)
5688,2021-08-11 22:49:05,341345.0,(313.06125344711216+144.97465844113245j)
5689,2021-08-11 22:50:05,341405.0,(312.80265365554067+145.53178300993872j)
5690,2021-08-11 22:51:05,341465.0,(322.22400894716134+123.27484762926986j)
5691,2021-08-11 22:52:05,341525.0,(318.34984007121164+132.96006666151297j)
5692,2021-08-11 22:53:05,341585.0,(314.77707265790633+141.21046182531646j)
5693,2021-08-11 22:54:05,341645.0,(309.8245461024626+151.7687406299566j)
5694,2021-08-11 22:55:05,341705.0,(306.22501075464675+158.90639631026963j)
5695,2021-08-11 22:56:05,341765.0,(317.27749228503944+135.4990512487698j)
5696,2021-08-11 22:57:05,341825.0,(317.89458525025117+134.04489049781347j)
5697,2021-08-11 22:58:05,341885.0,(317.4475869983839+135.10007220169598j)
5698,2021-08-11 22:59:05,341945.0,(308.7226313200552+153.99784709800738j)
5699,2021-08-11 23:00:05,342005.0,(309.86576761154544+151.68456105519672j)
5700,2021-08-11 23:01:05,342065.0,(321.1688249343427+125.99835669679798j)
5701,2021-08-11 23:02:05,342125.0,(317.7751870819506+134.32769809324986j)
5702,2021-08-11 23:03:05,342185.0,(310.26620937505913+150.8637773623343j)
5703,2021-08-11 23:04:05,342245.0,(299.9814182844782+170.39996679586807j)
5704,2021-08-11 23:05:05,342305.0,(301.75637135731716+167.2366357747754j)
5705,2021-08-11 23:06:05,342365.0,(320.4378061177101+127.84604964749131j)
5706,2021-08-11 23:07:05,342425.0,(319.78676329192126+129.46592610906046j)
5707,2021-08-11 23:08:05,342485.0,(318.24211058748557+133.2177129694944j)
5708,2021-08-11 23:09:05,342545.0,(316.38924805265947+137.56032755366908j)
5709,2021-08-11 23:10:05,342605.0,(316.5551452233729+137.17813248695754j)
5710,2021-08-11 23:11:05,342665.0,(324.08803025861283+118.2875675761931j)
5711,2021-08-11 23:12:05,342725.0,(324.28827841239695+117.73747272777563j)
5712,2021-08-11 23:13:05,342785.0,(324.12977614604506+118.17312814474671j)
5713,2021-08-11 23:14:05,342845.0,(321.890525406813+124.1430209610104j)
5714,2021-08-11 23:15:05,342905.0,(322.0645557782477+123.69083196162904j)
5715,2021-08-11 23:16:05,342965.0,(322.4356112235728+122.7203186716896j)
5716,2021-08-11 23:17:05,343025.0,(321.22667569205265+125.85079588080819j)
5717,2021-08-11 23:18:05,343085.0,(318.54477447620303+132.49236451171421j)
5718,2021-08-11 23:19:05,343145.0,(317.8362209080613+134.1832205563797j)
5719,2021-08-11 23:20:05,343205.0,(319.33757233863497+130.56996167904418j)
5720,2021-08-11 23:21:05,343265.0,(321.16360126312304+126.01167098210276j)
5721,2021-08-11 23:22:05,343325.0,(319.09117800755763+131.17095760018364j)
5722,2021-08-11 23:23:05,343385.0,(318.22974152335775+133.2472574200944j)
5723,2021-08-11 23:24:05,343445.0,(314.73180621474967+141.31132352646495j)
5724,2021-08-11 23:25:05,343505.0,(313.00076795770536+145.10520065761494j)
5725,2021-08-11 23:26:05,343565.0,(319.5695663563181+130.00112406758186j)
5726,2021-08-11 23:27:05,343625.0,(321.8157368117947+124.33676664720575j)
5727,2021-08-11 23:28:05,343685.0,(319.1571755063725+131.01029472066142j)
5728,2021-08-11 23:29:05,343745.0,(312.94083292419174+145.2344142712502j)
5729,2021-08-11 23:30:05,343805.0,(314.45121218676684+141.9346157717452j)
5730,2021-08-11 23:31:05,343865.0,(321.04789663189734+126.30616797383472j)
5731,2021-08-11 23:32:05,343925.0,(318.7648033816666+131.9621162495034j)
5732,2021-08-11 23:33:05,343985.0,(317.509317960514+134.954929544086j)
5733,2021-08-11 23:34:05,344045.0,(310.37407120030497+150.6417469579666j)
5734,2021-08-11 23:35:05,344105.0,(307.98694820602367+155.46394995219987j)
5735,2021-08-11 23:36:05,344165.0,(318.53072736049086+132.52613224265102j)
5736,2021-08-11 23:37:05,344225.0,(314.29899158931045+142.27137409170746j)
5737,2021-08-11 23:38:05,344285.0,(311.6648321233354+147.95280469640701j)
5738,2021-08-11 23:39:05,344345.0,(312.1966587348261+146.82726679609118j)
5739,2021-08-11 23:40:05,344405.0,(312.92453804471415+145.2695201668342j)
5740,2021-08-11 23:41:05,344465.0,(321.6297787858572+124.81700764783857j)
5741,2021-08-11 23:42:05,344525.0,(319.453675861994+130.28564379186247j)
5742,2021-08-11 23:43:05,344585.0,(316.8461269358381+136.50469532495498j)
5743,2021-08-11 23:44:05,344645.0,(315.6137689478231+139.33035868234234j)
5744,2021-08-11 23:45:05,344705.0,(314.37619803187846+142.10069004414134j)
5745,2021-08-11 23:46:05,344765.0,(318.41288648394993+132.8090121978143j)
5746,2021-08-11 23:47:05,344825.0,(313.32051982198976+144.41347533550362j)
5747,2021-08-11 23:48:05,344885.0,(311.7491119065461+147.7751373725627j)
5748,2021-08-11 23:49:05,344945.0,(310.3268929488372+150.73891174053543j)
5749,2021-08-11 23:50:05,345005.0,(307.88618194193026+155.66341564163562j)
5750,2021-08-11 23:51:05,345065.0,(322.4182475696958+122.76593026604066j)
5751,2021-08-11 23:52:05,345125.0,(323.1549274725925+120.81346303365166j)
5752,2021-08-11 23:53:05,345185.0,(324.0605206682307+118.36291203005783j)
5753,2021-08-11 23:54:05,345245.0,(322.36406506354825+122.90813461974112j)
5754,2021-08-11 23:55:05,345305.0,(322.0387845407485+123.75791389449553j)
5755,2021-08-11 23:56:05,345365.0,(320.92243126588494+126.62461494667369j)
5756,2021-08-11 23:57:05,345425.0,(317.90507584868794+134.02000876600465j)
5757,2021-08-11 23:58:05,345485.0,(316.3156504727029+137.72947856588596j)
5758,2021-08-11 23:59:05,345545.0,(316.78646197764016+136.64310267148193j)
