# timestamp,positive_sequence_voltage,distribution_load_real,distribution_load_reac,,
8/1/2021 0:00,199186,1831330,808935,,
8/1/2021 0:05,199186,1754740,853547,,
8/1/2021 0:10,199186,1533390,847355,,
8/1/2021 0:15,199186,1220220,839518,,
8/1/2021 0:20,199186,1097000,836839,,
8/1/2021 0:25,199186,1110860,837663,,
8/1/2021 0:30,199186,1102210,837422,,
8/1/2021 0:35,199186,1131950,839574,,
8/1/2021 0:40,199186,1131980,839054,,
8/1/2021 0:45,199186,1106390,838679,,
8/1/2021 0:50,199186,1071690,838102,,
8/1/2021 0:55,199186,1086610,838737,,
8/1/2021 1:00,199186,1089900,838611,,
8/1/2021 1:05,199186,1096020,838680,,
8/1/2021 1:10,199186,1084130,837016,,
8/1/2021 1:15,199186,1088370,837023,,
8/1/2021 1:20,199186,1073740,836560,,
8/1/2021 1:25,199186,1086040,837027,,
8/1/2021 1:30,199186,1061960,836625,,
8/1/2021 1:35,199186,1092740,837048,,
8/1/2021 1:40,199186,1076230,836421,,
8/1/2021 1:45,199186,1054250,836058,,
8/1/2021 1:50,199186,1023900,835559,,
8/1/2021 1:55,199186,1052550,836393,,
8/1/2021 2:00,199186,1060180,836171,,
8/1/2021 2:05,199186,1066470,837675,,
8/1/2021 2:10,199186,1035860,836902,,
8/1/2021 2:15,199186,1024830,836876,,
8/1/2021 2:20,199186,1051680,837176,,
8/1/2021 2:25,199186,1033820,837048,,
8/1/2021 2:30,199186,1034880,837567,,
8/1/2021 2:35,199186,1088170,838059,,
8/1/2021 2:40,199186,1094060,838197,,
8/1/2021 2:45,199186,1088020,838331,,
8/1/2021 2:50,199186,1045100,837528,,
8/1/2021 2:55,199186,1024640,837129,,
8/1/2021 3:00,199186,1016880,835319,,
8/1/2021 3:05,199186,1049350,835830,,
8/1/2021 3:10,199186,1073440,836436,,
8/1/2021 3:15,199186,1094380,836563,,
8/1/2021 3:20,199186,1087090,836536,,
8/1/2021 3:25,199186,1063540,836613,,
8/1/2021 3:30,199186,1040470,836309,,
8/1/2021 3:35,199186,1050190,836399,,
8/1/2021 3:40,199186,1088120,837239,,
8/1/2021 3:45,199186,1081530,836953,,
8/1/2021 3:50,199186,1075500,836585,,
8/1/2021 3:55,199186,1044140,835624,,
8/1/2021 4:00,199186,1061690,836424,,
8/1/2021 4:05,199186,1050040,836352,,
8/1/2021 4:10,199186,1077860,836369,,
8/1/2021 4:15,199186,1093450,836214,,
8/1/2021 4:20,199186,1079160,836049,,
8/1/2021 4:25,199186,1104470,836915,,
8/1/2021 4:30,199186,1100350,836479,,
8/1/2021 4:35,199186,1029900,835735,,
8/1/2021 4:40,199186,1055420,836245,,
8/1/2021 4:45,199186,1038380,836173,,
8/1/2021 4:50,199186,1049190,836488,,
8/1/2021 4:55,199186,1076940,836634,,
8/1/2021 5:00,199186,1071060,836305,,
8/1/2021 5:05,199186,1075220,836599,,
8/1/2021 5:10,199186,1118250,837614,,
8/1/2021 5:15,199186,1099850,836996,,
8/1/2021 5:20,199186,1084520,836466,,
8/1/2021 5:25,199186,1098830,836672,,
8/1/2021 5:30,199186,1096930,836283,,
8/1/2021 5:35,199186,1105310,836231,,
8/1/2021 5:40,199186,1080300,836136,,
8/1/2021 5:45,199186,1117130,837164,,
8/1/2021 5:50,199186,1091960,836794,,
8/1/2021 5:55,199186,1116690,837406,,
8/1/2021 6:00,199186,1092530,837388,,
8/1/2021 6:05,199186,1111510,839948,,
8/1/2021 6:10,199186,1113810,839237,,
8/1/2021 6:15,199186,1084390,838862,,
8/1/2021 6:20,199186,1123070,839538,,
8/1/2021 6:25,199186,1147030,840209,,
8/1/2021 6:30,199186,1152750,840291,,
8/1/2021 6:35,199186,1106760,839257,,
8/1/2021 6:40,199186,1064850,837077,,
8/1/2021 6:45,199186,1066130,837624,,
8/1/2021 6:50,199186,1082630,837827,,
8/1/2021 6:55,199186,1078270,837900,,
8/1/2021 7:00,199186,1074540,838017,,
8/1/2021 7:05,199186,1124500,839694,,
8/1/2021 7:10,199186,1115120,839186,,
8/1/2021 7:15,199186,1085880,839200,,
8/1/2021 7:20,199186,1056910,837975,,
8/1/2021 7:25,199186,1105840,838665,,
8/1/2021 7:30,199186,1112320,839320,,
8/1/2021 7:35,199186,1055650,838120,,
8/1/2021 7:40,199186,1036220,842399,,
8/1/2021 7:45,199186,1064910,843500,,
8/1/2021 7:50,199186,1109720,844618,,
8/1/2021 7:55,199186,1025240,844160,,
8/1/2021 8:00,199186,1072420,845344,,
8/1/2021 8:05,199186,1082770,845402,,
8/1/2021 8:10,199186,1089410,847461,,
8/1/2021 8:15,199186,1063140,847010,,
8/1/2021 8:20,199186,1081980,847563,,
8/1/2021 8:25,199186,1104590,847779,,
8/1/2021 8:30,199186,1102810,848576,,
8/1/2021 8:35,199186,1066130,848750,,
8/1/2021 8:40,199186,1098590,856706,,
8/1/2021 8:45,199186,1106590,860001,,
8/1/2021 8:50,199186,1075360,861121,,
8/1/2021 8:55,199186,1078670,861471,,
8/1/2021 9:00,199186,1062020,862958,,
8/1/2021 9:05,199186,1051010,865593,,
8/1/2021 9:10,199186,1074590,869618,,
8/1/2021 9:15,199186,1058780,865798,,
8/1/2021 9:20,199186,1051070,864089,,
8/1/2021 9:25,199186,1101900,875691,,
8/1/2021 9:30,199186,1015570,864174,,
8/1/2021 9:35,199186,1067250,872965,,
8/1/2021 9:40,199186,1045780,870533,,
8/1/2021 9:45,199186,1048320,874092,,
8/1/2021 9:50,199186,1040350,875042,,
8/1/2021 9:55,199186,1049520,880809,,
8/1/2021 10:00,199186,1069160,871701,,
8/1/2021 10:05,199186,1030740,873359,,
8/1/2021 10:10,199186,969321,875251,,
8/1/2021 10:15,199186,977169,879160,,
8/1/2021 10:20,199186,1055350,874184,,
8/1/2021 10:25,199186,996073,884386,,
8/1/2021 10:30,199186,1044620,874633,,
8/1/2021 10:35,199186,1079740,871647,,
8/1/2021 10:40,199186,1096830,879161,,
8/1/2021 10:45,199186,1102890,880803,,
8/1/2021 10:50,199186,1028140,874577,,
8/1/2021 10:55,199186,1140900,884014,,
8/1/2021 11:00,199186,1157100,884545,,
8/1/2021 11:05,199186,1127330,892578,,
8/1/2021 11:10,199186,1191310,892542,,
8/1/2021 11:15,199186,1206800,897049,,
8/1/2021 11:20,199186,1174340,884822,,
8/1/2021 11:25,199186,1205880,890063,,
8/1/2021 11:30,199186,1215040,896307,,
8/1/2021 11:35,199186,1214510,909052,,
8/1/2021 11:40,199186,1201930,912455,,
8/1/2021 11:45,199186,1166410,893180,,
8/1/2021 11:50,199186,1205860,912816,,
8/1/2021 11:55,199186,1163490,905048,,
8/1/2021 12:00,199186,1167340,895552,,
8/1/2021 12:05,199186,1193450,922643,,
8/1/2021 12:10,199186,1057060,905330,,
8/1/2021 12:15,199186,1094650,905512,,
8/1/2021 12:20,199186,1109960,913516,,
8/1/2021 12:25,199186,1166450,932066,,
8/1/2021 12:30,199186,1211540,932288,,
8/1/2021 12:35,199186,1217780,922402,,
8/1/2021 12:40,199186,1158020,913878,,
8/1/2021 12:45,199186,1174020,937599,,
8/1/2021 12:50,199186,1113900,939715,,
8/1/2021 12:55,199186,1114530,933388,,
8/1/2021 13:00,199186,1141620,938527,,
8/1/2021 13:05,199186,1170650,939695,,
8/1/2021 13:10,199186,1253870,945870,,
8/1/2021 13:15,199186,1307700,965220,,
8/1/2021 13:20,199186,1229040,941488,,
8/1/2021 13:25,199186,1224800,937544,,
8/1/2021 13:30,199186,1276690,959797,,
8/1/2021 13:35,199186,1246820,920882,,
8/1/2021 13:40,199186,1298850,956625,,
8/1/2021 13:45,199186,1282280,942163,,
8/1/2021 13:50,199186,1344930,933903,,
8/1/2021 13:55,199186,1263470,926303,,
8/1/2021 14:00,199186,1248390,976323,,
8/1/2021 14:05,199186,1290220,969848,,
8/1/2021 14:10,199186,1004520,955952,,
8/1/2021 14:15,199186,1136770,961721,,
8/1/2021 14:20,199186,1173870,991814,,
8/1/2021 14:25,199186,1180780,982648,,
8/1/2021 14:30,199186,1205140,993830,,
8/1/2021 14:35,199186,1162130,1001980,,
8/1/2021 14:40,199186,1194920,994842,,
8/1/2021 14:45,199186,1261890,999763,,
8/1/2021 14:50,199186,1265990,1011010,,
8/1/2021 14:55,199186,1622700,1034730,,
8/1/2021 15:00,199186,1597790,1014680,,
8/1/2021 15:05,199186,1526220,967730,,
8/1/2021 15:10,199186,1617160,1011120,,
8/1/2021 15:15,199186,1539110,978603,,
8/1/2021 15:20,199186,1723970,1028350,,
8/1/2021 15:25,199186,1625100,980495,,
8/1/2021 15:30,199186,1663430,996188,,
8/1/2021 15:35,199186,1639130,993020,,
8/1/2021 15:40,199186,1659830,988638,,
8/1/2021 15:45,199186,1695270,1007120,,
8/1/2021 15:50,199186,1647470,980999,,
8/1/2021 15:55,199186,1746350,1010910,,
8/1/2021 16:00,199186,1739500,1004780,,
8/1/2021 16:05,199186,1741510,997466,,
8/1/2021 16:10,199186,1807190,1005380,,
8/1/2021 16:15,199186,1848770,1022920,,
8/1/2021 16:20,199186,1766540,989794,,
8/1/2021 16:25,199186,1788040,1007840,,
8/1/2021 16:30,199186,1817290,1005960,,
8/1/2021 16:35,199186,1838650,1021760,,
8/1/2021 16:40,199186,1848040,1033310,,
8/1/2021 16:45,199186,1791820,1011880,,
8/1/2021 16:50,199186,1717790,1037150,,
8/1/2021 16:55,199186,1652310,1039730,,
8/1/2021 17:00,199186,1804330,1098210,,
8/1/2021 17:05,199186,1666050,1043910,,
8/1/2021 17:10,199186,1800270,1079840,,
8/1/2021 17:15,199186,1783860,1060300,,
8/1/2021 17:20,199186,2037290,1087760,,
8/1/2021 17:25,199186,2051190,1080240,,
8/1/2021 17:30,199186,1973830,1035470,,
8/1/2021 17:35,199186,2125630,1087340,,
8/1/2021 17:40,199186,1965160,1057890,,
8/1/2021 17:45,199186,2043990,1095040,,
8/1/2021 17:50,199186,2046350,1100710,,
8/1/2021 17:55,199186,2010920,1100090,,
8/1/2021 18:00,199186,2086670,1095510,,
8/1/2021 18:05,199186,2159590,1094310,,
8/1/2021 18:10,199186,2059240,1060240,,
8/1/2021 18:15,199186,2215210,1109470,,
8/1/2021 18:20,199186,2069100,1068240,,
8/1/2021 18:25,199186,2205560,1118980,,
8/1/2021 18:30,199186,2169930,1087910,,
8/1/2021 18:35,199186,2205450,1100670,,
8/1/2021 18:40,199186,2260290,1114700,,
8/1/2021 18:45,199186,2139810,1077690,,
8/1/2021 18:50,199186,2093930,1055600,,
8/1/2021 18:55,199186,2095350,1062090,,
8/1/2021 19:00,199186,2118580,1047460,,
8/1/2021 19:05,199186,2048540,1030430,,
8/1/2021 19:10,199186,2091060,1052950,,
8/1/2021 19:15,199186,2019440,1021670,,
8/1/2021 19:20,199186,2059340,1030280,,
8/1/2021 19:25,199186,2050140,1033230,,
8/1/2021 19:30,199186,1957310,1001870,,
8/1/2021 19:35,199186,2064240,1043930,,
8/1/2021 19:40,199186,1975660,1026260,,
8/1/2021 19:45,199186,1945030,1016690,,
8/1/2021 19:50,199186,2025950,1038320,,
8/1/2021 19:55,199186,2007720,1029900,,
8/1/2021 20:00,199186,1964510,1023530,,
8/1/2021 20:05,199186,1950960,1024130,,
8/1/2021 20:10,199186,1912150,1010250,,
8/1/2021 20:15,199186,1949620,1009290,,
8/1/2021 20:20,199186,1942230,1001550,,
8/1/2021 20:25,199186,1980430,1021580,,
8/1/2021 20:30,199186,1964150,1010360,,
8/1/2021 20:35,199186,1988050,1018850,,
8/1/2021 20:40,199186,1923520,1006070,,
8/1/2021 20:45,199186,1845030,982359,,
8/1/2021 20:50,199186,1860820,973166,,
8/1/2021 20:55,199186,1822890,962405,,
8/1/2021 21:00,199186,1961920,1010910,,
8/1/2021 21:05,199186,1927530,994614,,
8/1/2021 21:10,199186,1887250,983097,,
8/1/2021 21:15,199186,1817180,965055,,
8/1/2021 21:20,199186,1868640,973728,,
8/1/2021 21:25,199186,1908370,985541,,
8/1/2021 21:30,199186,1945530,1004970,,
8/1/2021 21:35,199186,1947690,1017400,,
8/1/2021 21:40,199186,1879910,999456,,
8/1/2021 21:45,199186,1778060,965562,,
8/1/2021 21:50,199186,1740300,945879,,
8/1/2021 21:55,199186,1762440,964390,,
8/1/2021 22:00,199186,1738600,954349,,
8/1/2021 22:05,199186,1684200,932987,,
8/1/2021 22:10,199186,1638970,927435,,
8/1/2021 22:15,199186,1632270,927701,,
8/1/2021 22:20,199186,1603850,918966,,
8/1/2021 22:25,199186,1592360,921972,,
8/1/2021 22:30,199186,1579880,919447,,
8/1/2021 22:35,199186,1532330,915732,,
8/1/2021 22:40,199186,1535390,921354,,
8/1/2021 22:45,199186,1569780,941489,,
8/1/2021 22:50,199186,1522170,926725,,
8/1/2021 22:55,199186,1492620,921517,,
8/1/2021 23:00,199186,1472820,909558,,
8/1/2021 23:05,199186,1411930,899376,,
8/1/2021 23:10,199186,1386530,894513,,
8/1/2021 23:15,199186,1381790,900941,,
8/1/2021 23:20,199186,1352240,890026,,
8/1/2021 23:25,199186,1301350,880328,,
8/1/2021 23:30,199186,1292490,877995,,
8/1/2021 23:35,199186,1287610,880015,,
8/1/2021 23:40,199186,1238440,874281,,
8/1/2021 23:45,199186,1233580,873007,,
8/1/2021 23:50,199186,1223240,869654,,
8/1/2021 23:55,199186,1233060,875832,,
8/2/2021 0:00,199186,1256490,876782,,
8/2/2021 0:05,199186,1246040,879436,,
8/2/2021 0:10,199186,1240330,875166,,
8/2/2021 0:15,199186,1222550,873813,,
8/2/2021 0:20,199186,1203300,870522,,
8/2/2021 0:25,199186,1195850,870065,,
8/2/2021 0:30,199186,1199110,871879,,
8/2/2021 0:35,199186,1190020,871934,,
8/2/2021 0:40,199186,1188800,866614,,
8/2/2021 0:45,199186,1163180,865514,,
8/2/2021 0:50,199186,1138470,865473,,
8/2/2021 0:55,199186,1143310,863920,,
8/2/2021 1:00,199186,1161060,862798,,
8/2/2021 1:05,199186,1140530,861553,,
8/2/2021 1:10,199186,1125350,859147,,
8/2/2021 1:15,199186,1107600,855581,,
8/2/2021 1:20,199186,1108000,855705,,
8/2/2021 1:25,199186,1078130,856729,,
8/2/2021 1:30,199186,1085470,855606,,
8/2/2021 1:35,199186,1124850,858418,,
8/2/2021 1:40,199186,1105810,856251,,
8/2/2021 1:45,199186,1066420,850535,,
8/2/2021 1:50,199186,1050990,849642,,
8/2/2021 1:55,199186,1078030,851242,,
8/2/2021 2:00,199186,1084190,850462,,
8/2/2021 2:05,199186,1055370,851603,,
8/2/2021 2:10,199186,1047860,851131,,
8/2/2021 2:15,199186,1034710,849283,,
8/2/2021 2:20,199186,1050970,849337,,
8/2/2021 2:25,199186,1043240,849134,,
8/2/2021 2:30,199186,1033370,847552,,
8/2/2021 2:35,199186,1070410,850408,,
8/2/2021 2:40,199186,1073500,845952,,
8/2/2021 2:45,199186,1041810,849448,,
8/2/2021 2:50,199186,1023780,846962,,
8/2/2021 2:55,199186,1031140,844305,,
8/2/2021 3:00,199186,1026040,844051,,
8/2/2021 3:05,199186,1032060,844778,,
8/2/2021 3:10,199186,1052150,845720,,
8/2/2021 3:15,199186,1090500,853234,,
8/2/2021 3:20,199186,1075840,847536,,
8/2/2021 3:25,199186,1084990,847938,,
8/2/2021 3:30,199186,1075260,846630,,
8/2/2021 3:35,199186,1066630,846012,,
8/2/2021 3:40,199186,1078640,846456,,
8/2/2021 3:45,199186,1075940,844143,,
8/2/2021 3:50,199186,1065980,840866,,
8/2/2021 3:55,199186,1022060,842564,,
8/2/2021 4:00,199186,1050050,847546,,
8/2/2021 4:05,199186,1058850,840983,,
8/2/2021 4:10,199186,1083840,840739,,
8/2/2021 4:15,199186,1051950,839742,,
8/2/2021 4:20,199186,1037830,841172,,
8/2/2021 4:25,199186,1099330,841735,,
8/2/2021 4:30,199186,1076720,842083,,
8/2/2021 4:35,199186,1028820,841541,,
8/2/2021 4:40,199186,1041400,839853,,
8/2/2021 4:45,199186,1026870,841615,,
8/2/2021 4:50,199186,1030400,842031,,
8/2/2021 4:55,199186,1065190,840541,,
8/2/2021 5:00,199186,1060190,839905,,
8/2/2021 5:05,199186,1059960,840592,,
8/2/2021 5:10,199186,1087430,841703,,
8/2/2021 5:15,199186,1092920,840919,,
8/2/2021 5:20,199186,1068180,840161,,
8/2/2021 5:25,199186,1090150,839853,,
8/2/2021 5:30,199186,1089370,839518,,
8/2/2021 5:35,199186,1123340,842491,,
8/2/2021 5:40,199186,1092790,839950,,
8/2/2021 5:45,199186,1112020,841047,,
8/2/2021 5:50,199186,1122310,840915,,
8/2/2021 5:55,199186,1131340,842405,,
8/2/2021 6:00,199186,1099010,841949,,
8/2/2021 6:05,199186,1140480,845866,,
8/2/2021 6:10,199186,1143260,844709,,
8/2/2021 6:15,199186,1113580,844941,,
8/2/2021 6:20,199186,1182760,847720,,
8/2/2021 6:25,199186,1209520,849623,,
8/2/2021 6:30,199186,1240960,851282,,
8/2/2021 6:35,199186,1177400,845879,,
8/2/2021 6:40,199186,1159970,846237,,
8/2/2021 6:45,199186,1148140,846238,,
8/2/2021 6:50,199186,1126460,845042,,
8/2/2021 6:55,199186,1124690,848065,,
8/2/2021 7:00,199186,1123830,845786,,
8/2/2021 7:05,199186,1162730,846407,,
8/2/2021 7:10,199186,1142650,848068,,
8/2/2021 7:15,199186,1127960,844260,,
8/2/2021 7:20,199186,1151320,849232,,
8/2/2021 7:25,199186,1214560,851130,,
8/2/2021 7:30,199186,1138660,844912,,
8/2/2021 7:35,199186,1148780,845688,,
8/2/2021 7:40,199186,1114260,849816,,
8/2/2021 7:45,199186,1128440,850462,,
8/2/2021 7:50,199186,1198500,855674,,
8/2/2021 7:55,199186,1150970,853714,,
8/2/2021 8:00,199186,1162530,853724,,
8/2/2021 8:05,199186,1143000,854318,,
8/2/2021 8:10,199186,1112010,854950,,
8/2/2021 8:15,199186,1145650,866679,,
8/2/2021 8:20,199186,1134190,863199,,
8/2/2021 8:25,199186,1114980,860762,,
8/2/2021 8:30,199186,1129090,867386,,
8/2/2021 8:35,199186,1093690,868194,,
8/2/2021 8:40,199186,1192960,875206,,
8/2/2021 8:45,199186,1254800,875120,,
8/2/2021 8:50,199186,1227800,876221,,
8/2/2021 8:55,199186,1219670,873963,,
8/2/2021 9:00,199186,1241720,877663,,
8/2/2021 9:05,199186,1272350,884515,,
8/2/2021 9:10,199186,1270710,880431,,
8/2/2021 9:15,199186,1264750,879552,,
8/2/2021 9:20,199186,1269300,878620,,
8/2/2021 9:25,199186,1315800,880100,,
8/2/2021 9:30,199186,1304040,881703,,
8/2/2021 9:35,199186,1277190,884351,,
8/2/2021 9:40,199186,1275220,886692,,
8/2/2021 9:45,199186,1301550,887000,,
8/2/2021 9:50,199186,1293200,900946,,
8/2/2021 9:55,199186,1236800,889406,,
8/2/2021 10:00,199186,1210170,887932,,
8/2/2021 10:05,199186,1174940,887617,,
8/2/2021 10:10,199186,1140680,889983,,
8/2/2021 10:15,199186,1182340,898108,,
8/2/2021 10:20,199186,1131120,894643,,
8/2/2021 10:25,199186,1011050,892086,,
8/2/2021 10:30,199186,972254,890971,,
8/2/2021 10:35,199186,1129880,917403,,
8/2/2021 10:40,199186,1118090,902504,,
8/2/2021 10:45,199186,1177540,905895,,
8/2/2021 10:50,199186,1206820,904019,,
8/2/2021 10:55,199186,1190910,899982,,
8/2/2021 11:00,199186,1246980,908750,,
8/2/2021 11:05,199186,1160690,899882,,
8/2/2021 11:10,199186,1064510,893392,,
8/2/2021 11:15,199186,1092720,913374,,
8/2/2021 11:20,199186,1176750,909220,,
8/2/2021 11:25,199186,1208890,899572,,
8/2/2021 11:30,199186,1297300,921091,,
8/2/2021 11:35,199186,1319600,910412,,
8/2/2021 11:40,199186,1309190,910953,,
8/2/2021 11:45,199186,1267960,913563,,
8/2/2021 11:50,199186,1241950,909145,,
8/2/2021 11:55,199186,1177990,912915,,
8/2/2021 12:00,199186,1241040,927212,,
8/2/2021 12:05,199186,1257300,933469,,
8/2/2021 12:10,199186,1193240,946168,,
8/2/2021 12:15,199186,974127,946346,,
8/2/2021 12:20,199186,1119430,937773,,
8/2/2021 12:25,199186,1268420,978294,,
8/2/2021 12:30,199186,1204630,974376,,
8/2/2021 12:35,199186,1057600,976866,,
8/2/2021 12:40,199186,1053400,980675,,
8/2/2021 12:45,199186,1046930,974521,,
8/2/2021 12:50,199186,1086100,991279,,
8/2/2021 12:55,199186,1078500,981775,,
8/2/2021 13:00,199186,1196130,990121,,
8/2/2021 13:05,199186,1041020,971984,,
8/2/2021 13:10,199186,1077870,979197,,
8/2/2021 13:15,199186,1125840,977513,,
8/2/2021 13:20,199186,1215530,1019080,,
8/2/2021 13:25,199186,1144530,983071,,
8/2/2021 13:30,199186,1075700,974358,,
8/2/2021 13:35,199186,1130450,987270,,
8/2/2021 13:40,199186,1082050,992684,,
8/2/2021 13:45,199186,1352460,1009740,,
8/2/2021 13:50,199186,1281910,998570,,
8/2/2021 13:55,199186,1087250,958141,,
8/2/2021 14:00,199186,1173020,987126,,
8/2/2021 14:05,199186,1287840,1026860,,
8/2/2021 14:10,199186,1330600,1038550,,
8/2/2021 14:15,199186,1240590,1007040,,
8/2/2021 14:20,199186,1361470,1044770,,
8/2/2021 14:25,199186,1323240,1022450,,
8/2/2021 14:30,199186,1380240,1042870,,
8/2/2021 14:35,199186,1433330,1066930,,
8/2/2021 14:40,199186,1406200,1038730,,
8/2/2021 14:45,199186,1398220,1034270,,
8/2/2021 14:50,199186,1477540,1040980,,
8/2/2021 14:55,199186,1401860,1050420,,
8/2/2021 15:00,199186,1419810,1045040,,
8/2/2021 15:05,199186,1544440,1071330,,
8/2/2021 15:10,199186,1524460,1038310,,
8/2/2021 15:15,199186,1620930,1075260,,
8/2/2021 15:20,199186,1507230,1047600,,
8/2/2021 15:25,199186,1553170,1052210,,
8/2/2021 15:30,199186,1762260,1098210,,
8/2/2021 15:35,199186,1540540,1026350,,
8/2/2021 15:40,199186,1611700,1050880,,
8/2/2021 15:45,199186,1510720,1034150,,
8/2/2021 15:50,199186,1578040,1045210,,
8/2/2021 15:55,199186,1655640,1053820,,
8/2/2021 16:00,199186,1667060,1065880,,
8/2/2021 16:05,199186,1705190,1097040,,
8/2/2021 16:10,199186,1710620,1077670,,
8/2/2021 16:15,199186,1817760,1112630,,
8/2/2021 16:20,199186,1933370,1142300,,
8/2/2021 16:25,199186,1877660,1121670,,
8/2/2021 16:30,199186,1892930,1107250,,
8/2/2021 16:35,199186,1913570,1098170,,
8/2/2021 16:40,199186,1941310,1115280,,
8/2/2021 16:45,199186,1866560,1069290,,
8/2/2021 16:50,199186,1942780,1110220,,
8/2/2021 16:55,199186,2010370,1107550,,
8/2/2021 17:00,199186,2071910,1117890,,
8/2/2021 17:05,199186,1977080,1069590,,
8/2/2021 17:10,199186,1985020,1071680,,
8/2/2021 17:15,199186,1878480,1028650,,
8/2/2021 17:20,199186,1992820,1056520,,
8/2/2021 17:25,199186,2032470,1066100,,
8/2/2021 17:30,199186,2047420,1069660,,
8/2/2021 17:35,199186,2243070,1120270,,
8/2/2021 17:40,199186,2222250,1105200,,
8/2/2021 17:45,199186,2166370,1088050,,
8/2/2021 17:50,199186,2119610,1086810,,
8/2/2021 17:55,199186,2053750,1059060,,
8/2/2021 18:00,199186,2163290,1090280,,
8/2/2021 18:05,199186,2085410,1064160,,
8/2/2021 18:10,199186,2176670,1093840,,
8/2/2021 18:15,199186,2152600,1068110,,
8/2/2021 18:20,199186,2190630,1082890,,
8/2/2021 18:25,199186,2207150,1111370,,
8/2/2021 18:30,199186,2173810,1086290,,
8/2/2021 18:35,199186,2200920,1090110,,
8/2/2021 18:40,199186,2190620,1090420,,
8/2/2021 18:45,199186,2124980,1078010,,
8/2/2021 18:50,199186,2134950,1076060,,
8/2/2021 18:55,199186,2082620,1063050,,
8/2/2021 19:00,199186,2157080,1079740,,
8/2/2021 19:05,199186,2053390,1036330,,
8/2/2021 19:10,199186,2059500,1033410,,
8/2/2021 19:15,199186,1993310,1013120,,
8/2/2021 19:20,199186,2006130,1010710,,
8/2/2021 19:25,199186,1966070,1003520,,
8/2/2021 19:30,199186,1973490,1007650,,
8/2/2021 19:35,199186,1926700,989616,,
8/2/2021 19:40,199186,1852730,973938,,
8/2/2021 19:45,199186,1854690,972278,,
8/2/2021 19:50,199186,1889020,983640,,
8/2/2021 19:55,199186,1857380,965808,,
8/2/2021 20:00,199186,1820860,962987,,
8/2/2021 20:05,199186,1794940,959306,,
8/2/2021 20:10,199186,1805850,956063,,
8/2/2021 20:15,199186,1831090,958958,,
8/2/2021 20:20,199186,1860850,965126,,
8/2/2021 20:25,199186,1840120,962476,,
8/2/2021 20:30,199186,1876780,969128,,
8/2/2021 20:35,199186,1856020,963314,,
8/2/2021 20:40,199186,1798720,951877,,
8/2/2021 20:45,199186,1765730,945974,,
8/2/2021 20:50,199186,1802350,949210,,
8/2/2021 20:55,199186,1793810,943053,,
8/2/2021 21:00,199186,1814980,951671,,
8/2/2021 21:05,199186,1812560,955083,,
8/2/2021 21:10,199186,1804760,949674,,
8/2/2021 21:15,199186,1792900,948586,,
8/2/2021 21:20,199186,1820650,951243,,
8/2/2021 21:25,199186,1822040,951531,,
8/2/2021 21:30,199186,1828090,956570,,
8/2/2021 21:35,199186,1776440,946139,,
8/2/2021 21:40,199186,1734480,937617,,
8/2/2021 21:45,199186,1722720,938764,,
8/2/2021 21:50,199186,1715420,936435,,
8/2/2021 21:55,199186,1683820,926640,,
8/2/2021 22:00,199186,1656500,921240,,
8/2/2021 22:05,199186,1661940,921345,,
8/2/2021 22:10,199186,1616960,917201,,
8/2/2021 22:15,199186,1606230,917299,,
8/2/2021 22:20,199186,1603380,913748,,
8/2/2021 22:25,199186,1579870,911941,,
8/2/2021 22:30,199186,1554570,907409,,
8/2/2021 22:35,199186,1513450,905056,,
8/2/2021 22:40,199186,1483190,901650,,
8/2/2021 22:45,199186,1453430,896377,,
8/2/2021 22:50,199186,1438680,893873,,
8/2/2021 22:55,199186,1424660,890944,,
8/2/2021 23:00,199186,1426710,888963,,
8/2/2021 23:05,199186,1377230,884713,,
8/2/2021 23:10,199186,1347000,879867,,
8/2/2021 23:15,199186,1325210,879364,,
8/2/2021 23:20,199186,1314920,876533,,
8/2/2021 23:25,199186,1280310,870544,,
8/2/2021 23:30,199186,1270050,869239,,
8/2/2021 23:35,199186,1265730,871379,,
8/2/2021 23:40,199186,1226550,868731,,
8/2/2021 23:45,199186,1205480,863847,,
8/2/2021 23:50,199186,1188880,863224,,
8/2/2021 23:55,199186,1209750,865397,,
8/3/2021 0:00,199186,1244910,872436,,
8/3/2021 0:05,199186,1221570,872240,,
8/3/2021 0:10,199186,1212450,870321,,
8/3/2021 0:15,199186,1205740,869638,,
8/3/2021 0:20,199186,1192750,868517,,
8/3/2021 0:25,199186,1185920,868391,,
8/3/2021 0:30,199186,1202460,868390,,
8/3/2021 0:35,199186,1164200,863289,,
8/3/2021 0:40,199186,1176230,863330,,
8/3/2021 0:45,199186,1155660,863142,,
8/3/2021 0:50,199186,1133980,861264,,
8/3/2021 0:55,199186,1135230,861561,,
8/3/2021 1:00,199186,1155280,861640,,
8/3/2021 1:05,199186,1133620,859541,,
8/3/2021 1:10,199186,1112490,857714,,
8/3/2021 1:15,199186,1090760,855104,,
8/3/2021 1:20,199186,1112280,855910,,
8/3/2021 1:25,199186,1077490,855017,,
8/3/2021 1:30,199186,1073890,855163,,
8/3/2021 1:35,199186,1116430,856036,,
8/3/2021 1:40,199186,1083570,853538,,
8/3/2021 1:45,199186,1063580,849859,,
8/3/2021 1:50,199186,1048460,849829,,
8/3/2021 1:55,199186,1070020,850004,,
8/3/2021 2:00,199186,1091610,850447,,
8/3/2021 2:05,199186,1056010,851294,,
8/3/2021 2:10,199186,1066660,853444,,
8/3/2021 2:15,199186,1038440,851418,,
8/3/2021 2:20,199186,1052510,849364,,
8/3/2021 2:25,199186,1026880,847132,,
8/3/2021 2:30,199186,1040280,847582,,
8/3/2021 2:35,199186,1053220,847761,,
8/3/2021 2:40,199186,1049950,844957,,
8/3/2021 2:45,199186,1034820,845112,,
8/3/2021 2:50,199186,1021240,844355,,
8/3/2021 2:55,199186,1015910,844001,,
8/3/2021 3:00,199186,1017540,843934,,
8/3/2021 3:05,199186,1029680,844366,,
8/3/2021 3:10,199186,1048660,844509,,
8/3/2021 3:15,199186,1075250,844846,,
8/3/2021 3:20,199186,1064140,844798,,
8/3/2021 3:25,199186,1060470,845647,,
8/3/2021 3:30,199186,1033110,844802,,
8/3/2021 3:35,199186,1049820,845192,,
8/3/2021 3:40,199186,1066570,843898,,
8/3/2021 3:45,199186,1078220,843653,,
8/3/2021 3:50,199186,1055300,840249,,
8/3/2021 3:55,199186,1013220,839577,,
8/3/2021 4:00,199186,1040510,840121,,
8/3/2021 4:05,199186,1080380,840944,,
8/3/2021 4:10,199186,1076150,840539,,
8/3/2021 4:15,199186,1053230,839804,,
8/3/2021 4:20,199186,1045180,840086,,
8/3/2021 4:25,199186,1087880,840871,,
8/3/2021 4:30,199186,1058090,840222,,
8/3/2021 4:35,199186,1020870,839978,,
8/3/2021 4:40,199186,1044700,839928,,
8/3/2021 4:45,199186,1019590,839498,,
8/3/2021 4:50,199186,1020590,839499,,
8/3/2021 4:55,199186,1048730,840086,,
8/3/2021 5:00,199186,1057040,839905,,
8/3/2021 5:05,199186,1074810,840243,,
8/3/2021 5:10,199186,1089430,840783,,
8/3/2021 5:15,199186,1104390,840825,,
8/3/2021 5:20,199186,1056910,839503,,
8/3/2021 5:25,199186,1075380,839431,,
8/3/2021 5:30,199186,1091430,839641,,
8/3/2021 5:35,199186,1078520,839360,,
8/3/2021 5:40,199186,1100570,839577,,
8/3/2021 5:45,199186,1125330,840390,,
8/3/2021 5:50,199186,1112060,840402,,
8/3/2021 5:55,199186,1121090,840979,,
8/3/2021 6:00,199186,1132780,841353,,
8/3/2021 6:05,199186,1135660,843571,,
8/3/2021 6:10,199186,1141910,843267,,
8/3/2021 6:15,199186,1086380,842366,,
8/3/2021 6:20,199186,1170280,843999,,
8/3/2021 6:25,199186,1183720,843924,,
8/3/2021 6:30,199186,1180500,843971,,
8/3/2021 6:35,199186,1127090,843108,,
8/3/2021 6:40,199186,1119620,843396,,
8/3/2021 6:45,199186,1102310,843480,,
8/3/2021 6:50,199186,1085450,842915,,
8/3/2021 6:55,199186,1074730,843091,,
8/3/2021 7:00,199186,1056490,843008,,
8/3/2021 7:05,199186,1105430,844493,,
8/3/2021 7:10,199186,1054520,843134,,
8/3/2021 7:15,199186,1044280,841526,,
8/3/2021 7:20,199186,1036410,840980,,
8/3/2021 7:25,199186,1057370,841253,,
8/3/2021 7:30,199186,1031940,841263,,
8/3/2021 7:35,199186,1000040,840637,,
8/3/2021 7:40,199186,981097,844791,,
8/3/2021 7:45,199186,1003380,846063,,
8/3/2021 7:50,199186,1004810,847025,,
8/3/2021 7:55,199186,954056,847230,,
8/3/2021 8:00,199186,969835,847828,,
8/3/2021 8:05,199186,973712,848230,,
8/3/2021 8:10,199186,970078,849718,,
8/3/2021 8:15,199186,932277,849962,,
8/3/2021 8:20,199186,924071,850060,,
8/3/2021 8:25,199186,922730,852231,,
8/3/2021 8:30,199186,934291,853243,,
8/3/2021 8:35,199186,889608,851999,,
8/3/2021 8:40,199186,918565,860185,,
8/3/2021 8:45,199186,914580,863759,,
8/3/2021 8:50,199186,918532,866499,,
8/3/2021 8:55,199186,890596,868649,,
8/3/2021 9:00,199186,914494,871086,,
8/3/2021 9:05,199186,879565,870961,,
8/3/2021 9:10,199186,901990,871410,,
8/3/2021 9:15,199186,917622,873308,,
8/3/2021 9:20,199186,929260,871451,,
8/3/2021 9:25,199186,945108,875247,,
8/3/2021 9:30,199186,895298,875651,,
8/3/2021 9:35,199186,924802,877675,,
8/3/2021 9:40,199186,913780,879696,,
8/3/2021 9:45,199186,924461,883017,,
8/3/2021 9:50,199186,883999,882623,,
8/3/2021 9:55,199186,858689,884108,,
8/3/2021 10:00,199186,849093,881651,,
8/3/2021 10:05,199186,843676,880157,,
8/3/2021 10:10,199186,836107,883735,,
8/3/2021 10:15,199186,836546,883472,,
8/3/2021 10:20,199186,857146,886162,,
8/3/2021 10:25,199186,826882,882238,,
8/3/2021 10:30,199186,802391,880543,,
8/3/2021 10:35,199186,817020,880675,,
8/3/2021 10:40,199186,810670,884974,,
8/3/2021 10:45,199186,831475,890831,,
8/3/2021 10:50,199186,814937,887110,,
8/3/2021 10:55,199186,788963,891029,,
8/3/2021 11:00,199186,815114,893839,,
8/3/2021 11:05,199186,803104,896873,,
8/3/2021 11:10,199186,827616,904401,,
8/3/2021 11:15,199186,802025,890139,,
8/3/2021 11:20,199186,830125,905718,,
8/3/2021 11:25,199186,827965,903850,,
8/3/2021 11:30,199186,862884,921195,,
8/3/2021 11:35,199186,903463,922502,,
8/3/2021 11:40,199186,876390,913090,,
8/3/2021 11:45,199186,891425,927473,,
8/3/2021 11:50,199186,849216,906800,,
8/3/2021 11:55,199186,872769,923756,,
8/3/2021 12:00,199186,891691,919408,,
8/3/2021 12:05,199186,927994,934281,,
8/3/2021 12:10,199186,967128,955831,,
8/3/2021 12:15,199186,839607,925267,,
8/3/2021 12:20,199186,908089,933332,,
8/3/2021 12:25,199186,1030200,975747,,
8/3/2021 12:30,199186,990559,959111,,
8/3/2021 12:35,199186,993462,955766,,
8/3/2021 12:40,199186,1011570,971673,,
8/3/2021 12:45,199186,988334,959565,,
8/3/2021 12:50,199186,948160,938419,,
8/3/2021 12:55,199186,1049820,981860,,
8/3/2021 13:00,199186,988184,948986,,
8/3/2021 13:05,199186,978714,951486,,
8/3/2021 13:10,199186,1002110,957240,,
8/3/2021 13:15,199186,1061620,963256,,
8/3/2021 13:20,199186,1109930,985850,,
8/3/2021 13:25,199186,1080820,972996,,
8/3/2021 13:30,199186,1049930,980064,,
8/3/2021 13:35,199186,1100290,988491,,
8/3/2021 13:40,199186,1065200,979260,,
8/3/2021 13:45,199186,1056250,974819,,
8/3/2021 13:50,199186,1121780,997065,,
8/3/2021 13:55,199186,1257100,1041120,,
8/3/2021 14:00,199186,1217070,1006720,,
8/3/2021 14:05,199186,1197020,999257,,
8/3/2021 14:10,199186,1126070,975543,,
8/3/2021 14:15,199186,1284570,1032630,,
8/3/2021 14:20,199186,1227740,1001760,,
8/3/2021 14:25,199186,1337960,1042610,,
8/3/2021 14:30,199186,1245370,1005890,,
8/3/2021 14:35,199186,1407630,1062550,,
8/3/2021 14:40,199186,1339450,1020800,,
8/3/2021 14:45,199186,1513590,1097940,,
8/3/2021 14:50,199186,1484740,1073550,,
8/3/2021 14:55,199186,1408000,1062860,,
8/3/2021 15:00,199186,1466460,1073490,,
8/3/2021 15:05,199186,1492220,1060390,,
8/3/2021 15:10,199186,1530720,1078650,,
8/3/2021 15:15,199186,1553240,1075980,,
8/3/2021 15:20,199186,1518890,1058140,,
8/3/2021 15:25,199186,1715600,1129300,,
8/3/2021 15:30,199186,1505480,1055030,,
8/3/2021 15:35,199186,1516250,1054900,,
8/3/2021 15:40,199186,1653460,1110060,,
8/3/2021 15:45,199186,1553160,1070890,,
8/3/2021 15:50,199186,1698950,1125990,,
8/3/2021 15:55,199186,1557350,1063500,,
8/3/2021 16:00,199186,1664260,1094440,,
8/3/2021 16:05,199186,1777020,1128930,,
8/3/2021 16:10,199186,1893200,1160440,,
8/3/2021 16:15,199186,1789700,1105030,,
8/3/2021 16:20,199186,1918390,1161790,,
8/3/2021 16:25,199186,1777910,1099070,,
8/3/2021 16:30,199186,1990700,1165700,,
8/3/2021 16:35,199186,1908560,1123270,,
8/3/2021 16:40,199186,1858110,1108090,,
8/3/2021 16:45,199186,1914670,1107410,,
8/3/2021 16:50,199186,2003290,1148910,,
8/3/2021 16:55,199186,2089250,1156520,,
8/3/2021 17:00,199186,2019730,1137070,,
8/3/2021 17:05,199186,1977760,1126820,,
8/3/2021 17:10,199186,2107040,1169880,,
8/3/2021 17:15,199186,2116670,1170700,,
8/3/2021 17:20,199186,2013980,1110530,,
8/3/2021 17:25,199186,2091790,1135250,,
8/3/2021 17:30,199186,2149800,1137490,,
8/3/2021 17:35,199186,2232800,1160600,,
8/3/2021 17:40,199186,2298840,1174520,,
8/3/2021 17:45,199186,2194550,1137970,,
8/3/2021 17:50,199186,2154680,1139240,,
8/3/2021 17:55,199186,2138280,1123130,,
8/3/2021 18:00,199186,2266960,1155930,,
8/3/2021 18:05,199186,2152120,1104110,,
8/3/2021 18:10,199186,2201180,1115230,,
8/3/2021 18:15,199186,2220830,1113890,,
8/3/2021 18:20,199186,2280380,1132220,,
8/3/2021 18:25,199186,2221030,1107140,,
8/3/2021 18:30,199186,2194850,1095810,,
8/3/2021 18:35,199186,2265270,1116700,,
8/3/2021 18:40,199186,2252310,1112130,,
8/3/2021 18:45,199186,2152280,1073830,,
8/3/2021 18:50,199186,2074190,1041460,,
8/3/2021 18:55,199186,2069880,1046880,,
8/3/2021 19:00,199186,2107690,1049250,,
8/3/2021 19:05,199186,2078850,1034880,,
8/3/2021 19:10,199186,2064370,1029620,,
8/3/2021 19:15,199186,2081950,1033950,,
8/3/2021 19:20,199186,2036350,1020140,,
8/3/2021 19:25,199186,2014280,1017710,,
8/3/2021 19:30,199186,1979270,1009400,,
8/3/2021 19:35,199186,2018350,1022400,,
8/3/2021 19:40,199186,1920760,999929,,
8/3/2021 19:45,199186,1849090,971054,,
8/3/2021 19:50,199186,1842400,965042,,
8/3/2021 19:55,199186,1860590,965030,,
8/3/2021 20:00,199186,1873850,983060,,
8/3/2021 20:05,199186,1849670,979888,,
8/3/2021 20:10,199186,1806620,958941,,
8/3/2021 20:15,199186,1869880,971211,,
8/3/2021 20:20,199186,1920070,990306,,
8/3/2021 20:25,199186,1879430,972792,,
8/3/2021 20:30,199186,1859630,968141,,
8/3/2021 20:35,199186,1916460,986016,,
8/3/2021 20:40,199186,1803240,953685,,
8/3/2021 20:45,199186,1759440,946477,,
8/3/2021 20:50,199186,1817600,957000,,
8/3/2021 20:55,199186,1781760,942599,,
8/3/2021 21:00,199186,1817620,949395,,
8/3/2021 21:05,199186,1787120,946794,,
8/3/2021 21:10,199186,1803440,950496,,
8/3/2021 21:15,199186,1790070,948708,,
8/3/2021 21:20,199186,1826170,953113,,
8/3/2021 21:25,199186,1834820,956004,,
8/3/2021 21:30,199186,1850340,962483,,
8/3/2021 21:35,199186,1775290,945315,,
8/3/2021 21:40,199186,1733750,938463,,
8/3/2021 21:45,199186,1730760,940707,,
8/3/2021 21:50,199186,1723170,937622,,
8/3/2021 21:55,199186,1681940,926154,,
8/3/2021 22:00,199186,1656300,921274,,
8/3/2021 22:05,199186,1644810,918927,,
8/3/2021 22:10,199186,1620760,917323,,
8/3/2021 22:15,199186,1596120,914699,,
8/3/2021 22:20,199186,1603820,912475,,
8/3/2021 22:25,199186,1561660,909170,,
8/3/2021 22:30,199186,1547380,905663,,
8/3/2021 22:35,199186,1508590,903687,,
8/3/2021 22:40,199186,1480150,898500,,
8/3/2021 22:45,199186,1453170,896797,,
8/3/2021 22:50,199186,1435620,893009,,
8/3/2021 22:55,199186,1431180,890689,,
8/3/2021 23:00,199186,1418940,888323,,
8/3/2021 23:05,199186,1389480,886164,,
8/3/2021 23:10,199186,1363230,882839,,
8/3/2021 23:15,199186,1333290,880766,,
8/3/2021 23:20,199186,1312010,877404,,
8/3/2021 23:25,199186,1281320,872104,,
8/3/2021 23:30,199186,1257970,869883,,
8/3/2021 23:35,199186,1262900,870332,,
8/3/2021 23:40,199186,1209460,865504,,
8/3/2021 23:45,199186,1214490,863981,,
8/3/2021 23:50,199186,1209260,863654,,
8/3/2021 23:55,199186,1209750,865397,,
8/4/2021 0:00,199186,1240390,872755,,
8/4/2021 0:05,199186,1226030,871799,,
8/4/2021 0:10,199186,1209070,870062,,
8/4/2021 0:15,199186,1215260,869840,,
8/4/2021 0:20,199186,1192340,868556,,
8/4/2021 0:25,199186,1199920,868229,,
8/4/2021 0:30,199186,1193400,868276,,
8/4/2021 0:35,199186,1159360,863235,,
8/4/2021 0:40,199186,1176230,863329,,
8/4/2021 0:45,199186,1160000,863299,,
8/4/2021 0:50,199186,1129670,861167,,
8/4/2021 0:55,199186,1149760,861756,,
8/4/2021 1:00,199186,1155290,861634,,
8/4/2021 1:05,199186,1143220,859690,,
8/4/2021 1:10,199186,1109270,857685,,
8/4/2021 1:15,199186,1104400,855588,,
8/4/2021 1:20,199186,1082920,855103,,
8/4/2021 1:25,199186,1098370,855262,,
8/4/2021 1:30,199186,1069570,855047,,
8/4/2021 1:35,199186,1117030,858191,,
8/4/2021 1:40,199186,1087320,853572,,
8/4/2021 1:45,199186,1048050,849642,,
8/4/2021 1:50,199186,1042150,849700,,
8/4/2021 1:55,199186,1047430,849603,,
8/4/2021 2:00,199186,1062560,849956,,
8/4/2021 2:05,199186,1048040,851298,,
8/4/2021 2:10,199186,1057120,851406,,
8/4/2021 2:15,199186,1034710,849280,,
8/4/2021 2:20,199186,1049330,849278,,
8/4/2021 2:25,199186,1026340,846992,,
8/4/2021 2:30,199186,1029030,847458,,
8/4/2021 2:35,199186,1054280,847736,,
8/4/2021 2:40,199186,1034540,844694,,
8/4/2021 2:45,199186,1031600,845095,,
8/4/2021 2:50,199186,1013290,844420,,
8/4/2021 2:55,199186,1032640,844346,,
8/4/2021 3:00,199186,1033540,844093,,
8/4/2021 3:05,199186,1031370,844369,,
8/4/2021 3:10,199186,1046740,844709,,
8/4/2021 3:15,199186,1069490,844759,,
8/4/2021 3:20,199186,1090610,845401,,
8/4/2021 3:25,199186,1070280,845884,,
8/4/2021 3:30,199186,1032520,844679,,
8/4/2021 3:35,199186,1045000,845029,,
8/4/2021 3:40,199186,1058320,843624,,
8/4/2021 3:45,199186,1094820,843860,,
8/4/2021 3:50,199186,1070240,840466,,
8/4/2021 3:55,199186,1014790,839456,,
8/4/2021 4:00,199186,1041090,840151,,
8/4/2021 4:05,199186,1064350,840706,,
8/4/2021 4:10,199186,1076240,840502,,
8/4/2021 4:15,199186,1050650,839830,,
8/4/2021 4:20,199186,1034000,840012,,
8/4/2021 4:25,199186,1088320,840870,,
8/4/2021 4:30,199186,1062250,840137,,
8/4/2021 4:35,199186,1023150,839991,,
8/4/2021 4:40,199186,1069620,840447,,
8/4/2021 4:45,199186,1034590,839631,,
8/4/2021 4:50,199186,1024890,839590,,
8/4/2021 4:55,199186,1069540,840186,,
8/4/2021 5:00,199186,1062760,839833,,
8/4/2021 5:05,199186,1075460,840396,,
8/4/2021 5:10,199186,1094420,841102,,
8/4/2021 5:15,199186,1083760,840679,,
8/4/2021 5:20,199186,1066510,839686,,
8/4/2021 5:25,199186,1100980,839825,,
8/4/2021 5:30,199186,1095750,839677,,
8/4/2021 5:35,199186,1091440,839593,,
8/4/2021 5:40,199186,1099020,839758,,
8/4/2021 5:45,199186,1095690,839872,,
8/4/2021 5:50,199186,1110170,840614,,
8/4/2021 5:55,199186,1116340,840884,,
8/4/2021 6:00,199186,1098370,840518,,
8/4/2021 6:05,199186,1137060,843369,,
8/4/2021 6:10,199186,1146000,843261,,
8/4/2021 6:15,199186,1083250,842274,,
8/4/2021 6:20,199186,1159810,843786,,
8/4/2021 6:25,199186,1198480,844252,,
8/4/2021 6:30,199186,1174100,843935,,
8/4/2021 6:35,199186,1149670,843544,,
8/4/2021 6:40,199186,1128550,843217,,
8/4/2021 6:45,199186,1155570,844541,,
8/4/2021 6:50,199186,1078670,842906,,
8/4/2021 6:55,199186,1066280,843104,,
8/4/2021 7:00,199186,1071660,845494,,
8/4/2021 7:05,199186,1109900,844704,,
8/4/2021 7:10,199186,1070970,843427,,
8/4/2021 7:15,199186,1050730,841787,,
8/4/2021 7:20,199186,1044030,841053,,
8/4/2021 7:25,199186,1074300,841547,,
8/4/2021 7:30,199186,1012830,840929,,
8/4/2021 7:35,199186,1005210,842681,,
8/4/2021 7:40,199186,989982,846960,,
8/4/2021 7:45,199186,1007890,846102,,
8/4/2021 7:50,199186,1002590,846908,,
8/4/2021 7:55,199186,963974,847370,,
8/4/2021 8:00,199186,978455,847975,,
8/4/2021 8:05,199186,1000050,850700,,
8/4/2021 8:10,199186,974226,851812,,
8/4/2021 8:15,199186,938460,850218,,
8/4/2021 8:20,199186,932150,850539,,
8/4/2021 8:25,199186,933738,850241,,
8/4/2021 8:30,199186,930564,852133,,
8/4/2021 8:35,199186,920628,854863,,
8/4/2021 8:40,199186,926182,864894,,
8/4/2021 8:45,199186,938683,864480,,
8/4/2021 8:50,199186,914329,866722,,
8/4/2021 8:55,199186,901702,866793,,
8/4/2021 9:00,199186,960384,873379,,
8/4/2021 9:05,199186,925588,875646,,
8/4/2021 9:10,199186,931732,874033,,
8/4/2021 9:15,199186,947821,878393,,
8/4/2021 9:20,199186,947721,873939,,
8/4/2021 9:25,199186,961358,872812,,
8/4/2021 9:30,199186,950766,882137,,
8/4/2021 9:35,199186,940692,881950,,
8/4/2021 9:40,199186,933699,885400,,
8/4/2021 9:45,199186,935810,886879,,
8/4/2021 9:50,199186,908050,887214,,
8/4/2021 9:55,199186,907345,900770,,
8/4/2021 10:00,199186,905513,891291,,
8/4/2021 10:05,199186,902863,896320,,
8/4/2021 10:10,199186,906997,895879,,
8/4/2021 10:15,199186,876703,893572,,
8/4/2021 10:20,199186,868051,905562,,
8/4/2021 10:25,199186,961533,905804,,
8/4/2021 10:30,199186,955755,917671,,
8/4/2021 10:35,199186,907909,895768,,
8/4/2021 10:40,199186,888526,932003,,
8/4/2021 10:45,199186,872450,920785,,
8/4/2021 10:50,199186,902120,930992,,
8/4/2021 10:55,199186,925341,944109,,
8/4/2021 11:00,199186,915597,931117,,
8/4/2021 11:05,199186,1143880,939588,,
8/4/2021 11:10,199186,1368000,949773,,
8/4/2021 11:15,199186,1152290,913082,,
8/4/2021 11:20,199186,932342,920407,,
8/4/2021 11:25,199186,1144620,950970,,
8/4/2021 11:30,199186,1355690,958183,,
8/4/2021 11:35,199186,1124250,946980,,
8/4/2021 11:40,199186,1500470,995918,,
8/4/2021 11:45,199186,1007700,940469,,
8/4/2021 11:50,199186,1095110,996306,,
8/4/2021 11:55,199186,1040020,968689,,
8/4/2021 12:00,199186,1003610,964528,,
8/4/2021 12:05,199186,1030960,977268,,
8/4/2021 12:10,199186,1078170,999381,,
8/4/2021 12:15,199186,1013500,986984,,
8/4/2021 12:20,199186,1107490,1010470,,
8/4/2021 12:25,199186,1152000,1024700,,
8/4/2021 12:30,199186,1174740,1013130,,
8/4/2021 12:35,199186,1199600,1027430,,
8/4/2021 12:40,199186,1186720,1038680,,
8/4/2021 12:45,199186,1180790,1037990,,
8/4/2021 12:50,199186,1025620,974048,,
8/4/2021 12:55,199186,1238960,1059810,,
8/4/2021 13:00,199186,1178480,1021420,,
8/4/2021 13:05,199186,1156960,1022160,,
8/4/2021 13:10,199186,1255170,1061330,,
8/4/2021 13:15,199186,1330250,1069770,,
8/4/2021 13:20,199186,1364890,1073630,,
8/4/2021 13:25,199186,1257470,1033910,,
8/4/2021 13:30,199186,1214590,1037390,,
8/4/2021 13:35,199186,1284640,1064300,,
8/4/2021 13:40,199186,1361160,1083590,,
8/4/2021 13:45,199186,1196220,1031050,,
8/4/2021 13:50,199186,1417040,1120010,,
8/4/2021 13:55,199186,1462150,1123510,,
8/4/2021 14:00,199186,1490040,1117900,,
8/4/2021 14:05,199186,1385120,1083510,,
8/4/2021 14:10,199186,1456390,1113590,,
8/4/2021 14:15,199186,1423860,1088690,,
8/4/2021 14:20,199186,1462520,1092230,,
8/4/2021 14:25,199186,1517910,1116380,,
8/4/2021 14:30,199186,1755660,1205710,,
8/4/2021 14:35,199186,1489720,1092380,,
8/4/2021 14:40,199186,1534930,1099400,,
8/4/2021 14:45,199186,1516240,1101950,,
8/4/2021 14:50,199186,1857490,1160980,,
8/4/2021 14:55,199186,1714200,1131900,,
8/4/2021 15:00,199186,1719620,1087850,,
8/4/2021 15:05,199186,1606480,1071770,,
8/4/2021 15:10,199186,1664090,1120580,,
8/4/2021 15:15,199186,1686690,1134630,,
8/4/2021 15:20,199186,1676480,1119480,,
8/4/2021 15:25,199186,1644210,1091300,,
8/4/2021 15:30,199186,1583980,1097760,,
8/4/2021 15:35,199186,1676980,1132820,,
8/4/2021 15:40,199186,1747290,1150910,,
8/4/2021 15:45,199186,1862910,1203000,,
8/4/2021 15:50,199186,1855210,1120240,,
8/4/2021 15:55,199186,1972560,1106700,,
8/4/2021 16:00,199186,1685770,1079840,,
8/4/2021 16:05,199186,1722980,1096730,,
8/4/2021 16:10,199186,1944850,1171840,,
8/4/2021 16:15,199186,1914120,1145690,,
8/4/2021 16:20,199186,2025980,1191490,,
8/4/2021 16:25,199186,1989680,1173090,,
8/4/2021 16:30,199186,1948020,1141780,,
8/4/2021 16:35,199186,2077900,1196130,,
8/4/2021 16:40,199186,1956970,1136920,,
8/4/2021 16:45,199186,2157320,1202100,,
8/4/2021 16:50,199186,2144640,1197510,,
8/4/2021 16:55,199186,2091510,1149670,,
8/4/2021 17:00,199186,2162780,1188570,,
8/4/2021 17:05,199186,2106490,1165610,,
8/4/2021 17:10,199186,2133650,1163510,,
8/4/2021 17:15,199186,2171720,1182940,,
8/4/2021 17:20,199186,2141770,1153110,,
8/4/2021 17:25,199186,2154910,1153770,,
8/4/2021 17:30,199186,2251320,1174150,,
8/4/2021 17:35,199186,2425410,1225520,,
8/4/2021 17:40,199186,2299750,1161750,,
8/4/2021 17:45,199186,2362440,1196300,,
8/4/2021 17:50,199186,2382950,1215640,,
8/4/2021 17:55,199186,2192240,1138190,,
8/4/2021 18:00,199186,2297000,1153570,,
8/4/2021 18:05,199186,2443330,1182590,,
8/4/2021 18:10,199186,2444220,1182890,,
8/4/2021 18:15,199186,2277340,1123400,,
8/4/2021 18:20,199186,2455700,1191320,,
8/4/2021 18:25,199186,2323040,1147740,,
8/4/2021 18:30,199186,2443430,1187170,,
8/4/2021 18:35,199186,2483090,1188290,,
8/4/2021 18:40,199186,2415250,1150690,,
8/4/2021 18:45,199186,2340400,1139280,,
8/4/2021 18:50,199186,2344460,1143440,,
8/4/2021 18:55,199186,2155200,1077550,,
8/4/2021 19:00,199186,2305340,1125230,,
8/4/2021 19:05,199186,2203580,1083070,,
8/4/2021 19:10,199186,2196060,1079940,,
8/4/2021 19:15,199186,2182810,1075590,,
8/4/2021 19:20,199186,2269550,1108670,,
8/4/2021 19:25,199186,2195830,1092410,,
8/4/2021 19:30,199186,2092680,1046850,,
8/4/2021 19:35,199186,2111740,1058040,,
8/4/2021 19:40,199186,2000730,1028740,,
8/4/2021 19:45,199186,1944500,1008510,,
8/4/2021 19:50,199186,1977610,1016440,,
8/4/2021 19:55,199186,1995580,1017260,,
8/4/2021 20:00,199186,1885110,983189,,
8/4/2021 20:05,199186,1958000,1020800,,
8/4/2021 20:10,199186,1965300,1018260,,
8/4/2021 20:15,199186,2030870,1035470,,
8/4/2021 20:20,199186,2099520,1060430,,
8/4/2021 20:25,199186,2005170,1021290,,
8/4/2021 20:30,199186,2070560,1054290,,
8/4/2021 20:35,199186,2048590,1038400,,
8/4/2021 20:40,199186,1912440,994503,,
8/4/2021 20:45,199186,1859500,981666,,
8/4/2021 20:50,199186,1942930,1006900,,
8/4/2021 20:55,199186,1885210,983885,,
8/4/2021 21:00,199186,1858870,969451,,
8/4/2021 21:05,199186,1926800,1000270,,
8/4/2021 21:10,199186,1952580,1001120,,
8/4/2021 21:15,199186,1887610,986882,,
8/4/2021 21:20,199186,2056030,1040160,,
8/4/2021 21:25,199186,2011100,1019100,,
8/4/2021 21:30,199186,1924410,989950,,
8/4/2021 21:35,199186,1864090,978336,,
8/4/2021 21:40,199186,1803660,965522,,
8/4/2021 21:45,199186,1753090,949451,,
8/4/2021 21:50,199186,1766510,953750,,
8/4/2021 21:55,199186,1763500,954480,,
8/4/2021 22:00,199186,1716970,942483,,
8/4/2021 22:05,199186,1715310,945232,,
8/4/2021 22:10,199186,1660370,932155,,
8/4/2021 22:15,199186,1633600,925212,,
8/4/2021 22:20,199186,1618690,918604,,
8/4/2021 22:25,199186,1580910,915008,,
8/4/2021 22:30,199186,1551580,908777,,
8/4/2021 22:35,199186,1546690,921981,,
8/4/2021 22:40,199186,1502460,906735,,
8/4/2021 22:45,199186,1483240,905454,,
8/4/2021 22:50,199186,1451620,900862,,
8/4/2021 22:55,199186,1445340,899191,,
8/4/2021 23:00,199186,1437020,896860,,
8/4/2021 23:05,199186,1403490,892944,,
8/4/2021 23:10,199186,1384480,888814,,
8/4/2021 23:15,199186,1350960,887498,,
8/4/2021 23:20,199186,1336720,884527,,
8/4/2021 23:25,199186,1317710,885286,,
8/4/2021 23:30,199186,1301100,884822,,
8/4/2021 23:35,199186,1294150,880051,,
8/4/2021 23:40,199186,1224500,869516,,
8/4/2021 23:45,199186,1213820,866537,,
8/4/2021 23:50,199186,1204100,864892,,
8/4/2021 23:55,199186,1213770,868147,,
8/5/2021 0:00,199186,1248780,875223,,
8/5/2021 0:05,199186,1252930,877967,,
8/5/2021 0:10,199186,1222140,873530,,
8/5/2021 0:15,199186,1219990,871255,,
8/5/2021 0:20,199186,1196660,869816,,
8/5/2021 0:25,199186,1191720,868605,,
8/5/2021 0:30,199186,1193020,868679,,
8/5/2021 0:35,199186,1175340,866188,,
8/5/2021 0:40,199186,1188030,866783,,
8/5/2021 0:45,199186,1155680,863176,,
8/5/2021 0:50,199186,1131240,861712,,
8/5/2021 0:55,199186,1129190,861197,,
8/5/2021 1:00,199186,1148230,861379,,
8/5/2021 1:05,199186,1154010,859902,,
8/5/2021 1:10,199186,1117280,857789,,
8/5/2021 1:15,199186,1106070,855724,,
8/5/2021 1:20,199186,1084000,855051,,
8/5/2021 1:25,199186,1097880,855438,,
8/5/2021 1:30,199186,1076340,855319,,
8/5/2021 1:35,199186,1112660,856025,,
8/5/2021 1:40,199186,1087320,853572,,
8/5/2021 1:45,199186,1044290,849609,,
8/5/2021 1:50,199186,1044230,849687,,
8/5/2021 1:55,199186,1060280,849709,,
8/5/2021 2:00,199186,1079760,850144,,
8/5/2021 2:05,199186,1045830,851237,,
8/5/2021 2:10,199186,1070980,851398,,
8/5/2021 2:15,199186,1039020,849397,,
8/5/2021 2:20,199186,1049820,849370,,
8/5/2021 2:25,199186,1022630,846979,,
8/5/2021 2:30,199186,1041310,847499,,
8/5/2021 2:35,199186,1057000,847866,,
8/5/2021 2:40,199186,1018350,844434,,
8/5/2021 2:45,199186,1026250,845038,,
8/5/2021 2:50,199186,1012000,844094,,
8/5/2021 2:55,199186,1013360,844087,,
8/5/2021 3:00,199186,1028740,844035,,
8/5/2021 3:05,199186,1010470,844099,,
8/5/2021 3:10,199186,1052630,844803,,
8/5/2021 3:15,199186,1073470,845027,,
8/5/2021 3:20,199186,1067910,844854,,
8/5/2021 3:25,199186,1070520,847688,,
8/5/2021 3:30,199186,1026020,846675,,
8/5/2021 3:35,199186,1045970,845035,,
8/5/2021 3:40,199186,1054100,843553,,
8/5/2021 3:45,199186,1094850,843871,,
8/5/2021 3:50,199186,1067160,840533,,
8/5/2021 3:55,199186,1014830,839560,,
8/5/2021 4:00,199186,1044940,840394,,
8/5/2021 4:05,199186,1064350,840705,,
8/5/2021 4:10,199186,1098850,840908,,
8/5/2021 4:15,199186,1035910,839426,,
8/5/2021 4:20,199186,1036190,839936,,
8/5/2021 4:25,199186,1111080,841353,,
8/5/2021 4:30,199186,1068650,840186,,
8/5/2021 4:35,199186,1032210,840127,,
8/5/2021 4:40,199186,1039290,839783,,
8/5/2021 4:45,199186,1040010,839870,,
8/5/2021 4:50,199186,1024140,839342,,
8/5/2021 4:55,199186,1062050,840110,,
8/5/2021 5:00,199186,1057400,839807,,
8/5/2021 5:05,199186,1060080,840239,,
8/5/2021 5:10,199186,1107190,841196,,
8/5/2021 5:15,199186,1082020,840645,,
8/5/2021 5:20,199186,1066180,839618,,
8/5/2021 5:25,199186,1096620,839679,,
8/5/2021 5:30,199186,1089980,839691,,
8/5/2021 5:35,199186,1099940,839653,,
8/5/2021 5:40,199186,1097820,839561,,
8/5/2021 5:45,199186,1123390,840627,,
8/5/2021 5:50,199186,1097050,840295,,
8/5/2021 5:55,199186,1112500,840838,,
8/5/2021 6:00,199186,1101860,840832,,
8/5/2021 6:05,199186,1142970,843440,,
8/5/2021 6:10,199186,1148770,843366,,
8/5/2021 6:15,199186,1084460,842299,,
8/5/2021 6:20,199186,1150170,843482,,
8/5/2021 6:25,199186,1189570,844047,,
8/5/2021 6:30,199186,1196180,844610,,
8/5/2021 6:35,199186,1164060,843769,,
8/5/2021 6:40,199186,1139520,843661,,
8/5/2021 6:45,199186,1147640,846431,,
8/5/2021 6:50,199186,1113300,843377,,
8/5/2021 6:55,199186,1100640,843686,,
8/5/2021 7:00,199186,1121010,844228,,
8/5/2021 7:05,199186,1165240,845769,,
8/5/2021 7:10,199186,1121240,844417,,
8/5/2021 7:15,199186,1103350,842493,,
8/5/2021 7:20,199186,1108860,842246,,
8/5/2021 7:25,199186,1156200,845189,,
8/5/2021 7:30,199186,1118480,844891,,
8/5/2021 7:35,199186,1097390,842098,,
8/5/2021 7:40,199186,1083450,846454,,
8/5/2021 7:45,199186,1089330,847563,,
8/5/2021 7:50,199186,1103680,848951,,
8/5/2021 7:55,199186,1062970,848945,,
8/5/2021 8:00,199186,1092640,850301,,
8/5/2021 8:05,199186,1135680,853646,,
8/5/2021 8:10,199186,1100410,852459,,
8/5/2021 8:15,199186,1071350,852039,,
8/5/2021 8:20,199186,1058680,852020,,
8/5/2021 8:25,199186,1075480,853273,,
8/5/2021 8:30,199186,1082410,853991,,
8/5/2021 8:35,199186,1088620,858273,,
8/5/2021 8:40,199186,1098260,866677,,
8/5/2021 8:45,199186,1121220,867207,,
8/5/2021 8:50,199186,1101310,870801,,
8/5/2021 8:55,199186,1097850,870242,,
8/5/2021 9:00,199186,1086700,872287,,
8/5/2021 9:05,199186,1084250,876386,,
8/5/2021 9:10,199186,1100470,877152,,
8/5/2021 9:15,199186,1127990,883288,,
8/5/2021 9:20,199186,1158500,876549,,
8/5/2021 9:25,199186,1177770,877110,,
8/5/2021 9:30,199186,1150970,878597,,
8/5/2021 9:35,199186,1153120,890565,,
8/5/2021 9:40,199186,1126650,894426,,
8/5/2021 9:45,199186,1117280,891365,,
8/5/2021 9:50,199186,1114650,893217,,
8/5/2021 9:55,199186,1073080,893517,,
8/5/2021 10:00,199186,1017030,890154,,
8/5/2021 10:05,199186,948413,895648,,
8/5/2021 10:10,199186,854498,886912,,
8/5/2021 10:15,199186,919505,909701,,
8/5/2021 10:20,199186,904835,898849,,
8/5/2021 10:25,199186,939924,902662,,
8/5/2021 10:30,199186,894553,908012,,
8/5/2021 10:35,199186,878493,907086,,
8/5/2021 10:40,199186,985223,921384,,
8/5/2021 10:45,199186,1016350,953893,,
8/5/2021 10:50,199186,907201,911134,,
8/5/2021 10:55,199186,992971,953831,,
8/5/2021 11:00,199186,1055570,975961,,
8/5/2021 11:05,199186,924544,925071,,
8/5/2021 11:10,199186,978547,952700,,
8/5/2021 11:15,199186,973942,947070,,
8/5/2021 11:20,199186,991915,954768,,
8/5/2021 11:25,199186,1221110,1003500,,
8/5/2021 11:30,199186,1049430,942684,,
8/5/2021 11:35,199186,1266000,986681,,
8/5/2021 11:40,199186,1134450,996113,,
8/5/2021 11:45,199186,1141890,1018980,,
8/5/2021 11:50,199186,1130680,1009670,,
8/5/2021 11:55,199186,1396250,1022850,,
8/5/2021 12:00,199186,1129200,973274,,
8/5/2021 12:05,199186,1309570,1009360,,
8/5/2021 12:10,199186,1140020,1027450,,
8/5/2021 12:15,199186,1120900,1040550,,
8/5/2021 12:20,199186,1171180,1050740,,
8/5/2021 12:25,199186,1461930,1037230,,
8/5/2021 12:30,199186,1610750,1041550,,
8/5/2021 12:35,199186,1458550,994437,,
8/5/2021 12:40,199186,1207420,966685,,
8/5/2021 12:45,199186,1333960,1026550,,
8/5/2021 12:50,199186,1142730,1028460,,
8/5/2021 12:55,199186,1320080,1092790,,
8/5/2021 13:00,199186,1333510,1066260,,
8/5/2021 13:05,199186,1215260,1056830,,
8/5/2021 13:10,199186,1347040,1083880,,
8/5/2021 13:15,199186,1500610,1080920,,
8/5/2021 13:20,199186,1779590,1141640,,
8/5/2021 13:25,199186,1677840,1075030,,
8/5/2021 13:30,199186,1736000,1114980,,
8/5/2021 13:35,199186,1593170,1030310,,
8/5/2021 13:40,199186,1747140,1068170,,
8/5/2021 13:45,199186,1707540,1041070,,
8/5/2021 13:50,199186,1771640,1068790,,
8/5/2021 13:55,199186,1756270,1042900,,
8/5/2021 14:00,199186,1860060,1060270,,
8/5/2021 14:05,199186,1899870,1086100,,
8/5/2021 14:10,199186,1769740,1039980,,
8/5/2021 14:15,199186,1835780,1065670,,
8/5/2021 14:20,199186,1759760,1024580,,
8/5/2021 14:25,199186,1926230,1091010,,
8/5/2021 14:30,199186,1835240,1049150,,
8/5/2021 14:35,199186,1919780,1086220,,
8/5/2021 14:40,199186,1921420,1081320,,
8/5/2021 14:45,199186,1989270,1120360,,
8/5/2021 14:50,199186,1937850,1104830,,
8/5/2021 14:55,199186,1780780,1061080,,
8/5/2021 15:00,199186,1923130,1111430,,
8/5/2021 15:05,199186,1900510,1077780,,
8/5/2021 15:10,199186,1917670,1080260,,
8/5/2021 15:15,199186,1907430,1081880,,
8/5/2021 15:20,199186,1934300,1082110,,
8/5/2021 15:25,199186,1970470,1099610,,
8/5/2021 15:30,199186,1893530,1074320,,
8/5/2021 15:35,199186,1928370,1078340,,
8/5/2021 15:40,199186,1786250,1025310,,
8/5/2021 15:45,199186,1949460,1105650,,
8/5/2021 15:50,199186,1849810,1063030,,
8/5/2021 15:55,199186,2082640,1155630,,
8/5/2021 16:00,199186,1979820,1116370,,
8/5/2021 16:05,199186,2048250,1142720,,
8/5/2021 16:10,199186,1957940,1099730,,
8/5/2021 16:15,199186,1777510,1070190,,
8/5/2021 16:20,199186,1940700,1129830,,
8/5/2021 16:25,199186,1836390,1102980,,
8/5/2021 16:30,199186,1877350,1173790,,
8/5/2021 16:35,199186,2075360,1180260,,
8/5/2021 16:40,199186,1967950,1130970,,
8/5/2021 16:45,199186,2143130,1140740,,
8/5/2021 16:50,199186,1958520,1065020,,
8/5/2021 16:55,199186,2070790,1084970,,
8/5/2021 17:00,199186,2101300,1098240,,
8/5/2021 17:05,199186,2047190,1079920,,
8/5/2021 17:10,199186,2094140,1097200,,
8/5/2021 17:15,199186,2077650,1102380,,
8/5/2021 17:20,199186,2140250,1111410,,
8/5/2021 17:25,199186,1995690,1104270,,
8/5/2021 17:30,199186,2216500,1188450,,
8/5/2021 17:35,199186,2378940,1227150,,
8/5/2021 17:40,199186,2213710,1159920,,
8/5/2021 17:45,199186,2358060,1226670,,
8/5/2021 17:50,199186,2147430,1148000,,
8/5/2021 17:55,199186,2207940,1174060,,
8/5/2021 18:00,199186,2253130,1169780,,
8/5/2021 18:05,199186,2219960,1157510,,
8/5/2021 18:10,199186,2298750,1160590,,
8/5/2021 18:15,199186,2491680,1216550,,
8/5/2021 18:20,199186,2284980,1134450,,
8/5/2021 18:25,199186,2363420,1166860,,
8/5/2021 18:30,199186,2280070,1118560,,
8/5/2021 18:35,199186,2369490,1158640,,
8/5/2021 18:40,199186,2233380,1105610,,
8/5/2021 18:45,199186,2275050,1124550,,
8/5/2021 18:50,199186,2200790,1094610,,
8/5/2021 18:55,199186,2241170,1111520,,
8/5/2021 19:00,199186,2283260,1115460,,
8/5/2021 19:05,199186,2172970,1073240,,
8/5/2021 19:10,199186,2155320,1067130,,
8/5/2021 19:15,199186,2113650,1052750,,
8/5/2021 19:20,199186,2162740,1069730,,
8/5/2021 19:25,199186,2066220,1041000,,
8/5/2021 19:30,199186,2048860,1030800,,
8/5/2021 19:35,199186,2090640,1052580,,
8/5/2021 19:40,199186,1968710,1014890,,
8/5/2021 19:45,199186,1967790,1015960,,
8/5/2021 19:50,199186,2048230,1039520,,
8/5/2021 19:55,199186,2050790,1034310,,
8/5/2021 20:00,199186,1975620,1019570,,
8/5/2021 20:05,199186,1987420,1027970,,
8/5/2021 20:10,199186,1998980,1030640,,
8/5/2021 20:15,199186,2008170,1022350,,
8/5/2021 20:20,199186,2096150,1055660,,
8/5/2021 20:25,199186,2026890,1031020,,
8/5/2021 20:30,199186,2027710,1030810,,
8/5/2021 20:35,199186,2051700,1036870,,
8/5/2021 20:40,199186,1883830,982195,,
8/5/2021 20:45,199186,1847000,979104,,
8/5/2021 20:50,199186,1838460,964441,,
8/5/2021 20:55,199186,1832710,964840,,
8/5/2021 21:00,199186,1870440,974587,,
8/5/2021 21:05,199186,1914550,999737,,
8/5/2021 21:10,199186,1893240,981377,,
8/5/2021 21:15,199186,1841620,968238,,
8/5/2021 21:20,199186,1905690,980324,,
8/5/2021 21:25,199186,1908150,981880,,
8/5/2021 21:30,199186,1879890,975472,,
8/5/2021 21:35,199186,1800130,953246,,
8/5/2021 21:40,199186,1751230,944899,,
8/5/2021 21:45,199186,1748590,948634,,
8/5/2021 21:50,199186,1725110,938102,,
8/5/2021 21:55,199186,1698960,934164,,
8/5/2021 22:00,199186,1691170,933651,,
8/5/2021 22:05,199186,1689010,933458,,
8/5/2021 22:10,199186,1735220,963478,,
8/5/2021 22:15,199186,1700410,950937,,
8/5/2021 22:20,199186,1785800,980856,,
8/5/2021 22:25,199186,1675060,950243,,
8/5/2021 22:30,199186,1642210,939435,,
8/5/2021 22:35,199186,1586260,934972,,
8/5/2021 22:40,199186,1532440,918426,,
8/5/2021 22:45,199186,1499700,910149,,
8/5/2021 22:50,199186,1498430,917573,,
8/5/2021 22:55,199186,1460360,903334,,
8/5/2021 23:00,199186,1464740,903341,,
8/5/2021 23:05,199186,1405070,894517,,
8/5/2021 23:10,199186,1381700,892118,,
8/5/2021 23:15,199186,1357790,890436,,
8/5/2021 23:20,199186,1347930,886814,,
8/5/2021 23:25,199186,1310810,881693,,
8/5/2021 23:30,199186,1269800,876015,,
8/5/2021 23:35,199186,1276140,874638,,
8/5/2021 23:40,199186,1243500,874913,,
8/5/2021 23:45,199186,1251420,877113,,
8/5/2021 23:50,199186,1228360,872181,,
8/5/2021 23:55,199186,1229100,874970,,
8/6/2021 0:00,199186,1247250,875830,,
8/6/2021 0:05,199186,1241560,878598,,
8/6/2021 0:10,199186,1233120,877750,,
8/6/2021 0:15,199186,1217030,873678,,
8/6/2021 0:20,199186,1203800,872259,,
8/6/2021 0:25,199186,1208760,871809,,
8/6/2021 0:30,199186,1212170,871657,,
8/6/2021 0:35,199186,1167030,864292,,
8/6/2021 0:40,199186,1184270,864747,,
8/6/2021 0:45,199186,1164310,864626,,
8/6/2021 0:50,199186,1131790,861738,,
8/6/2021 0:55,199186,1130920,861448,,
8/6/2021 1:00,199186,1149920,861580,,
8/6/2021 1:05,199186,1140470,860258,,
8/6/2021 1:10,199186,1142390,860764,,
8/6/2021 1:15,199186,1091510,855753,,
8/6/2021 1:20,199186,1087220,855089,,
8/6/2021 1:25,199186,1086210,855195,,
8/6/2021 1:30,199186,1074450,855203,,
8/6/2021 1:35,199186,1112640,856048,,
8/6/2021 1:40,199186,1085240,853539,,
8/6/2021 1:45,199186,1059240,849793,,
8/6/2021 1:50,199186,1032460,849558,,
8/6/2021 1:55,199186,1059710,850350,,
8/6/2021 2:00,199186,1080310,850331,,
8/6/2021 2:05,199186,1050220,851765,,
8/6/2021 2:10,199186,1061350,851284,,
8/6/2021 2:15,199186,1034720,849357,,
8/6/2021 2:20,199186,1069910,853487,,
8/6/2021 2:25,199186,1047410,849941,,
8/6/2021 2:30,199186,1045370,847762,,
8/6/2021 2:35,199186,1055390,847662,,
8/6/2021 2:40,199186,1034920,844737,,
8/6/2021 2:45,199186,1025670,844887,,
8/6/2021 2:50,199186,1006580,844010,,
8/6/2021 2:55,199186,1016860,843853,,
8/6/2021 3:00,199186,1012090,843839,,
8/6/2021 3:05,199186,1011500,844007,,
8/6/2021 3:10,199186,1060720,844893,,
8/6/2021 3:15,199186,1064630,844715,,
8/6/2021 3:20,199186,1067920,844850,,
8/6/2021 3:25,199186,1068600,845815,,
8/6/2021 3:30,199186,1036750,844657,,
8/6/2021 3:35,199186,1040940,844695,,
8/6/2021 3:40,199186,1067590,843832,,
8/6/2021 3:45,199186,1069020,843475,,
8/6/2021 3:50,199186,1078800,840543,,
8/6/2021 3:55,199186,997679,839263,,
8/6/2021 4:00,199186,1037020,842349,,
8/6/2021 4:05,199186,1063300,840750,,
8/6/2021 4:10,199186,1074020,840488,,
8/6/2021 4:15,199186,1057480,839916,,
8/6/2021 4:20,199186,1034270,839883,,
8/6/2021 4:25,199186,1098130,841137,,
8/6/2021 4:30,199186,1063220,840152,,
8/6/2021 4:35,199186,1024070,839956,,
8/6/2021 4:40,199186,1041160,840017,,
8/6/2021 4:45,199186,1022230,839396,,
8/6/2021 4:50,199186,1028650,839624,,
8/6/2021 4:55,199186,1069580,840341,,
8/6/2021 5:00,199186,1052060,839715,,
8/6/2021 5:05,199186,1060560,840227,,
8/6/2021 5:10,199186,1096670,841162,,
8/6/2021 5:15,199186,1077310,840653,,
8/6/2021 5:20,199186,1067890,839677,,
8/6/2021 5:25,199186,1084400,839403,,
8/6/2021 5:30,199186,1114720,840209,,
8/6/2021 5:35,199186,1083400,839431,,
8/6/2021 5:40,199186,1092920,839523,,
8/6/2021 5:45,199186,1122810,840637,,
8/6/2021 5:50,199186,1105580,840418,,
8/6/2021 5:55,199186,1117820,840840,,
8/6/2021 6:00,199186,1089920,840431,,
8/6/2021 6:05,199186,1138300,843557,,
8/6/2021 6:10,199186,1148720,843321,,
8/6/2021 6:15,199186,1088530,842430,,
8/6/2021 6:20,199186,1127920,843204,,
8/6/2021 6:25,199186,1181920,844032,,
8/6/2021 6:30,199186,1187920,844353,,
8/6/2021 6:35,199186,1167920,843978,,
8/6/2021 6:40,199186,1141340,843716,,
8/6/2021 6:45,199186,1120490,843895,,
8/6/2021 6:50,199186,1094110,843098,,
8/6/2021 6:55,199186,1069320,843289,,
8/6/2021 7:00,199186,1059340,843119,,
8/6/2021 7:05,199186,1121110,846985,,
8/6/2021 7:10,199186,1074720,845763,,
8/6/2021 7:15,199186,1043630,842094,,
8/6/2021 7:20,199186,1067710,841898,,
8/6/2021 7:25,199186,1079610,841877,,
8/6/2021 7:30,199186,1024740,841808,,
8/6/2021 7:35,199186,1010600,844861,,
8/6/2021 7:40,199186,993640,847880,,
8/6/2021 7:45,199186,996154,846322,,
8/6/2021 7:50,199186,1024670,848447,,
8/6/2021 7:55,199186,962759,847732,,
8/6/2021 8:00,199186,978920,849200,,
8/6/2021 8:05,199186,983898,851980,,
8/6/2021 8:10,199186,973597,853442,,
8/6/2021 8:15,199186,942396,851512,,
8/6/2021 8:20,199186,966037,857710,,
8/6/2021 8:25,199186,959879,855039,,
8/6/2021 8:30,199186,938899,856699,,
8/6/2021 8:35,199186,918693,861414,,
8/6/2021 8:40,199186,950982,865233,,
8/6/2021 8:45,199186,932021,866249,,
8/6/2021 8:50,199186,959506,872018,,
8/6/2021 8:55,199186,918278,874038,,
8/6/2021 9:00,199186,954863,888601,,
8/6/2021 9:05,199186,919276,884120,,
8/6/2021 9:10,199186,960331,886781,,
8/6/2021 9:15,199186,977265,888737,,
8/6/2021 9:20,199186,1031920,903647,,
8/6/2021 9:25,199186,1065890,909641,,
8/6/2021 9:30,199186,982826,895197,,
8/6/2021 9:35,199186,1013430,907094,,
8/6/2021 9:40,199186,1020050,913418,,
8/6/2021 9:45,199186,1016500,910214,,
8/6/2021 9:50,199186,1067570,940778,,
8/6/2021 9:55,199186,995280,926307,,
8/6/2021 10:00,199186,1033310,943062,,
8/6/2021 10:05,199186,1091730,967260,,
8/6/2021 10:10,199186,1009810,937641,,
8/6/2021 10:15,199186,1089120,969011,,
8/6/2021 10:20,199186,1082180,963192,,
8/6/2021 10:25,199186,1020220,947495,,
8/6/2021 10:30,199186,1155570,1005900,,
8/6/2021 10:35,199186,1064200,963688,,
8/6/2021 10:40,199186,1030400,960700,,
8/6/2021 10:45,199186,1223290,1028870,,
8/6/2021 10:50,199186,1128560,992953,,
8/6/2021 10:55,199186,1133940,1011530,,
8/6/2021 11:00,199186,1162110,1012400,,
8/6/2021 11:05,199186,1182660,1027110,,
8/6/2021 11:10,199186,1165750,1014310,,
8/6/2021 11:15,199186,1235380,1043760,,
8/6/2021 11:20,199186,1335240,1083200,,
8/6/2021 11:25,199186,1309950,1071910,,
8/6/2021 11:30,199186,1344910,1092910,,
8/6/2021 11:35,199186,1297370,1057130,,
8/6/2021 11:40,199186,1440910,1106000,,
8/6/2021 11:45,199186,1495200,1139180,,
8/6/2021 11:50,199186,1331290,1071450,,
8/6/2021 11:55,199186,1384080,1098260,,
8/6/2021 12:00,199186,1325940,1070200,,
8/6/2021 12:05,199186,1419680,1118310,,
8/6/2021 12:10,199186,1293950,1057750,,
8/6/2021 12:15,199186,1416650,1128320,,
8/6/2021 12:20,199186,1440220,1118120,,
8/6/2021 12:25,199186,1514950,1151790,,
8/6/2021 12:30,199186,1502120,1135660,,
8/6/2021 12:35,199186,1576460,1163820,,
8/6/2021 12:40,199186,1552710,1162790,,
8/6/2021 12:45,199186,1618660,1160560,,
8/6/2021 12:50,199186,1493870,1113070,,
8/6/2021 12:55,199186,1349160,1082460,,
8/6/2021 13:00,199186,1562970,1166260,,
8/6/2021 13:05,199186,1451160,1123360,,
8/6/2021 13:10,199186,1370120,1091790,,
8/6/2021 13:15,199186,1626210,1181910,,
8/6/2021 13:20,199186,1472520,1123730,,
8/6/2021 13:25,199186,1612820,1178860,,
8/6/2021 13:30,199186,1603050,1183290,,
8/6/2021 13:35,199186,1342730,1085500,,
8/6/2021 13:40,199186,1613210,1190160,,
8/6/2021 13:45,199186,1372890,1093170,,
8/6/2021 13:50,199186,1613970,1186690,,
8/6/2021 13:55,199186,1662440,1192900,,
8/6/2021 14:00,199186,1871850,1157050,,
8/6/2021 14:05,199186,1600960,1120360,,
8/6/2021 14:10,199186,1495490,1129080,,
8/6/2021 14:15,199186,1644870,1166160,,
8/6/2021 14:20,199186,1766700,1210930,,
8/6/2021 14:25,199186,1677560,1168380,,
8/6/2021 14:30,199186,1749500,1195110,,
8/6/2021 14:35,199186,1705190,1174360,,
8/6/2021 14:40,199186,1695340,1147970,,
8/6/2021 14:45,199186,1898140,1240770,,
8/6/2021 14:50,199186,1736080,1166280,,
8/6/2021 14:55,199186,1700010,1150240,,
8/6/2021 15:00,199186,1887330,1176170,,
8/6/2021 15:05,199186,1822710,1154530,,
8/6/2021 15:10,199186,1847900,1179680,,
8/6/2021 15:15,199186,1921990,1203790,,
8/6/2021 15:20,199186,2081820,1278980,,
8/6/2021 15:25,199186,1829310,1166650,,
8/6/2021 15:30,199186,1821140,1177390,,
8/6/2021 15:35,199186,1832740,1179790,,
8/6/2021 15:40,199186,1824670,1181810,,
8/6/2021 15:45,199186,1874670,1194340,,
8/6/2021 15:50,199186,1895670,1194720,,
8/6/2021 15:55,199186,1949340,1204550,,
8/6/2021 16:00,199186,1892830,1175210,,
8/6/2021 16:05,199186,2009460,1197590,,
8/6/2021 16:10,199186,2265950,1289420,,
8/6/2021 16:15,199186,2122570,1217190,,
8/6/2021 16:20,199186,2101800,1214300,,
8/6/2021 16:25,199186,2093000,1211560,,
8/6/2021 16:30,199186,2149620,1208750,,
8/6/2021 16:35,199186,2279420,1258010,,
8/6/2021 16:40,199186,2161830,1212150,,
8/6/2021 16:45,199186,2275580,1245190,,
8/6/2021 16:50,199186,2261880,1246660,,
8/6/2021 16:55,199186,2273110,1215540,,
8/6/2021 17:00,199186,2196930,1186030,,
8/6/2021 17:05,199186,2266700,1236960,,
8/6/2021 17:10,199186,2432200,1289140,,
8/6/2021 17:15,199186,2258060,1211470,,
8/6/2021 17:20,199186,2340370,1230680,,
8/6/2021 17:25,199186,2391860,1235320,,
8/6/2021 17:30,199186,2371390,1207770,,
8/6/2021 17:35,199186,2419270,1211390,,
8/6/2021 17:40,199186,2539040,1260700,,
8/6/2021 17:45,199186,2525580,1253510,,
8/6/2021 17:50,199186,2335420,1186070,,
8/6/2021 17:55,199186,2563530,1282520,,
8/6/2021 18:00,199186,2537560,1252980,,
8/6/2021 18:05,199186,2525920,1248700,,
8/6/2021 18:10,199186,2466270,1207460,,
8/6/2021 18:15,199186,2523280,1224410,,
8/6/2021 18:20,199186,2526780,1221470,,
8/6/2021 18:25,199186,2603840,1258860,,
8/6/2021 18:30,199186,2556720,1228560,,
8/6/2021 18:35,199186,2520890,1208010,,
8/6/2021 18:40,199186,2558750,1228270,,
8/6/2021 18:45,199186,2453850,1189680,,
8/6/2021 18:50,199186,2379110,1154100,,
8/6/2021 18:55,199186,2574430,1240630,,
8/6/2021 19:00,199186,2466400,1175760,,
8/6/2021 19:05,199186,2411660,1163590,,
8/6/2021 19:10,199186,2394500,1149760,,
8/6/2021 19:15,199186,2356160,1144170,,
8/6/2021 19:20,199186,2325730,1127020,,
8/6/2021 19:25,199186,2299880,1129520,,
8/6/2021 19:30,199186,2397620,1165540,,
8/6/2021 19:35,199186,2296370,1126730,,
8/6/2021 19:40,199186,2248780,1122910,,
8/6/2021 19:45,199186,2091490,1063710,,
8/6/2021 19:50,199186,2265120,1122900,,
8/6/2021 19:55,199186,2265920,1122650,,
8/6/2021 20:00,199186,2203800,1114460,,
8/6/2021 20:05,199186,2124510,1080900,,
8/6/2021 20:10,199186,2140430,1083080,,
8/6/2021 20:15,199186,2137560,1073650,,
8/6/2021 20:20,199186,2052410,1039000,,
8/6/2021 20:25,199186,2145120,1079190,,
8/6/2021 20:30,199186,2138720,1073850,,
8/6/2021 20:35,199186,2183540,1087970,,
8/6/2021 20:40,199186,2196760,1108260,,
8/6/2021 20:45,199186,2100880,1073640,,
8/6/2021 20:50,199186,2014120,1026540,,
8/6/2021 20:55,199186,1966520,1013580,,
8/6/2021 21:00,199186,2119870,1069500,,
8/6/2021 21:05,199186,1975830,1017070,,
8/6/2021 21:10,199186,2017320,1028310,,
8/6/2021 21:15,199186,2021690,1031320,,
8/6/2021 21:20,199186,2191750,1088870,,
8/6/2021 21:25,199186,2143280,1072050,,
8/6/2021 21:30,199186,1991590,1018110,,
8/6/2021 21:35,199186,2080680,1060340,,
8/6/2021 21:40,199186,2072370,1069050,,
8/6/2021 21:45,199186,2016540,1045360,,
8/6/2021 21:50,199186,2005560,1044790,,
8/6/2021 21:55,199186,2013880,1042940,,
8/6/2021 22:00,199186,2005820,1043690,,
8/6/2021 22:05,199186,1990000,1046670,,
8/6/2021 22:10,199186,1921110,1030860,,
8/6/2021 22:15,199186,1892950,1028070,,
8/6/2021 22:20,199186,1870320,1017470,,
8/6/2021 22:25,199186,1797570,996324,,
8/6/2021 22:30,199186,1758840,983329,,
8/6/2021 22:35,199186,1808130,1023010,,
8/6/2021 22:40,199186,1725620,994251,,
8/6/2021 22:45,199186,1645270,967728,,
8/6/2021 22:50,199186,1599050,953515,,
8/6/2021 22:55,199186,1642680,969511,,
8/6/2021 23:00,199186,1704370,995241,,
8/6/2021 23:05,199186,1556970,947335,,
8/6/2021 23:10,199186,1530510,944196,,
8/6/2021 23:15,199186,1498700,939991,,
8/6/2021 23:20,199186,1506830,944364,,
8/6/2021 23:25,199186,1464800,938744,,
8/6/2021 23:30,199186,1402380,917600,,
8/6/2021 23:35,199186,1421800,930730,,
8/6/2021 23:40,199186,1429360,942766,,
8/6/2021 23:45,199186,1370520,919926,,
8/6/2021 23:50,199186,1374760,925681,,
8/6/2021 23:55,199186,1347760,915356,,
8/7/2021 0:00,199186,1373530,916542,,
8/7/2021 0:05,199186,1328970,908453,,
8/7/2021 0:10,199186,1419730,947059,,
8/7/2021 0:15,199186,1328370,906786,,
8/7/2021 0:20,199186,1323280,911519,,
8/7/2021 0:25,199186,1277700,898456,,
8/7/2021 0:30,199186,1331140,912085,,
8/7/2021 0:35,199186,1283890,904085,,
8/7/2021 0:40,199186,1334840,921751,,
8/7/2021 0:45,199186,1321330,920342,,
8/7/2021 0:50,199186,1256010,902302,,
8/7/2021 0:55,199186,1296980,918834,,
8/7/2021 1:00,199186,1246540,893735,,
8/7/2021 1:05,199186,1261770,899105,,
8/7/2021 1:10,199186,1263980,907740,,
8/7/2021 1:15,199186,1177320,881378,,
8/7/2021 1:20,199186,1200580,894728,,
8/7/2021 1:25,199186,1191010,887179,,
8/7/2021 1:30,199186,1185790,893162,,
8/7/2021 1:35,199186,1187030,880345,,
8/7/2021 1:40,199186,1159320,875025,,
8/7/2021 1:45,199186,1196490,901214,,
8/7/2021 1:50,199186,1143800,883778,,
8/7/2021 1:55,199186,1167140,882573,,
8/7/2021 2:00,199186,1136090,868615,,
8/7/2021 2:05,199186,1113770,871193,,
8/7/2021 2:10,199186,1120610,870847,,
8/7/2021 2:15,199186,1062000,856955,,
8/7/2021 2:20,199186,1090670,859608,,
8/7/2021 2:25,199186,1076120,855533,,
8/7/2021 2:30,199186,1062370,854628,,
8/7/2021 2:35,199186,1124930,872024,,
8/7/2021 2:40,199186,1113930,868283,,
8/7/2021 2:45,199186,1110150,875796,,
8/7/2021 2:50,199186,1051850,857104,,
8/7/2021 2:55,199186,1089050,866756,,
8/7/2021 3:00,199186,1040520,856824,,
8/7/2021 3:05,199186,1032610,851616,,
8/7/2021 3:10,199186,1072860,849097,,
8/7/2021 3:15,199186,1077320,848870,,
8/7/2021 3:20,199186,1100790,850304,,
8/7/2021 3:25,199186,1078920,849572,,
8/7/2021 3:30,199186,1043420,846343,,
8/7/2021 3:35,199186,1043020,846298,,
8/7/2021 3:40,199186,1065400,843898,,
8/7/2021 3:45,199186,1070800,843109,,
8/7/2021 3:50,199186,1078890,840585,,
8/7/2021 3:55,199186,1001490,839194,,
8/7/2021 4:00,199186,1030780,840006,,
8/7/2021 4:05,199186,1062840,844185,,
8/7/2021 4:10,199186,1072310,842199,,
8/7/2021 4:15,199186,1034640,839335,,
8/7/2021 4:20,199186,1037160,844097,,
8/7/2021 4:25,199186,1080910,840839,,
8/7/2021 4:30,199186,1053800,839923,,
8/7/2021 4:35,199186,1005140,839271,,
8/7/2021 4:40,199186,1017180,839099,,
8/7/2021 4:45,199186,1022490,839857,,
8/7/2021 4:50,199186,1026540,840683,,
8/7/2021 4:55,199186,1045970,839399,,
8/7/2021 5:00,199186,1030280,838944,,
8/7/2021 5:05,199186,1044170,841752,,
8/7/2021 5:10,199186,1068370,842257,,
8/7/2021 5:15,199186,1078020,840052,,
8/7/2021 5:20,199186,1050120,839225,,
8/7/2021 5:25,199186,1051170,838456,,
8/7/2021 5:30,199186,1071670,838831,,
8/7/2021 5:35,199186,1048470,839001,,
8/7/2021 5:40,199186,1057330,839075,,
8/7/2021 5:45,199186,1067930,839202,,
8/7/2021 5:50,199186,1078600,839674,,
8/7/2021 5:55,199186,1063860,839656,,
8/7/2021 6:00,199186,1070360,839686,,
8/7/2021 6:05,199186,1096970,842355,,
8/7/2021 6:10,199186,1100420,842058,,
8/7/2021 6:15,199186,1055500,841399,,
8/7/2021 6:20,199186,1107860,842511,,
8/7/2021 6:25,199186,1125890,842494,,
8/7/2021 6:30,199186,1129460,845085,,
8/7/2021 6:35,199186,1107040,846195,,
8/7/2021 6:40,199186,1083530,842809,,
8/7/2021 6:45,199186,1072000,842617,,
8/7/2021 6:50,199186,1034890,842272,,
8/7/2021 6:55,199186,1015210,842497,,
8/7/2021 7:00,199186,1004900,844315,,
8/7/2021 7:05,199186,1099100,848777,,
8/7/2021 7:10,199186,1095880,850428,,
8/7/2021 7:15,199186,1072160,846588,,
8/7/2021 7:20,199186,1074010,846231,,
8/7/2021 7:25,199186,1127600,844123,,
8/7/2021 7:30,199186,1090660,844518,,
8/7/2021 7:35,199186,1084790,847514,,
8/7/2021 7:40,199186,1093790,851745,,
8/7/2021 7:45,199186,1026560,853689,,
8/7/2021 7:50,199186,988430,855447,,
8/7/2021 7:55,199186,979414,866568,,
8/7/2021 8:00,199186,980007,863027,,
8/7/2021 8:05,199186,971867,859440,,
8/7/2021 8:10,199186,1007370,875228,,
8/7/2021 8:15,199186,993357,881499,,
8/7/2021 8:20,199186,1017610,881326,,
8/7/2021 8:25,199186,975739,870096,,
8/7/2021 8:30,199186,1089860,907618,,
8/7/2021 8:35,199186,1013370,891766,,
8/7/2021 8:40,199186,1161820,911716,,
8/7/2021 8:45,199186,1166060,922837,,
8/7/2021 8:50,199186,1170160,917576,,
8/7/2021 8:55,199186,1186360,924685,,
8/7/2021 9:00,199186,1148750,916275,,
8/7/2021 9:05,199186,1311590,957389,,
8/7/2021 9:10,199186,1322830,931308,,
8/7/2021 9:15,199186,1284640,921449,,
8/7/2021 9:20,199186,1071610,905037,,
8/7/2021 9:25,199186,1403170,941554,,
8/7/2021 9:30,199186,1393180,950285,,
8/7/2021 9:35,199186,1265080,933102,,
8/7/2021 9:40,199186,1306840,967825,,
8/7/2021 9:45,199186,1218020,998421,,
8/7/2021 9:50,199186,1425280,1034250,,
8/7/2021 9:55,199186,1442760,1023950,,
8/7/2021 10:00,199186,1246050,1009980,,
8/7/2021 10:05,199186,1262010,1004290,,
8/7/2021 10:10,199186,1385030,1039150,,
8/7/2021 10:15,199186,1312930,1030040,,
8/7/2021 10:20,199186,1458040,1068450,,
8/7/2021 10:25,199186,1228270,1025710,,
8/7/2021 10:30,199186,1386570,1086510,,
8/7/2021 10:35,199186,1486100,1096980,,
8/7/2021 10:40,199186,1336950,1071170,,
8/7/2021 10:45,199186,1347420,1045800,,
8/7/2021 10:50,199186,1439420,1116150,,
8/7/2021 10:55,199186,1242690,1037270,,
8/7/2021 11:00,199186,1427000,1104460,,
8/7/2021 11:05,199186,1487870,1119760,,
8/7/2021 11:10,199186,1346840,1066990,,
8/7/2021 11:15,199186,1366090,1062070,,
8/7/2021 11:20,199186,1317870,1079170,,
8/7/2021 11:25,199186,1395450,1111390,,
8/7/2021 11:30,199186,1423190,1124000,,
8/7/2021 11:35,199186,1569470,1152930,,
8/7/2021 11:40,199186,1390200,1088170,,
8/7/2021 11:45,199186,1386850,1096260,,
8/7/2021 11:50,199186,1449550,1107030,,
8/7/2021 11:55,199186,1474320,1117170,,
8/7/2021 12:00,199186,1463070,1104590,,
8/7/2021 12:05,199186,1601070,1134780,,
8/7/2021 12:10,199186,1394780,1074330,,
8/7/2021 12:15,199186,1471310,1116900,,
8/7/2021 12:20,199186,1552880,1156950,,
8/7/2021 12:25,199186,1515450,1149330,,
8/7/2021 12:30,199186,1528860,1147770,,
8/7/2021 12:35,199186,1560980,1147300,,
8/7/2021 12:40,199186,1564110,1093510,,
8/7/2021 12:45,199186,1586060,1177410,,
8/7/2021 12:50,199186,1749430,1129700,,
8/7/2021 12:55,199186,1722810,1159960,,
8/7/2021 13:00,199186,1303820,1068040,,
8/7/2021 13:05,199186,1706360,1162610,,
8/7/2021 13:10,199186,1633920,1166330,,
8/7/2021 13:15,199186,1707740,1137200,,
8/7/2021 13:20,199186,1597010,1123070,,
8/7/2021 13:25,199186,1783790,1202130,,
8/7/2021 13:30,199186,1883620,1151090,,
8/7/2021 13:35,199186,1329100,1064500,,
8/7/2021 13:40,199186,1538150,1141060,,
8/7/2021 13:45,199186,1618110,1146310,,
8/7/2021 13:50,199186,1523260,1137610,,
8/7/2021 13:55,199186,1669390,1184550,,
8/7/2021 14:00,199186,1763810,1159930,,
8/7/2021 14:05,199186,1820370,1153780,,
8/7/2021 14:10,199186,1992150,1204070,,
8/7/2021 14:15,199186,1487310,1086540,,
8/7/2021 14:20,199186,1903110,1205040,,
8/7/2021 14:25,199186,1968800,1214590,,
8/7/2021 14:30,199186,1801520,1156380,,
8/7/2021 14:35,199186,1675370,1155340,,
8/7/2021 14:40,199186,1802550,1187370,,
8/7/2021 14:45,199186,2134770,1234240,,
8/7/2021 14:50,199186,1754040,1165960,,
8/7/2021 14:55,199186,1853090,1202670,,
8/7/2021 15:00,199186,1862160,1211720,,
8/7/2021 15:05,199186,1876330,1184840,,
8/7/2021 15:10,199186,1935450,1204930,,
8/7/2021 15:15,199186,1887800,1191940,,
8/7/2021 15:20,199186,2015180,1247320,,
8/7/2021 15:25,199186,2001220,1219370,,
8/7/2021 15:30,199186,1868520,1178800,,
8/7/2021 15:35,199186,1934110,1197730,,
8/7/2021 15:40,199186,2083200,1262040,,
8/7/2021 15:45,199186,1992160,1225970,,
8/7/2021 15:50,199186,1985040,1227040,,
8/7/2021 15:55,199186,2081340,1250640,,
8/7/2021 16:00,199186,1942110,1190310,,
8/7/2021 16:05,199186,2052660,1206960,,
8/7/2021 16:10,199186,2209570,1254500,,
8/7/2021 16:15,199186,2111330,1211470,,
8/7/2021 16:20,199186,2273950,1283170,,
8/7/2021 16:25,199186,2103150,1204590,,
8/7/2021 16:30,199186,2114480,1195210,,
8/7/2021 16:35,199186,2284510,1261090,,
8/7/2021 16:40,199186,2184110,1213010,,
8/7/2021 16:45,199186,2314020,1254960,,
8/7/2021 16:50,199186,2229050,1222230,,
8/7/2021 16:55,199186,2368630,1254300,,
8/7/2021 17:00,199186,2410600,1280610,,
8/7/2021 17:05,199186,2298350,1235150,,
8/7/2021 17:10,199186,2352670,1248380,,
8/7/2021 17:15,199186,2308100,1240070,,
8/7/2021 17:20,199186,2343870,1230010,,
8/7/2021 17:25,199186,2384910,1238100,,
8/7/2021 17:30,199186,2422630,1238220,,
8/7/2021 17:35,199186,2516370,1253430,,
8/7/2021 17:40,199186,2476680,1228400,,
8/7/2021 17:45,199186,2564000,1274620,,
8/7/2021 17:50,199186,2425120,1233880,,
8/7/2021 17:55,199186,2433810,1234820,,
8/7/2021 18:00,199186,2512850,1250870,,
8/7/2021 18:05,199186,2397440,1192530,,
8/7/2021 18:10,199186,2503440,1219950,,
8/7/2021 18:15,199186,2546250,1233530,,
8/7/2021 18:20,199186,2467190,1198740,,
8/7/2021 18:25,199186,2518460,1223250,,
8/7/2021 18:30,199186,2449200,1184230,,
8/7/2021 18:35,199186,2587510,1240600,,
8/7/2021 18:40,199186,2597700,1254140,,
8/7/2021 18:45,199186,2477190,1202010,,
8/7/2021 18:50,199186,2359640,1157510,,
8/7/2021 18:55,199186,2473150,1206000,,
8/7/2021 19:00,199186,2385410,1152580,,
8/7/2021 19:05,199186,2415080,1170570,,
8/7/2021 19:10,199186,2474720,1196380,,
8/7/2021 19:15,199186,2339360,1138670,,
8/7/2021 19:20,199186,2436990,1179930,,
8/7/2021 19:25,199186,2301670,1129730,,
8/7/2021 19:30,199186,2328350,1141930,,
8/7/2021 19:35,199186,2338030,1151280,,
8/7/2021 19:40,199186,2270030,1136250,,
8/7/2021 19:45,199186,2186590,1106270,,
8/7/2021 19:50,199186,2314210,1141980,,
8/7/2021 19:55,199186,2366800,1164630,,
8/7/2021 20:00,199186,2232120,1121230,,
8/7/2021 20:05,199186,2210260,1117980,,
8/7/2021 20:10,199186,2255070,1134240,,
8/7/2021 20:15,199186,2229530,1117840,,
8/7/2021 20:20,199186,2289010,1138320,,
8/7/2021 20:25,199186,2198530,1102990,,
8/7/2021 20:30,199186,2234130,1109190,,
8/7/2021 20:35,199186,2316740,1140750,,
8/7/2021 20:40,199186,2128790,1081210,,
8/7/2021 20:45,199186,2105870,1082310,,
8/7/2021 20:50,199186,2183200,1097330,,
8/7/2021 20:55,199186,2175860,1096460,,
8/7/2021 21:00,199186,2215570,1107920,,
8/7/2021 21:05,199186,2167350,1095000,,
8/7/2021 21:10,199186,2147260,1085880,,
8/7/2021 21:15,199186,2290100,1152220,,
8/7/2021 21:20,199186,2207650,1100220,,
8/7/2021 21:25,199186,2132650,1072010,,
8/7/2021 21:30,199186,2164260,1091600,,
8/7/2021 21:35,199186,2060290,1055290,,
8/7/2021 21:40,199186,2099350,1082820,,
8/7/2021 21:45,199186,2128810,1097070,,
8/7/2021 21:50,199186,2019760,1053690,,
8/7/2021 21:55,199186,1956660,1036300,,
8/7/2021 22:00,199186,1951770,1030160,,
8/7/2021 22:05,199186,1944320,1033680,,
8/7/2021 22:10,199186,1880080,1023370,,
8/7/2021 22:15,199186,1874240,1016900,,
8/7/2021 22:20,199186,1908150,1029740,,
8/7/2021 22:25,199186,1792670,996090,,
8/7/2021 22:30,199186,1806830,1006990,,
8/7/2021 22:35,199186,1710650,980499,,
8/7/2021 22:40,199186,1696160,985836,,
8/7/2021 22:45,199186,1680250,983384,,
8/7/2021 22:50,199186,1649740,974382,,
8/7/2021 22:55,199186,1706450,999740,,
8/7/2021 23:00,199186,1667460,983167,,
8/7/2021 23:05,199186,1671750,995079,,
8/7/2021 23:10,199186,1534810,947694,,
8/7/2021 23:15,199186,1500550,946292,,
8/7/2021 23:20,199186,1482300,935129,,
8/7/2021 23:25,199186,1504310,955036,,
8/7/2021 23:30,199186,1445170,933139,,
8/7/2021 23:35,199186,1366610,909319,,
8/7/2021 23:40,199186,1388480,923774,,
8/7/2021 23:45,199186,1369610,920905,,
8/7/2021 23:50,199186,1336140,909714,,
8/7/2021 23:55,199186,1313030,903114,,
8/8/2021 0:00,199186,1352690,907392,,
8/8/2021 0:05,199186,1383030,930379,,
8/8/2021 0:10,199186,1422500,946636,,
8/8/2021 0:15,199186,1351670,917933,,
8/8/2021 0:20,199186,1306790,907597,,
8/8/2021 0:25,199186,1267420,895331,,
8/8/2021 0:30,199186,1349280,919629,,
8/8/2021 0:35,199186,1282650,905016,,
8/8/2021 0:40,199186,1279120,896260,,
8/8/2021 0:45,199186,1288650,909595,,
8/8/2021 0:50,199186,1198180,881435,,
8/8/2021 0:55,199186,1201750,880558,,
8/8/2021 1:00,199186,1205950,878574,,
8/8/2021 1:05,199186,1196830,876305,,
8/8/2021 1:10,199186,1179950,878408,,
8/8/2021 1:15,199186,1138640,867318,,
8/8/2021 1:20,199186,1141470,867252,,
8/8/2021 1:25,199186,1119380,861630,,
8/8/2021 1:30,199186,1090500,858163,,
8/8/2021 1:35,199186,1138040,857757,,
8/8/2021 1:40,199186,1100750,855097,,
8/8/2021 1:45,199186,1062120,852383,,
8/8/2021 1:50,199186,1058250,852525,,
8/8/2021 1:55,199186,1082600,852988,,
8/8/2021 2:00,199186,1096660,854253,,
8/8/2021 2:05,199186,1087020,860960,,
8/8/2021 2:10,199186,1095590,861647,,
8/8/2021 2:15,199186,1052720,852472,,
8/8/2021 2:20,199186,1067880,852508,,
8/8/2021 2:25,199186,1024990,849583,,
8/8/2021 2:30,199186,1049760,849524,,
8/8/2021 2:35,199186,1059020,850530,,
8/8/2021 2:40,199186,1041390,848680,,
8/8/2021 2:45,199186,1050220,849880,,
8/8/2021 2:50,199186,1023750,847017,,
8/8/2021 2:55,199186,1020250,847502,,
8/8/2021 3:00,199186,1019910,847030,,
8/8/2021 3:05,199186,1008410,844731,,
8/8/2021 3:10,199186,1053270,844623,,
8/8/2021 3:15,199186,1075330,844775,,
8/8/2021 3:20,199186,1079410,844646,,
8/8/2021 3:25,199186,1064620,845124,,
8/8/2021 3:30,199186,1040500,844438,,
8/8/2021 3:35,199186,1048590,846141,,
8/8/2021 3:40,199186,1064060,843301,,
8/8/2021 3:45,199186,1083460,845319,,
8/8/2021 3:50,199186,1039660,841716,,
8/8/2021 3:55,199186,1006890,839595,,
8/8/2021 4:00,199186,1029750,839685,,
8/8/2021 4:05,199186,1062810,840215,,
8/8/2021 4:10,199186,1056420,839821,,
8/8/2021 4:15,199186,1041820,839208,,
8/8/2021 4:20,199186,1038200,839511,,
8/8/2021 4:25,199186,1096030,841093,,
8/8/2021 4:30,199186,1057650,839611,,
8/8/2021 4:35,199186,1019790,839455,,
8/8/2021 4:40,199186,1043270,840042,,
8/8/2021 4:45,199186,1032980,841798,,
8/8/2021 4:50,199186,1029540,839334,,
8/8/2021 4:55,199186,1049830,839577,,
8/8/2021 5:00,199186,1051230,839616,,
8/8/2021 5:05,199186,1051520,839757,,
8/8/2021 5:10,199186,1078080,840714,,
8/8/2021 5:15,199186,1085470,840532,,
8/8/2021 5:20,199186,1038050,839144,,
8/8/2021 5:25,199186,1066140,840409,,
8/8/2021 5:30,199186,1071860,839736,,
8/8/2021 5:35,199186,1086540,845031,,
8/8/2021 5:40,199186,1067540,840783,,
8/8/2021 5:45,199186,1079930,839429,,
8/8/2021 5:50,199186,1065210,839660,,
8/8/2021 5:55,199186,1067630,839627,,
8/8/2021 6:00,199186,1065150,839722,,
8/8/2021 6:05,199186,1095980,843093,,
8/8/2021 6:10,199186,1107410,842739,,
8/8/2021 6:15,199186,1042270,841596,,
8/8/2021 6:20,199186,1104010,842396,,
8/8/2021 6:25,199186,1151980,845153,,
8/8/2021 6:30,199186,1152010,845059,,
8/8/2021 6:35,199186,1128240,845062,,
8/8/2021 6:40,199186,1082500,844047,,
8/8/2021 6:45,199186,1083570,844848,,
8/8/2021 6:50,199186,1053450,845532,,
8/8/2021 6:55,199186,1038310,848481,,
8/8/2021 7:00,199186,1032100,846771,,
8/8/2021 7:05,199186,1073270,848043,,
8/8/2021 7:10,199186,1064150,851973,,
8/8/2021 7:15,199186,1011950,846092,,
8/8/2021 7:20,199186,1020900,847733,,
8/8/2021 7:25,199186,1077300,863484,,
8/8/2021 7:30,199186,1023680,850372,,
8/8/2021 7:35,199186,992477,849613,,
8/8/2021 7:40,199186,977381,858492,,
8/8/2021 7:45,199186,1020540,864301,,
8/8/2021 7:50,199186,1023540,861780,,
8/8/2021 7:55,199186,1021860,869505,,
8/8/2021 8:00,199186,1070380,880651,,
8/8/2021 8:05,199186,1064080,884949,,
8/8/2021 8:10,199186,1052920,889280,,
8/8/2021 8:15,199186,1024960,884143,,
8/8/2021 8:20,199186,1064360,901844,,
8/8/2021 8:25,199186,1127270,922033,,
8/8/2021 8:30,199186,1128030,927241,,
8/8/2021 8:35,199186,1104560,923579,,
8/8/2021 8:40,199186,1097780,921841,,
8/8/2021 8:45,199186,1091220,927716,,
8/8/2021 8:50,199186,1135800,944879,,
8/8/2021 8:55,199186,1231870,994618,,
8/8/2021 9:00,199186,1141750,949326,,
8/8/2021 9:05,199186,1141830,961103,,
8/8/2021 9:10,199186,1269930,1005780,,
8/8/2021 9:15,199186,1187730,957981,,
8/8/2021 9:20,199186,1266620,985509,,
8/8/2021 9:25,199186,1403020,1029070,,
8/8/2021 9:30,199186,1346970,1012630,,
8/8/2021 9:35,199186,1344960,1017170,,
8/8/2021 9:40,199186,1524900,1090760,,
8/8/2021 9:45,199186,1293880,997689,,
8/8/2021 9:50,199186,1508080,1092430,,
8/8/2021 9:55,199186,1272730,1003810,,
8/8/2021 10:00,199186,1443760,1077760,,
8/8/2021 10:05,199186,1374120,1051790,,
8/8/2021 10:10,199186,1440270,1087990,,
8/8/2021 10:15,199186,1346220,1044970,,
8/8/2021 10:20,199186,1405160,1068470,,
8/8/2021 10:25,199186,1501680,1117800,,
8/8/2021 10:30,199186,1342060,1049270,,
8/8/2021 10:35,199186,1532490,1132770,,
8/8/2021 10:40,199186,1415940,1088990,,
8/8/2021 10:45,199186,1511800,1112940,,
8/8/2021 10:50,199186,1547130,1139160,,
8/8/2021 10:55,199186,1471820,1113010,,
8/8/2021 11:00,199186,1501500,1126470,,
8/8/2021 11:05,199186,1487110,1115820,,
8/8/2021 11:10,199186,1473040,1114930,,
8/8/2021 11:15,199186,1420950,1096860,,
8/8/2021 11:20,199186,1394230,1098840,,
8/8/2021 11:25,199186,1471210,1116210,,
8/8/2021 11:30,199186,1517800,1139200,,
8/8/2021 11:35,199186,1594690,1156880,,
8/8/2021 11:40,199186,1424470,1088550,,
8/8/2021 11:45,199186,1735620,1216400,,
8/8/2021 11:50,199186,1580300,1153350,,
8/8/2021 11:55,199186,1641880,1170120,,
8/8/2021 12:00,199186,1720270,1184750,,
8/8/2021 12:05,199186,1608670,1120850,,
8/8/2021 12:10,199186,1642190,1147900,,
8/8/2021 12:15,199186,1483810,1122150,,
8/8/2021 12:20,199186,1619580,1137530,,
8/8/2021 12:25,199186,1589970,1168020,,
8/8/2021 12:30,199186,1721710,1193160,,
8/8/2021 12:35,199186,1685920,1183050,,
8/8/2021 12:40,199186,1682720,1203150,,
8/8/2021 12:45,199186,1556110,1133860,,
8/8/2021 12:50,199186,1859680,1257360,,
8/8/2021 12:55,199186,1561130,1135310,,
8/8/2021 13:00,199186,1660950,1172040,,
8/8/2021 13:05,199186,1723920,1202910,,
8/8/2021 13:10,199186,1724610,1192720,,
8/8/2021 13:15,199186,1700000,1175240,,
8/8/2021 13:20,199186,1782080,1209850,,
8/8/2021 13:25,199186,1762100,1189270,,
8/8/2021 13:30,199186,1698060,1186060,,
8/8/2021 13:35,199186,1782720,1216740,,
8/8/2021 13:40,199186,1737570,1194990,,
8/8/2021 13:45,199186,1809690,1228360,,
8/8/2021 13:50,199186,1818360,1230700,,
8/8/2021 13:55,199186,1880010,1227600,,
8/8/2021 14:00,199186,1856900,1212660,,
8/8/2021 14:05,199186,1919070,1249540,,
8/8/2021 14:10,199186,1846580,1215720,,
8/8/2021 14:15,199186,1849210,1210030,,
8/8/2021 14:20,199186,1899930,1221580,,
8/8/2021 14:25,199186,1872140,1210860,,
8/8/2021 14:30,199186,2067760,1285920,,
8/8/2021 14:35,199186,1936490,1224180,,
8/8/2021 14:40,199186,1913880,1207590,,
8/8/2021 14:45,199186,2031260,1254870,,
8/8/2021 14:50,199186,2043790,1258410,,
8/8/2021 14:55,199186,1905950,1209400,,
8/8/2021 15:00,199186,1998600,1246950,,
8/8/2021 15:05,199186,2146920,1288230,,
8/8/2021 15:10,199186,2126190,1265690,,
8/8/2021 15:15,199186,2174580,1295710,,
8/8/2021 15:20,199186,2060560,1236310,,
8/8/2021 15:25,199186,2157090,1270140,,
8/8/2021 15:30,199186,2123200,1253270,,
8/8/2021 15:35,199186,2123220,1270050,,
8/8/2021 15:40,199186,2087050,1246980,,
8/8/2021 15:45,199186,2169040,1284240,,
8/8/2021 15:50,199186,2079860,1243220,,
8/8/2021 15:55,199186,2187380,1276260,,
8/8/2021 16:00,199186,2200900,1273040,,
8/8/2021 16:05,199186,2368120,1328910,,
8/8/2021 16:10,199186,2283440,1278860,,
8/8/2021 16:15,199186,2158940,1223420,,
8/8/2021 16:20,199186,2335060,1289610,,
8/8/2021 16:25,199186,2372770,1313260,,
8/8/2021 16:30,199186,2436930,1319170,,
8/8/2021 16:35,199186,2439480,1311300,,
8/8/2021 16:40,199186,2346920,1281190,,
8/8/2021 16:45,199186,2289590,1242420,,
8/8/2021 16:50,199186,2316580,1252180,,
8/8/2021 16:55,199186,2547310,1327170,,
8/8/2021 17:00,199186,2400640,1274850,,
8/8/2021 17:05,199186,2417180,1286860,,
8/8/2021 17:10,199186,2461180,1294520,,
8/8/2021 17:15,199186,2321400,1242110,,
8/8/2021 17:20,199186,2518070,1297680,,
8/8/2021 17:25,199186,2546840,1303950,,
8/8/2021 17:30,199186,2632650,1318020,,
8/8/2021 17:35,199186,2677580,1312160,,
8/8/2021 17:40,199186,2681460,1304240,,
8/8/2021 17:45,199186,2686530,1314180,,
8/8/2021 17:50,199186,2501710,1257300,,
8/8/2021 17:55,199186,2477690,1259920,,
8/8/2021 18:00,199186,2602430,1290250,,
8/8/2021 18:05,199186,2687070,1319830,,
8/8/2021 18:10,199186,2523780,1239110,,
8/8/2021 18:15,199186,2719240,1310630,,
8/8/2021 18:20,199186,2763470,1323650,,
8/8/2021 18:25,199186,2571630,1246840,,
8/8/2021 18:30,199186,2667030,1280540,,
8/8/2021 18:35,199186,2604550,1242850,,
8/8/2021 18:40,199186,2643210,1260710,,
8/8/2021 18:45,199186,2636720,1263150,,
8/8/2021 18:50,199186,2491510,1192590,,
8/8/2021 18:55,199186,2547840,1225360,,
8/8/2021 19:00,199186,2569320,1219740,,
8/8/2021 19:05,199186,2576750,1231440,,
8/8/2021 19:10,199186,2473720,1186270,,
8/8/2021 19:15,199186,2515150,1204420,,
8/8/2021 19:20,199186,2499840,1205110,,
8/8/2021 19:25,199186,2454320,1194350,,
8/8/2021 19:30,199186,2442660,1186950,,
8/8/2021 19:35,199186,2387700,1167090,,
8/8/2021 19:40,199186,2324340,1148040,,
8/8/2021 19:45,199186,2401950,1190320,,
8/8/2021 19:50,199186,2467770,1203630,,
8/8/2021 19:55,199186,2381920,1171690,,
8/8/2021 20:00,199186,2292470,1145100,,
8/8/2021 20:05,199186,2245150,1127470,,
8/8/2021 20:10,199186,2352410,1172660,,
8/8/2021 20:15,199186,2311360,1143660,,
8/8/2021 20:20,199186,2413860,1182210,,
8/8/2021 20:25,199186,2368200,1161800,,
8/8/2021 20:30,199186,2416940,1184760,,
8/8/2021 20:35,199186,2338120,1154850,,
8/8/2021 20:40,199186,2304300,1142940,,
8/8/2021 20:45,199186,2277340,1146870,,
8/8/2021 20:50,199186,2267020,1131000,,
8/8/2021 20:55,199186,2218360,1110660,,
8/8/2021 21:00,199186,2276210,1132680,,
8/8/2021 21:05,199186,2205320,1099310,,
8/8/2021 21:10,199186,2300650,1145350,,
8/8/2021 21:15,199186,2201480,1110030,,
8/8/2021 21:20,199186,2356650,1162290,,
8/8/2021 21:25,199186,2174500,1086760,,
8/8/2021 21:30,199186,2253090,1124040,,
8/8/2021 21:35,199186,2233280,1123540,,
8/8/2021 21:40,199186,2172080,1110180,,
8/8/2021 21:45,199186,2154320,1104590,,
8/8/2021 21:50,199186,2113170,1092430,,
8/8/2021 21:55,199186,2101470,1084700,,
8/8/2021 22:00,199186,2095060,1089810,,
8/8/2021 22:05,199186,2064690,1079710,,
8/8/2021 22:10,199186,1965490,1052240,,
8/8/2021 22:15,199186,1972730,1059730,,
8/8/2021 22:20,199186,1872190,1010240,,
8/8/2021 22:25,199186,1948900,1063690,,
8/8/2021 22:30,199186,1837920,1017530,,
8/8/2021 22:35,199186,1846550,1032090,,
8/8/2021 22:40,199186,1895770,1064340,,
8/8/2021 22:45,199186,1650910,967251,,
8/8/2021 22:50,199186,1780970,1027990,,
8/8/2021 22:55,199186,1753400,1015240,,
8/8/2021 23:00,199186,1716940,1004220,,
8/8/2021 23:05,199186,1613920,969230,,
8/8/2021 23:10,199186,1626930,981227,,
8/8/2021 23:15,199186,1600490,981899,,
8/8/2021 23:20,199186,1576760,969526,,
8/8/2021 23:25,199186,1548830,969952,,
8/8/2021 23:30,199186,1519680,967752,,
8/8/2021 23:35,199186,1546510,976808,,
8/8/2021 23:40,199186,1516740,978335,,
8/8/2021 23:45,199186,1396480,933671,,
8/8/2021 23:50,199186,1399610,936395,,
8/8/2021 23:55,199186,1400470,937522,,
8/9/2021 0:00,199186,1418140,930614,,
8/9/2021 0:05,199186,1396200,932630,,
8/9/2021 0:10,199186,1397540,935640,,
8/9/2021 0:15,199186,1361220,926131,,
8/9/2021 0:20,199186,1343640,921052,,
8/9/2021 0:25,199186,1299640,905752,,
8/9/2021 0:30,199186,1396680,944835,,
8/9/2021 0:35,199186,1268470,900646,,
8/9/2021 0:40,199186,1303490,909599,,
8/9/2021 0:45,199186,1258600,899465,,
8/9/2021 0:50,199186,1240230,898709,,
8/9/2021 0:55,199186,1320570,937020,,
8/9/2021 1:00,199186,1288570,911577,,
8/9/2021 1:05,199186,1299050,908407,,
8/9/2021 1:10,199186,1290150,922136,,
8/9/2021 1:15,199186,1256340,916502,,
8/9/2021 1:20,199186,1266730,920640,,
8/9/2021 1:25,199186,1287080,925984,,
8/9/2021 1:30,199186,1162070,887178,,
8/9/2021 1:35,199186,1188350,884547,,
8/9/2021 1:40,199186,1148980,874555,,
8/9/2021 1:45,199186,1092640,863432,,
8/9/2021 1:50,199186,1129310,879601,,
8/9/2021 1:55,199186,1090290,862399,,
8/9/2021 2:00,199186,1112660,863781,,
8/9/2021 2:05,199186,1092170,861756,,
8/9/2021 2:10,199186,1097440,866924,,
8/9/2021 2:15,199186,1070730,859319,,
8/9/2021 2:20,199186,1073220,855699,,
8/9/2021 2:25,199186,1080610,863959,,
8/9/2021 2:30,199186,1074580,861979,,
8/9/2021 2:35,199186,1092950,860897,,
8/9/2021 2:40,199186,1089630,868322,,
8/9/2021 2:45,199186,1100930,875762,,
8/9/2021 2:50,199186,1025120,854180,,
8/9/2021 2:55,199186,1069830,862216,,
8/9/2021 3:00,199186,1044060,854972,,
8/9/2021 3:05,199186,1045460,857641,,
8/9/2021 3:10,199186,1076290,852645,,
8/9/2021 3:15,199186,1069640,847507,,
8/9/2021 3:20,199186,1089870,848352,,
8/9/2021 3:25,199186,1085500,851866,,
8/9/2021 3:30,199186,1058040,853150,,
8/9/2021 3:35,199186,1073280,860573,,
8/9/2021 3:40,199186,1097700,852472,,
8/9/2021 3:45,199186,1109470,853375,,
8/9/2021 3:50,199186,1088830,854472,,
8/9/2021 3:55,199186,1018610,844963,,
8/9/2021 4:00,199186,1060340,845601,,
8/9/2021 4:05,199186,1082100,847387,,
8/9/2021 4:10,199186,1101360,853018,,
8/9/2021 4:15,199186,1065690,845999,,
8/9/2021 4:20,199186,1054180,845370,,
8/9/2021 4:25,199186,1117970,850533,,
8/9/2021 4:30,199186,1081430,846789,,
8/9/2021 4:35,199186,1030120,842986,,
8/9/2021 4:40,199186,1043960,843807,,
8/9/2021 4:45,199186,1046990,845429,,
8/9/2021 4:50,199186,1051460,847454,,
8/9/2021 4:55,199186,1072870,845024,,
8/9/2021 5:00,199186,1089130,856925,,
8/9/2021 5:05,199186,1078430,846643,,
8/9/2021 5:10,199186,1114630,844377,,
8/9/2021 5:15,199186,1096170,844726,,
8/9/2021 5:20,199186,1089080,842392,,
8/9/2021 5:25,199186,1106190,850891,,
8/9/2021 5:30,199186,1122570,846173,,
8/9/2021 5:35,199186,1096640,842050,,
8/9/2021 5:40,199186,1081970,841820,,
8/9/2021 5:45,199186,1113760,843128,,
8/9/2021 5:50,199186,1143400,845152,,
8/9/2021 5:55,199186,1122140,844751,,
8/9/2021 6:00,199186,1120560,846675,,
8/9/2021 6:05,199186,1145430,847769,,
8/9/2021 6:10,199186,1185590,853180,,
8/9/2021 6:15,199186,1104290,845900,,
8/9/2021 6:20,199186,1160810,846240,,
8/9/2021 6:25,199186,1211510,852331,,
8/9/2021 6:30,199186,1228810,855786,,
8/9/2021 6:35,199186,1198590,856639,,
8/9/2021 6:40,199186,1155000,853920,,
8/9/2021 6:45,199186,1175500,860932,,
8/9/2021 6:50,199186,1155700,863677,,
8/9/2021 6:55,199186,1152450,871581,,
8/9/2021 7:00,199186,1122600,858817,,
8/9/2021 7:05,199186,1209820,879344,,
8/9/2021 7:10,199186,1129270,859960,,
8/9/2021 7:15,199186,1127670,865200,,
8/9/2021 7:20,199186,1170540,879078,,
8/9/2021 7:25,199186,1201200,883529,,
8/9/2021 7:30,199186,1145310,874757,,
8/9/2021 7:35,199186,1184630,901784,,
8/9/2021 7:40,199186,1091460,876860,,
8/9/2021 7:45,199186,1168790,902162,,
8/9/2021 7:50,199186,1226910,915252,,
8/9/2021 7:55,199186,1168020,907628,,
8/9/2021 8:00,199186,1177840,917690,,
8/9/2021 8:05,199186,1144470,907726,,
8/9/2021 8:10,199186,1149730,909946,,
8/9/2021 8:15,199186,1183820,925508,,
8/9/2021 8:20,199186,1235880,954117,,
8/9/2021 8:25,199186,1220000,945597,,
8/9/2021 8:30,199186,1293840,976895,,
8/9/2021 8:35,199186,1208520,958750,,
8/9/2021 8:40,199186,1325910,1004080,,
8/9/2021 8:45,199186,1395770,1032800,,
8/9/2021 8:50,199186,1349370,1012720,,
8/9/2021 8:55,199186,1338910,1022430,,
8/9/2021 9:00,199186,1327610,1020510,,
8/9/2021 9:05,199186,1320730,1025650,,
8/9/2021 9:10,199186,1404440,1044900,,
8/9/2021 9:15,199186,1440570,1051770,,
8/9/2021 9:20,199186,1395950,1031560,,
8/9/2021 9:25,199186,1386350,1025570,,
8/9/2021 9:30,199186,1351540,1018680,,
8/9/2021 9:35,199186,1461400,1071690,,
8/9/2021 9:40,199186,1478460,1070510,,
8/9/2021 9:45,199186,1479230,1085390,,
8/9/2021 9:50,199186,1349130,1031840,,
8/9/2021 9:55,199186,1457790,1095760,,
8/9/2021 10:00,199186,1308300,1041060,,
8/9/2021 10:05,199186,1423750,1084370,,
8/9/2021 10:10,199186,1350450,1059790,,
8/9/2021 10:15,199186,1498470,1115290,,
8/9/2021 10:20,199186,1461290,1091890,,
8/9/2021 10:25,199186,1426100,1090110,,
8/9/2021 10:30,199186,1549040,1134550,,
8/9/2021 10:35,199186,1475370,1109010,,
8/9/2021 10:40,199186,1379720,1088090,,
8/9/2021 10:45,199186,1479550,1116700,,
8/9/2021 10:50,199186,1661810,1191420,,
8/9/2021 10:55,199186,1485910,1125020,,
8/9/2021 11:00,199186,1696580,1209010,,
8/9/2021 11:05,199186,1417420,1100690,,
8/9/2021 11:10,199186,1678510,1202450,,
8/9/2021 11:15,199186,1408030,1088750,,
8/9/2021 11:20,199186,1573940,1169860,,
8/9/2021 11:25,199186,1446800,1117100,,
8/9/2021 11:30,199186,1627910,1191610,,
8/9/2021 11:35,199186,1546710,1140770,,
8/9/2021 11:40,199186,1608650,1160190,,
8/9/2021 11:45,199186,1506870,1128170,,
8/9/2021 11:50,199186,1560440,1151330,,
8/9/2021 11:55,199186,1702420,1216390,,
8/9/2021 12:00,199186,1566350,1146680,,
8/9/2021 12:05,199186,1533570,1141010,,
8/9/2021 12:10,199186,1526030,1134070,,
8/9/2021 12:15,199186,1541560,1164100,,
8/9/2021 12:20,199186,1713770,1219390,,
8/9/2021 12:25,199186,1638650,1185230,,
8/9/2021 12:30,199186,1636380,1183080,,
8/9/2021 12:35,199186,1664190,1184680,,
8/9/2021 12:40,199186,1698750,1209850,,
8/9/2021 12:45,199186,1564840,1151980,,
8/9/2021 12:50,199186,1694900,1199080,,
8/9/2021 12:55,199186,1604350,1164990,,
8/9/2021 13:00,199186,1724290,1215290,,
8/9/2021 13:05,199186,1643720,1179630,,
8/9/2021 13:10,199186,1587070,1158870,,
8/9/2021 13:15,199186,1707140,1191890,,
8/9/2021 13:20,199186,1714180,1186620,,
8/9/2021 13:25,199186,1716640,1192120,,
8/9/2021 13:30,199186,1676510,1193580,,
8/9/2021 13:35,199186,1588020,1149490,,
8/9/2021 13:40,199186,1809440,1233450,,
8/9/2021 13:45,199186,1831030,1239750,,
8/9/2021 13:50,199186,1713700,1202190,,
8/9/2021 13:55,199186,1771480,1207070,,
8/9/2021 14:00,199186,1983460,1267190,,
8/9/2021 14:05,199186,1876120,1236360,,
8/9/2021 14:10,199186,1677210,1164360,,
8/9/2021 14:15,199186,1927040,1260840,,
8/9/2021 14:20,199186,1738390,1172590,,
8/9/2021 14:25,199186,1888140,1228220,,
8/9/2021 14:30,199186,1981740,1271730,,
8/9/2021 14:35,199186,1765330,1169690,,
8/9/2021 14:40,199186,1992990,1244320,,
8/9/2021 14:45,199186,1973710,1238680,,
8/9/2021 14:50,199186,1940960,1232610,,
8/9/2021 14:55,199186,2004160,1265130,,
8/9/2021 15:00,199186,2103760,1307020,,
8/9/2021 15:05,199186,2014770,1236390,,
8/9/2021 15:10,199186,2145720,1280140,,
8/9/2021 15:15,199186,2024450,1231730,,
8/9/2021 15:20,199186,2135550,1268190,,
8/9/2021 15:25,199186,2146730,1274980,,
8/9/2021 15:30,199186,2060050,1244900,,
8/9/2021 15:35,199186,2124920,1262470,,
8/9/2021 15:40,199186,2073790,1256110,,
8/9/2021 15:45,199186,1974700,1209780,,
8/9/2021 15:50,199186,2065840,1247850,,
8/9/2021 15:55,199186,2200690,1264300,,
8/9/2021 16:00,199186,2207230,1288130,,
8/9/2021 16:05,199186,2215810,1270830,,
8/9/2021 16:10,199186,2147020,1229840,,
8/9/2021 16:15,199186,2297210,1284110,,
8/9/2021 16:20,199186,2373000,1309070,,
8/9/2021 16:25,199186,2405210,1315790,,
8/9/2021 16:30,199186,2438550,1314560,,
8/9/2021 16:35,199186,2397840,1301560,,
8/9/2021 16:40,199186,2311860,1258920,,
8/9/2021 16:45,199186,2373920,1276900,,
8/9/2021 16:50,199186,2386880,1276540,,
8/9/2021 16:55,199186,2512430,1307520,,
8/9/2021 17:00,199186,2368600,1252360,,
8/9/2021 17:05,199186,2336560,1243480,,
8/9/2021 17:10,199186,2517980,1311040,,
8/9/2021 17:15,199186,2397720,1267050,,
8/9/2021 17:20,199186,2400650,1251150,,
8/9/2021 17:25,199186,2607270,1332980,,
8/9/2021 17:30,199186,2593910,1292540,,
8/9/2021 17:35,199186,2609980,1275310,,
8/9/2021 17:40,199186,2567170,1263310,,
8/9/2021 17:45,199186,2633570,1299840,,
8/9/2021 17:50,199186,2532090,1264100,,
8/9/2021 17:55,199186,2534810,1266130,,
8/9/2021 18:00,199186,2570130,1263380,,
8/9/2021 18:05,199186,2610600,1279680,,
8/9/2021 18:10,199186,2650440,1279430,,
8/9/2021 18:15,199186,2706260,1297240,,
8/9/2021 18:20,199186,2617030,1247800,,
8/9/2021 18:25,199186,2679510,1280060,,
8/9/2021 18:30,199186,2632370,1262380,,
8/9/2021 18:35,199186,2627560,1244700,,
8/9/2021 18:40,199186,2689800,1270460,,
8/9/2021 18:45,199186,2608280,1241420,,
8/9/2021 18:50,199186,2553590,1217170,,
8/9/2021 18:55,199186,2589710,1244550,,
8/9/2021 19:00,199186,2524550,1201190,,
8/9/2021 19:05,199186,2638620,1252270,,
8/9/2021 19:10,199186,2516390,1199330,,
8/9/2021 19:15,199186,2486990,1186840,,
8/9/2021 19:20,199186,2543360,1209890,,
8/9/2021 19:25,199186,2485450,1197790,,
8/9/2021 19:30,199186,2526080,1214930,,
8/9/2021 19:35,199186,2618590,1251190,,
8/9/2021 19:40,199186,2438490,1193110,,
8/9/2021 19:45,199186,2331280,1150310,,
8/9/2021 19:50,199186,2481110,1203630,,
8/9/2021 19:55,199186,2358680,1144650,,
8/9/2021 20:00,199186,2358190,1164600,,
8/9/2021 20:05,199186,2220350,1111740,,
8/9/2021 20:10,199186,2309250,1145360,,
8/9/2021 20:15,199186,2308090,1134980,,
8/9/2021 20:20,199186,2302580,1136220,,
8/9/2021 20:25,199186,2350930,1155540,,
8/9/2021 20:30,199186,2413700,1176430,,
8/9/2021 20:35,199186,2315670,1132230,,
8/9/2021 20:40,199186,2308450,1144780,,
8/9/2021 20:45,199186,2145840,1091830,,
8/9/2021 20:50,199186,2423290,1188000,,
8/9/2021 20:55,199186,2228610,1114200,,
8/9/2021 21:00,199186,2309050,1143600,,
8/9/2021 21:05,199186,2248370,1115380,,
8/9/2021 21:10,199186,2284640,1131230,,
8/9/2021 21:15,199186,2265110,1130450,,
8/9/2021 21:20,199186,2324530,1141670,,
8/9/2021 21:25,199186,2207370,1091980,,
8/9/2021 21:30,199186,2343140,1154250,,
8/9/2021 21:35,199186,2216000,1102020,,
8/9/2021 21:40,199186,2179220,1106020,,
8/9/2021 21:45,199186,2024000,1042080,,
8/9/2021 21:50,199186,2174690,1109650,,
8/9/2021 21:55,199186,2090370,1076840,,
8/9/2021 22:00,199186,2073500,1074040,,
8/9/2021 22:05,199186,2068830,1076830,,
8/9/2021 22:10,199186,2055800,1081380,,
8/9/2021 22:15,199186,1987490,1060880,,
8/9/2021 22:20,199186,1906860,1025030,,
8/9/2021 22:25,199186,2016020,1078880,,
8/9/2021 22:30,199186,1835020,1013540,,
8/9/2021 22:35,199186,1865650,1032130,,
8/9/2021 22:40,199186,1903900,1059520,,
8/9/2021 22:45,199186,1739560,1000030,,
8/9/2021 22:50,199186,1724830,1002470,,
8/9/2021 22:55,199186,1748120,1012770,,
8/9/2021 23:00,199186,1615560,954259,,
8/9/2021 23:05,199186,1715170,1010650,,
8/9/2021 23:10,199186,1687960,1005880,,
8/9/2021 23:15,199186,1554630,965107,,
8/9/2021 23:20,199186,1557610,960246,,
8/9/2021 23:25,199186,1542670,966863,,
8/9/2021 23:30,199186,1528980,967275,,
8/9/2021 23:35,199186,1464480,944537,,
8/9/2021 23:40,199186,1422260,941944,,
8/9/2021 23:45,199186,1431640,946196,,
8/9/2021 23:50,199186,1330960,909428,,
8/9/2021 23:55,199186,1437580,948046,,
8/10/2021 0:00,199186,1445950,950612,,
8/10/2021 0:05,199186,1455440,960943,,
8/10/2021 0:10,199186,1413110,940634,,
8/10/2021 0:15,199186,1355750,924546,,
8/10/2021 0:20,199186,1338980,921487,,
8/10/2021 0:25,199186,1419570,954371,,
8/10/2021 0:30,199186,1375020,934630,,
8/10/2021 0:35,199186,1326250,923389,,
8/10/2021 0:40,199186,1308100,910702,,
8/10/2021 0:45,199186,1235440,892507,,
8/10/2021 0:50,199186,1204710,887060,,
8/10/2021 0:55,199186,1291080,920636,,
8/10/2021 1:00,199186,1277460,904583,,
8/10/2021 1:05,199186,1264720,896999,,
8/10/2021 1:10,199186,1221740,895022,,
8/10/2021 1:15,199186,1221390,902482,,
8/10/2021 1:20,199186,1252910,911847,,
8/10/2021 1:25,199186,1213470,900324,,
8/10/2021 1:30,199186,1183540,895052,,
8/10/2021 1:35,199186,1211930,896754,,
8/10/2021 1:40,199186,1181330,884123,,
8/10/2021 1:45,199186,1117360,869217,,
8/10/2021 1:50,199186,1106790,872649,,
8/10/2021 1:55,199186,1142530,883616,,
8/10/2021 2:00,199186,1178180,887698,,
8/10/2021 2:05,199186,1101900,865721,,
8/10/2021 2:10,199186,1168740,890299,,
8/10/2021 2:15,199186,1119710,879625,,
8/10/2021 2:20,199186,1101970,869985,,
8/10/2021 2:25,199186,1078740,869065,,
8/10/2021 2:30,199186,1055180,856267,,
8/10/2021 2:35,199186,1074070,858168,,
8/10/2021 2:40,199186,1101960,871237,,
8/10/2021 2:45,199186,1056840,853191,,
8/10/2021 2:50,199186,1039420,853685,,
8/10/2021 2:55,199186,1058140,857825,,
8/10/2021 3:00,199186,1032790,852854,,
8/10/2021 3:05,199186,1051120,858033,,
8/10/2021 3:10,199186,1093200,857920,,
8/10/2021 3:15,199186,1086490,854356,,
8/10/2021 3:20,199186,1126470,861413,,
8/10/2021 3:25,199186,1076590,852648,,
8/10/2021 3:30,199186,1074710,854701,,
8/10/2021 3:35,199186,1042780,848434,,
8/10/2021 3:40,199186,1103480,854271,,
8/10/2021 3:45,199186,1111820,854218,,
8/10/2021 3:50,199186,1089260,849758,,
8/10/2021 3:55,199186,1024150,844111,,
8/10/2021 4:00,199186,1058480,844385,,
8/10/2021 4:05,199186,1093640,849276,,
8/10/2021 4:10,199186,1079790,844353,,
8/10/2021 4:15,199186,1067040,851650,,
8/10/2021 4:20,199186,1044000,843197,,
8/10/2021 4:25,199186,1108050,846246,,
8/10/2021 4:30,199186,1074890,842892,,
8/10/2021 4:35,199186,1046280,845527,,
8/10/2021 4:40,199186,1046730,841532,,
8/10/2021 4:45,199186,1049910,841221,,
8/10/2021 4:50,199186,1041460,843250,,
8/10/2021 4:55,199186,1074610,842086,,
8/10/2021 5:00,199186,1058660,839896,,
8/10/2021 5:05,199186,1063030,840984,,
8/10/2021 5:10,199186,1088760,843934,,
8/10/2021 5:15,199186,1082050,843261,,
8/10/2021 5:20,199186,1088270,842675,,
8/10/2021 5:25,199186,1085540,843663,,
8/10/2021 5:30,199186,1100960,840167,,
8/10/2021 5:35,199186,1095100,840409,,
8/10/2021 5:40,199186,1088450,840049,,
8/10/2021 5:45,199186,1113870,840541,,
8/10/2021 5:50,199186,1108940,841560,,
8/10/2021 5:55,199186,1119660,843435,,
8/10/2021 6:00,199186,1116740,844927,,
8/10/2021 6:05,199186,1143200,848380,,
8/10/2021 6:10,199186,1177540,846995,,
8/10/2021 6:15,199186,1100190,847383,,
8/10/2021 6:20,199186,1171660,846943,,
8/10/2021 6:25,199186,1202680,850270,,
8/10/2021 6:30,199186,1199900,845156,,
8/10/2021 6:35,199186,1184400,845705,,
8/10/2021 6:40,199186,1168020,850161,,
8/10/2021 6:45,199186,1141000,853252,,
8/10/2021 6:50,199186,1149560,852965,,
8/10/2021 6:55,199186,1162420,852406,,
8/10/2021 7:00,199186,1168130,855232,,
8/10/2021 7:05,199186,1214700,860360,,
8/10/2021 7:10,199186,1168770,858061,,
8/10/2021 7:15,199186,1143350,855183,,
8/10/2021 7:20,199186,1161200,864070,,
8/10/2021 7:25,199186,1201520,859636,,
8/10/2021 7:30,199186,1139950,857798,,
8/10/2021 7:35,199186,1111370,856373,,
8/10/2021 7:40,199186,1162070,878620,,
8/10/2021 7:45,199186,1226520,897166,,
8/10/2021 7:50,199186,1179010,871661,,
8/10/2021 7:55,199186,1140580,892201,,
8/10/2021 8:00,199186,1133680,888777,,
8/10/2021 8:05,199186,1078750,884292,,
8/10/2021 8:10,199186,1195210,916591,,
8/10/2021 8:15,199186,1147060,917374,,
8/10/2021 8:20,199186,1113140,903922,,
8/10/2021 8:25,199186,1185550,924631,,
8/10/2021 8:30,199186,1247170,959862,,
8/10/2021 8:35,199186,1036960,899084,,
8/10/2021 8:40,199186,1229260,965313,,
8/10/2021 8:45,199186,1212250,973265,,
8/10/2021 8:50,199186,1269360,977454,,
8/10/2021 8:55,199186,1221000,981604,,
8/10/2021 9:00,199186,1171480,977866,,
8/10/2021 9:05,199186,1158090,979736,,
8/10/2021 9:10,199186,1312850,1027290,,
8/10/2021 9:15,199186,1219460,1003480,,
8/10/2021 9:20,199186,1377250,1033770,,
8/10/2021 9:25,199186,1292040,1019230,,
8/10/2021 9:30,199186,1412500,1069900,,
8/10/2021 9:35,199186,1501580,1045020,,
8/10/2021 9:40,199186,1399300,1038590,,
8/10/2021 9:45,199186,1332280,1035200,,
8/10/2021 9:50,199186,1550090,1098630,,
8/10/2021 9:55,199186,1447970,1102800,,
8/10/2021 10:00,199186,1342210,1064080,,
8/10/2021 10:05,199186,1370870,1079570,,
8/10/2021 10:10,199186,1448670,1108840,,
8/10/2021 10:15,199186,1409590,1095290,,
8/10/2021 10:20,199186,1425870,1106270,,
8/10/2021 10:25,199186,1390140,1082820,,
8/10/2021 10:30,199186,1331500,1056910,,
8/10/2021 10:35,199186,1292620,1047350,,
8/10/2021 10:40,199186,1341560,1080710,,
8/10/2021 10:45,199186,1423070,1109740,,
8/10/2021 10:50,199186,1338090,1071670,,
8/10/2021 10:55,199186,1512710,1114370,,
8/10/2021 11:00,199186,1376950,1094450,,
8/10/2021 11:05,199186,1351780,1086440,,
8/10/2021 11:10,199186,1520650,1151560,,
8/10/2021 11:15,199186,1389490,1099540,,
8/10/2021 11:20,199186,1348880,1088940,,
8/10/2021 11:25,199186,1367300,1095610,,
8/10/2021 11:30,199186,1523330,1137180,,
8/10/2021 11:35,199186,1504970,1136200,,
8/10/2021 11:40,199186,1518030,1137940,,
8/10/2021 11:45,199186,1467480,1120730,,
8/10/2021 11:50,199186,1524340,1150160,,
8/10/2021 11:55,199186,1433470,1119220,,
8/10/2021 12:00,199186,1525630,1146350,,
8/10/2021 12:05,199186,1530530,1152920,,
8/10/2021 12:10,199186,1462780,1126210,,
8/10/2021 12:15,199186,1508890,1166470,,
8/10/2021 12:20,199186,1373650,1098940,,
8/10/2021 12:25,199186,1512370,1146680,,
8/10/2021 12:30,199186,1582180,1177380,,
8/10/2021 12:35,199186,1473790,1129610,,
8/10/2021 12:40,199186,1483190,1141780,,
8/10/2021 12:45,199186,1495130,1134660,,
8/10/2021 12:50,199186,1614740,1177900,,
8/10/2021 12:55,199186,1580000,1167900,,
8/10/2021 13:00,199186,1615120,1175770,,
8/10/2021 13:05,199186,1569870,1161880,,
8/10/2021 13:10,199186,1534590,1144000,,
8/10/2021 13:15,199186,1601190,1154870,,
8/10/2021 13:20,199186,1707020,1202050,,
8/10/2021 13:25,199186,1598630,1149960,,
8/10/2021 13:30,199186,1611640,1171390,,
8/10/2021 13:35,199186,1542450,1145560,,
8/10/2021 13:40,199186,1662700,1193350,,
8/10/2021 13:45,199186,1750520,1219670,,
8/10/2021 13:50,199186,1669670,1184710,,
8/10/2021 13:55,199186,1690570,1185390,,
8/10/2021 14:00,199186,1681890,1166900,,
8/10/2021 14:05,199186,1781350,1201570,,
8/10/2021 14:10,199186,1899750,1264380,,
8/10/2021 14:15,199186,1735370,1187800,,
8/10/2021 14:20,199186,1820370,1211680,,
8/10/2021 14:25,199186,1810170,1208260,,
8/10/2021 14:30,199186,1974690,1270880,,
8/10/2021 14:35,199186,1778270,1186670,,
8/10/2021 14:40,199186,1894420,1224430,,
8/10/2021 14:45,199186,1959120,1244260,,
8/10/2021 14:50,199186,1805880,1180990,,
8/10/2021 14:55,199186,1912980,1239570,,
8/10/2021 15:00,199186,1887480,1220560,,
8/10/2021 15:05,199186,1914160,1205360,,
8/10/2021 15:10,199186,2003950,1231730,,
8/10/2021 15:15,199186,2131910,1289240,,
8/10/2021 15:20,199186,1893720,1184190,,
8/10/2021 15:25,199186,2024440,1237220,,
8/10/2021 15:30,199186,2010440,1241360,,
8/10/2021 15:35,199186,1919540,1197540,,
8/10/2021 15:40,199186,2031110,1241270,,
8/10/2021 15:45,199186,2170030,1299850,,
8/10/2021 15:50,199186,1956470,1201630,,
8/10/2021 15:55,199186,1979570,1211720,,
8/10/2021 16:00,199186,2069730,1231950,,
8/10/2021 16:05,199186,2186380,1268040,,
8/10/2021 16:10,199186,2163870,1251650,,
8/10/2021 16:15,199186,2321930,1296860,,
8/10/2021 16:20,199186,2277700,1275980,,
8/10/2021 16:25,199186,2186750,1243820,,
8/10/2021 16:30,199186,2329020,1277470,,
8/10/2021 16:35,199186,2416860,1320090,,
8/10/2021 16:40,199186,2149870,1206310,,
8/10/2021 16:45,199186,2398350,1292160,,
8/10/2021 16:50,199186,2324260,1258440,,
8/10/2021 16:55,199186,2422080,1270920,,
8/10/2021 17:00,199186,2492940,1313410,,
8/10/2021 17:05,199186,2247990,1219080,,
8/10/2021 17:10,199186,2453170,1291790,,
8/10/2021 17:15,199186,2466110,1292050,,
8/10/2021 17:20,199186,2335860,1230710,,
8/10/2021 17:25,199186,2370050,1241310,,
8/10/2021 17:30,199186,2480590,1252320,,
8/10/2021 17:35,199186,2621040,1292400,,
8/10/2021 17:40,199186,2726200,1338500,,
8/10/2021 17:45,199186,2520450,1257800,,
8/10/2021 17:50,199186,2623790,1307350,,
8/10/2021 17:55,199186,2531770,1265660,,
8/10/2021 18:00,199186,2621390,1291850,,
8/10/2021 18:05,199186,2323030,1173730,,
8/10/2021 18:10,199186,2603340,1268850,,
8/10/2021 18:15,199186,2638580,1268340,,
8/10/2021 18:20,199186,2674400,1285560,,
8/10/2021 18:25,199186,2724890,1298360,,
8/10/2021 18:30,199186,2618220,1252160,,
8/10/2021 18:35,199186,2577230,1230730,,
8/10/2021 18:40,199186,2717430,1290040,,
8/10/2021 18:45,199186,2531060,1224890,,
8/10/2021 18:50,199186,2576200,1231890,,
8/10/2021 18:55,199186,2469600,1193310,,
8/10/2021 19:00,199186,2638820,1247460,,
8/10/2021 19:05,199186,2447860,1172300,,
8/10/2021 19:10,199186,2585960,1228030,,
8/10/2021 19:15,199186,2463490,1176420,,
8/10/2021 19:20,199186,2446610,1169360,,
8/10/2021 19:25,199186,2517620,1211410,,
8/10/2021 19:30,199186,2380380,1158030,,
8/10/2021 19:35,199186,2415540,1170660,,
8/10/2021 19:40,199186,2395840,1177260,,
8/10/2021 19:45,199186,2301970,1136880,,
8/10/2021 19:50,199186,2339270,1148720,,
8/10/2021 19:55,199186,2214950,1094360,,
8/10/2021 20:00,199186,2368980,1176980,,
8/10/2021 20:05,199186,2161470,1091110,,
8/10/2021 20:10,199186,2387580,1174600,,
8/10/2021 20:15,199186,2250090,1113040,,
8/10/2021 20:20,199186,2344370,1150950,,
8/10/2021 20:25,199186,2332520,1145210,,
8/10/2021 20:30,199186,2296560,1125140,,
8/10/2021 20:35,199186,2331730,1145850,,
8/10/2021 20:40,199186,2196070,1099000,,
8/10/2021 20:45,199186,2265190,1144580,,
8/10/2021 20:50,199186,2154800,1078190,,
8/10/2021 20:55,199186,2228200,1116560,,
8/10/2021 21:00,199186,2152990,1078670,,
8/10/2021 21:05,199186,2186890,1097450,,
8/10/2021 21:10,199186,2151580,1075770,,
8/10/2021 21:15,199186,2225420,1112320,,
8/10/2021 21:20,199186,2286790,1121270,,
8/10/2021 21:25,199186,2210900,1097820,,
8/10/2021 21:30,199186,2246370,1118900,,
8/10/2021 21:35,199186,2123570,1078000,,
8/10/2021 21:40,199186,2051400,1060990,,
8/10/2021 21:45,199186,2069890,1067220,,
8/10/2021 21:50,199186,2099350,1082300,,
8/10/2021 21:55,199186,2011170,1050440,,
8/10/2021 22:00,199186,2034190,1061520,,
8/10/2021 22:05,199186,1922230,1016560,,
8/10/2021 22:10,199186,1920320,1030480,,
8/10/2021 22:15,199186,1941650,1043430,,
8/10/2021 22:20,199186,1872270,1012910,,
8/10/2021 22:25,199186,2039480,1089520,,
8/10/2021 22:30,199186,1872930,1032030,,
8/10/2021 22:35,199186,1792490,1011920,,
8/10/2021 22:40,199186,1809670,1019280,,
8/10/2021 22:45,199186,1728400,993942,,
8/10/2021 22:50,199186,1695680,987994,,
8/10/2021 22:55,199186,1634270,966316,,
8/10/2021 23:00,199186,1657420,976696,,
8/10/2021 23:05,199186,1610420,965149,,
8/10/2021 23:10,199186,1589020,968630,,
8/10/2021 23:15,199186,1550950,962485,,
8/10/2021 23:20,199186,1507860,948188,,
8/10/2021 23:25,199186,1514730,965049,,
8/10/2021 23:30,199186,1485490,946854,,
8/10/2021 23:35,199186,1473990,954244,,
8/10/2021 23:40,199186,1420360,939570,,
8/10/2021 23:45,199186,1363260,919355,,
8/10/2021 23:50,199186,1366650,923538,,
8/10/2021 23:55,199186,1349540,918262,,
8/11/2021 0:00,199186,1399450,933334,,
8/11/2021 0:05,199186,1327100,908276,,
8/11/2021 0:10,199186,1383880,932204,,
8/11/2021 0:15,199186,1350950,915302,,
8/11/2021 0:20,199186,1285660,897546,,
8/11/2021 0:25,199186,1281560,899058,,
8/11/2021 0:30,199186,1333150,920609,,
8/11/2021 0:35,199186,1218660,885476,,
8/11/2021 0:40,199186,1245190,890493,,
8/11/2021 0:45,199186,1205070,878474,,
8/11/2021 0:50,199186,1191630,881968,,
8/11/2021 0:55,199186,1175200,878985,,
8/11/2021 1:00,199186,1191760,878753,,
8/11/2021 1:05,199186,1169090,868817,,
8/11/2021 1:10,199186,1161150,871737,,
8/11/2021 1:15,199186,1103450,862867,,
8/11/2021 1:20,199186,1109190,860755,,
8/11/2021 1:25,199186,1094240,858609,,
8/11/2021 1:30,199186,1080920,858967,,
8/11/2021 1:35,199186,1121320,859389,,
8/11/2021 1:40,199186,1109840,858644,,
8/11/2021 1:45,199186,1060480,852139,,
8/11/2021 1:50,199186,1058770,855918,,
8/11/2021 1:55,199186,1085400,857791,,
8/11/2021 2:00,199186,1093110,853057,,
8/11/2021 2:05,199186,1069050,853977,,
8/11/2021 2:10,199186,1067910,852959,,
8/11/2021 2:15,199186,1052210,854115,,
8/11/2021 2:20,199186,1094680,862077,,
8/11/2021 2:25,199186,1055880,859309,,
8/11/2021 2:30,199186,1067710,860426,,
8/11/2021 2:35,199186,1072000,856347,,
8/11/2021 2:40,199186,1050540,848319,,
8/11/2021 2:45,199186,1043680,851451,,
8/11/2021 2:50,199186,1010370,848005,,
8/11/2021 2:55,199186,1038470,848858,,
8/11/2021 3:00,199186,1028900,849233,,
8/11/2021 3:05,199186,1022810,846112,,
8/11/2021 3:10,199186,1059420,847800,,
8/11/2021 3:15,199186,1075670,850628,,
8/11/2021 3:20,199186,1078710,846222,,
8/11/2021 3:25,199186,1081610,846353,,
8/11/2021 3:30,199186,1042140,849363,,
8/11/2021 3:35,199186,1026260,844856,,
8/11/2021 3:40,199186,1065150,844423,,
8/11/2021 3:45,199186,1076200,844978,,
8/11/2021 3:50,199186,1069240,841949,,
8/11/2021 3:55,199186,1005740,839454,,
8/11/2021 4:00,199186,1037200,840577,,
8/11/2021 4:05,199186,1075420,843754,,
8/11/2021 4:10,199186,1074040,840546,,
8/11/2021 4:15,199186,1049920,840294,,
8/11/2021 4:20,199186,1038410,841666,,
8/11/2021 4:25,199186,1094830,845000,,
8/11/2021 4:30,199186,1071560,841546,,
8/11/2021 4:35,199186,1025820,840964,,
8/11/2021 4:40,199186,1055690,840616,,
8/11/2021 4:45,199186,1039400,842524,,
8/11/2021 4:50,199186,1027050,842702,,
8/11/2021 4:55,199186,1078040,841521,,
8/11/2021 5:00,199186,1072910,841969,,
8/11/2021 5:05,199186,1071330,842099,,
8/11/2021 5:10,199186,1102250,841822,,
8/11/2021 5:15,199186,1097560,841363,,
8/11/2021 5:20,199186,1087420,840273,,
8/11/2021 5:25,199186,1084130,839588,,
8/11/2021 5:30,199186,1099170,840082,,
8/11/2021 5:35,199186,1079410,839617,,
8/11/2021 5:40,199186,1102430,842231,,
8/11/2021 5:45,199186,1126950,841633,,
8/11/2021 5:50,199186,1104760,841096,,
8/11/2021 5:55,199186,1123680,841909,,
8/11/2021 6:00,199186,1107350,842180,,
8/11/2021 6:05,199186,1137000,843666,,
8/11/2021 6:10,199186,1141950,843821,,
8/11/2021 6:15,199186,1095760,844302,,
8/11/2021 6:20,199186,1152630,845300,,
8/11/2021 6:25,199186,1182930,846545,,
8/11/2021 6:30,199186,1187460,846865,,
8/11/2021 6:35,199186,1152200,846687,,
8/11/2021 6:40,199186,1141640,848497,,
8/11/2021 6:45,199186,1136470,847106,,
8/11/2021 6:50,199186,1087640,846728,,
8/11/2021 6:55,199186,1050300,845684,,
8/11/2021 7:00,199186,1082450,848542,,
8/11/2021 7:05,199186,1111710,856221,,
8/11/2021 7:10,199186,1101430,856432,,
8/11/2021 7:15,199186,1095830,855792,,
8/11/2021 7:20,199186,1097170,856080,,
8/11/2021 7:25,199186,1086000,855815,,
8/11/2021 7:30,199186,1043980,853998,,
8/11/2021 7:35,199186,994353,853971,,
8/11/2021 7:40,199186,1028950,874229,,
8/11/2021 7:45,199186,1045150,876727,,
8/11/2021 7:50,199186,1063590,868185,,
8/11/2021 7:55,199186,1030710,865977,,
8/11/2021 8:00,199186,1110270,887712,,
8/11/2021 8:05,199186,1112880,885979,,
8/11/2021 8:10,199186,1111140,872843,,
8/11/2021 8:15,199186,1086580,875626,,
8/11/2021 8:20,199186,1113300,896913,,
8/11/2021 8:25,199186,1088920,880702,,
8/11/2021 8:30,199186,1098390,888892,,
8/11/2021 8:35,199186,1133250,905178,,
8/11/2021 8:40,199186,1215590,954568,,
8/11/2021 8:45,199186,1074530,915944,,
8/11/2021 8:50,199186,1045230,924873,,
8/11/2021 8:55,199186,1131340,956078,,
8/11/2021 9:00,199186,1117020,942687,,
8/11/2021 9:05,199186,1126290,971322,,
8/11/2021 9:10,199186,1094910,949980,,
8/11/2021 9:15,199186,1171510,973444,,
8/11/2021 9:20,199186,1263470,998396,,
8/11/2021 9:25,199186,1235080,978710,,
8/11/2021 9:30,199186,1503510,1069830,,
8/11/2021 9:35,199186,1459380,1033420,,
8/11/2021 9:40,199186,1410030,1009160,,
8/11/2021 9:45,199186,1316920,978613,,
8/11/2021 9:50,199186,1234230,971188,,
8/11/2021 9:55,199186,1261080,1010740,,
8/11/2021 10:00,199186,1362010,1062950,,
8/11/2021 10:05,199186,1496800,1089760,,
8/11/2021 10:10,199186,1345450,1026730,,
8/11/2021 10:15,199186,1200110,989126,,
8/11/2021 10:20,199186,1467670,1074610,,
8/11/2021 10:25,199186,1334650,1048410,,
8/11/2021 10:30,199186,1289310,1042540,,
8/11/2021 10:35,199186,1472800,1108410,,
8/11/2021 10:40,199186,1346650,1070390,,
8/11/2021 10:45,199186,1436370,1101070,,
8/11/2021 10:50,199186,1339090,1074120,,
8/11/2021 10:55,199186,1495460,1143200,,
8/11/2021 11:00,199186,1505090,1112750,,
8/11/2021 11:05,199186,1501690,1103810,,
8/11/2021 11:10,199186,1387970,1060130,,
8/11/2021 11:15,199186,1609520,1120960,,
8/11/2021 11:20,199186,1495330,1056660,,
8/11/2021 11:25,199186,1521830,1089420,,
8/11/2021 11:30,199186,1530180,1095970,,
8/11/2021 11:35,199186,1402710,1050040,,
8/11/2021 11:40,199186,1655840,1129560,,
8/11/2021 11:45,199186,1520490,1076480,,
8/11/2021 11:50,199186,1651700,1156790,,
8/11/2021 11:55,199186,1348750,1071830,,
8/11/2021 12:00,199186,1551020,1150160,,
8/11/2021 12:05,199186,1406850,1097130,,
8/11/2021 12:10,199186,1583500,1132270,,
8/11/2021 12:15,199186,1474000,1101970,,
8/11/2021 12:20,199186,1301940,1067370,,
8/11/2021 12:25,199186,1385050,1108700,,
8/11/2021 12:30,199186,1562530,1169970,,
8/11/2021 12:35,199186,1481880,1124790,,
8/11/2021 12:40,199186,1625420,1173410,,
8/11/2021 12:45,199186,1564070,1136710,,
8/11/2021 12:50,199186,1586130,1156600,,
8/11/2021 12:55,199186,1507640,1140240,,
8/11/2021 13:00,199186,1498510,1126780,,
8/11/2021 13:05,199186,1599580,1162460,,
8/11/2021 13:10,199186,1722740,1220180,,
8/11/2021 13:15,199186,1625830,1154370,,
8/11/2021 13:20,199186,1826760,1236530,,
8/11/2021 13:25,199186,1504710,1098910,,
8/11/2021 13:30,199186,1529300,1127200,,
8/11/2021 13:35,199186,1581550,1150370,,
8/11/2021 13:40,199186,1645990,1175010,,
8/11/2021 13:45,199186,1705530,1182190,,
8/11/2021 13:50,199186,1607310,1150810,,
8/11/2021 13:55,199186,1707520,1171550,,
8/11/2021 14:00,199186,1811400,1172740,,
8/11/2021 14:05,199186,1812980,1177770,,
8/11/2021 14:10,199186,1902830,1202700,,
8/11/2021 14:15,199186,1857920,1191940,,
8/11/2021 14:20,199186,1786270,1153600,,
8/11/2021 14:25,199186,1936250,1189010,,
8/11/2021 14:30,199186,1962710,1197610,,
8/11/2021 14:35,199186,1922430,1159750,,
8/11/2021 14:40,199186,1961650,1164180,,
8/11/2021 14:45,199186,2035700,1204650,,
8/11/2021 14:50,199186,2016980,1202720,,
8/11/2021 14:55,199186,1776460,1123930,,
8/11/2021 15:00,199186,1991980,1189000,,
8/11/2021 15:05,199186,1954660,1162710,,
8/11/2021 15:10,199186,2161640,1223820,,
8/11/2021 15:15,199186,2156370,1238500,,
8/11/2021 15:20,199186,2004160,1181020,,
8/11/2021 15:25,199186,1897750,1134120,,
8/11/2021 15:30,199186,2200750,1259230,,
8/11/2021 15:35,199186,2036280,1187050,,
8/11/2021 15:40,199186,2028310,1185110,,
8/11/2021 15:45,199186,2025380,1170650,,
8/11/2021 15:50,199186,2051450,1158950,,
8/11/2021 15:55,199186,2044240,1153960,,
8/11/2021 16:00,199186,2199480,1199870,,
8/11/2021 16:05,199186,2237180,1191650,,
8/11/2021 16:10,199186,2191910,1163180,,
8/11/2021 16:15,199186,2233770,1174060,,
8/11/2021 16:20,199186,2315320,1208670,,
8/11/2021 16:25,199186,2203860,1166040,,
8/11/2021 16:30,199186,2320010,1196080,,
8/11/2021 16:35,199186,2209780,1157490,,
8/11/2021 16:40,199186,2268710,1185540,,
8/11/2021 16:45,199186,2336260,1208730,,
8/11/2021 16:50,199186,2196130,1162000,,
8/11/2021 16:55,199186,2461320,1250560,,
8/11/2021 17:00,199186,2333530,1200530,,
8/11/2021 17:05,199186,2294860,1204120,,
8/11/2021 17:10,199186,2369400,1221310,,
8/11/2021 17:15,199186,2390360,1234470,,
8/11/2021 17:20,199186,2319200,1184230,,
8/11/2021 17:25,199186,2428590,1233420,,
8/11/2021 17:30,199186,2370620,1176030,,
8/11/2021 17:35,199186,2556870,1240680,,
8/11/2021 17:40,199186,2556600,1228140,,
8/11/2021 17:45,199186,2464160,1202820,,
8/11/2021 17:50,199186,2619330,1289570,,
8/11/2021 17:55,199186,2336060,1172850,,
8/11/2021 18:00,199186,2518950,1242260,,
8/11/2021 18:05,199186,2405290,1225770,,
8/11/2021 18:10,199186,2485430,1241560,,
8/11/2021 18:15,199186,2564660,1261430,,
8/11/2021 18:20,199186,2597450,1268240,,
8/11/2021 18:25,199186,2556580,1233780,,
8/11/2021 18:30,199186,2561280,1236890,,
8/11/2021 18:35,199186,2538800,1209390,,
8/11/2021 18:40,199186,2541740,1220660,,
8/11/2021 18:45,199186,2596540,1238330,,
8/11/2021 18:50,199186,2456700,1178190,,
8/11/2021 18:55,199186,2479180,1193330,,
8/11/2021 19:00,199186,2533600,1196010,,
8/11/2021 19:05,199186,2467060,1179490,,
8/11/2021 19:10,199186,2443450,1174740,,
8/11/2021 19:15,199186,2387850,1152930,,
8/11/2021 19:20,199186,2488560,1194600,,
8/11/2021 19:25,199186,2348560,1141530,,
8/11/2021 19:30,199186,2383930,1157820,,
8/11/2021 19:35,199186,2293750,1129160,,
8/11/2021 19:40,199186,2363790,1167150,,
8/11/2021 19:45,199186,2268450,1129460,,
8/11/2021 19:50,199186,2315760,1141370,,
8/11/2021 19:55,199186,2327220,1134800,,
8/11/2021 20:00,199186,2263040,1126150,,
8/11/2021 20:05,199186,2364290,1171690,,
8/11/2021 20:10,199186,2190500,1104950,,
8/11/2021 20:15,199186,2206850,1103390,,
8/11/2021 20:20,199186,2214780,1107350,,
8/11/2021 20:25,199186,2127170,1071700,,
8/11/2021 20:30,199186,2175890,1081470,,
8/11/2021 20:35,199186,2110700,1059400,,
8/11/2021 20:40,199186,2077870,1060400,,
8/11/2021 20:45,199186,2058500,1067450,,
8/11/2021 20:50,199186,2050420,1045490,,
8/11/2021 20:55,199186,2096130,1058990,,
8/11/2021 21:00,199186,2004830,1019740,,
8/11/2021 21:05,199186,2069500,1052550,,
8/11/2021 21:10,199186,2119580,1073000,,
8/11/2021 21:15,199186,2009830,1032570,,
8/11/2021 21:20,199186,2191270,1093960,,
8/11/2021 21:25,199186,1999320,1016350,,
8/11/2021 21:30,199186,2012300,1024010,,
8/11/2021 21:35,199186,2045700,1046830,,
8/11/2021 21:40,199186,1929050,1010670,,
8/11/2021 21:45,199186,1872300,994825,,
8/11/2021 21:50,199186,1917330,1012480,,
8/11/2021 21:55,199186,1845770,985575,,
8/11/2021 22:00,199186,1779860,964755,,
8/11/2021 22:05,199186,1908250,1014820,,
8/11/2021 22:10,199186,1788150,978446,,
8/11/2021 22:15,199186,1841980,1003080,,
8/11/2021 22:20,199186,1881640,1016700,,
8/11/2021 22:25,199186,1792110,988967,,
8/11/2021 22:30,199186,1834040,1018530,,
8/11/2021 22:35,199186,1720820,984938,,
8/11/2021 22:40,199186,1802720,1020850,,
8/11/2021 22:45,199186,1699640,984115,,
8/11/2021 22:50,199186,1655450,976449,,
8/11/2021 22:55,199186,1612010,961347,,
8/11/2021 23:00,199186,1577980,944206,,
8/11/2021 23:05,199186,1602900,960595,,
8/11/2021 23:10,199186,1594440,972891,,
8/11/2021 23:15,199186,1499350,946799,,
8/11/2021 23:20,199186,1548580,959407,,
8/11/2021 23:25,199186,1502940,954644,,
8/11/2021 23:30,199186,1461080,938803,,
8/11/2021 23:35,199186,1470850,949315,,
8/11/2021 23:40,199186,1339790,910364,,
8/11/2021 23:45,199186,1295560,893644,,
8/11/2021 23:50,199186,1328900,909257,,
8/11/2021 23:55,199186,1289270,897330,,
8/12/2021 0:00,199186,1306370,898576,,
8/12/2021 0:05,199186,1304660,902725,,
8/12/2021 0:10,199186,1313580,903537,,
8/12/2021 0:15,199186,1349620,922503,,
8/12/2021 0:20,199186,1269000,895711,,
8/12/2021 0:25,199186,1314350,912265,,
8/12/2021 0:30,199186,1334210,914894,,
8/12/2021 0:35,199186,1278420,905173,,
8/12/2021 0:40,199186,1262850,896590,,
8/12/2021 0:45,199186,1253990,901315,,
8/12/2021 0:50,199186,1258720,910834,,
8/12/2021 0:55,199186,1243490,904443,,
8/12/2021 1:00,199186,1200150,874929,,
8/12/2021 1:05,199186,1192490,874569,,
8/12/2021 1:10,199186,1227730,895027,,
8/12/2021 1:15,199186,1142260,873848,,
8/12/2021 1:20,199186,1147980,872628,,
8/12/2021 1:25,199186,1161900,885075,,
8/12/2021 1:30,199186,1117150,873051,,
8/12/2021 1:35,199186,1130330,862202,,
8/12/2021 1:40,199186,1109240,857562,,
8/12/2021 1:45,199186,1075170,856461,,
8/12/2021 1:50,199186,1059820,855761,,
8/12/2021 1:55,199186,1083360,855134,,
8/12/2021 2:00,199186,1121320,858852,,
8/12/2021 2:05,199186,1067740,859009,,
8/12/2021 2:10,199186,1074790,856522,,
8/12/2021 2:15,199186,1050860,851991,,
8/12/2021 2:20,199186,1063410,853798,,
8/12/2021 2:25,199186,1024050,849921,,
8/12/2021 2:30,199186,1044080,851851,,
8/12/2021 2:35,199186,1049850,849199,,
8/12/2021 2:40,199186,1047340,848089,,
8/12/2021 2:45,199186,1051580,852776,,
8/12/2021 2:50,199186,1020640,849718,,
8/12/2021 2:55,199186,1036940,848832,,
8/12/2021 3:00,199186,1019270,847079,,
8/12/2021 3:05,199186,1029860,851786,,
8/12/2021 3:10,199186,1047430,846298,,
8/12/2021 3:15,199186,1064420,846325,,
8/12/2021 3:20,199186,1070180,847903,,
8/12/2021 3:25,199186,1084770,852109,,
8/12/2021 3:30,199186,1058940,846735,,
8/12/2021 3:35,199186,1057100,852097,,
8/12/2021 3:40,199186,1078970,845926,,
8/12/2021 3:45,199186,1081560,845853,,
8/12/2021 3:50,199186,1053380,842072,,
8/12/2021 3:55,199186,1017250,842209,,
8/12/2021 4:00,199186,1049280,843176,,
8/12/2021 4:05,199186,1085570,848438,,
8/12/2021 4:10,199186,1072330,840813,,
8/12/2021 4:15,199186,1040480,840119,,
8/12/2021 4:20,199186,1039280,840040,,
8/12/2021 4:25,199186,1094820,841430,,
8/12/2021 4:30,199186,1077850,840866,,
8/12/2021 4:35,199186,1032720,840136,,
8/12/2021 4:40,199186,1057450,845252,,
8/12/2021 4:45,199186,1046000,845604,,
8/12/2021 4:50,199186,1043630,845112,,
8/12/2021 4:55,199186,1063920,842756,,
8/12/2021 5:00,199186,1051740,841039,,
8/12/2021 5:05,199186,1079710,841769,,
8/12/2021 5:10,199186,1106840,841738,,
8/12/2021 5:15,199186,1068590,840240,,
8/12/2021 5:20,199186,1079900,840159,,
8/12/2021 5:25,199186,1095140,840707,,
8/12/2021 5:30,199186,1108960,841160,,
8/12/2021 5:35,199186,1087640,840793,,
8/12/2021 5:40,199186,1099740,843352,,
8/12/2021 5:45,199186,1117690,843615,,
8/12/2021 5:50,199186,1099120,841261,,
8/12/2021 5:55,199186,1125220,843003,,
8/12/2021 6:00,199186,1127250,842350,,
8/12/2021 6:05,199186,1127690,844673,,
8/12/2021 6:10,199186,1154410,844782,,
8/12/2021 6:15,199186,1083780,843115,,
8/12/2021 6:20,199186,1131660,844265,,
8/12/2021 6:25,199186,1192260,846639,,
8/12/2021 6:30,199186,1215470,849562,,
8/12/2021 6:35,199186,1180790,848740,,
8/12/2021 6:40,199186,1150070,845601,,
8/12/2021 6:45,199186,1163250,855407,,
8/12/2021 6:50,199186,1115980,848446,,
8/12/2021 6:55,199186,1103090,849544,,
8/12/2021 7:00,199186,1083420,848464,,
8/12/2021 7:05,199186,1156710,859591,,
8/12/2021 7:10,199186,1129490,862164,,
8/12/2021 7:15,199186,1078280,853591,,
8/12/2021 7:20,199186,1099350,863636,,
8/12/2021 7:25,199186,1130150,864823,,
8/12/2021 7:30,199186,1145010,881182,,
8/12/2021 7:35,199186,1058720,860248,,
8/12/2021 7:40,199186,1084010,877619,,
8/12/2021 7:45,199186,1081440,876259,,
8/12/2021 7:50,199186,1188820,916063,,
8/12/2021 7:55,199186,1073370,887537,,
8/12/2021 8:00,199186,1118100,893576,,
8/12/2021 8:05,199186,1123630,903676,,
8/12/2021 8:10,199186,1171210,917670,,
8/12/2021 8:15,199186,1090960,902090,,
8/12/2021 8:20,199186,1133910,912507,,
8/12/2021 8:25,199186,1201340,925141,,
8/12/2021 8:30,199186,1200990,949442,,
8/12/2021 8:35,199186,1112950,928351,,
8/12/2021 8:40,199186,1130460,940388,,
8/12/2021 8:45,199186,1281090,1004720,,
8/12/2021 8:50,199186,1181300,961925,,
8/12/2021 8:55,199186,1257030,992634,,
8/12/2021 9:00,199186,1192690,975222,,
8/12/2021 9:05,199186,1312500,1027370,,
8/12/2021 9:10,199186,1332210,1031310,,
8/12/2021 9:15,199186,1346780,1020240,,
8/12/2021 9:20,199186,1460790,1066710,,
8/12/2021 9:25,199186,1343250,1014290,,
8/12/2021 9:30,199186,1526860,1103490,,
8/12/2021 9:35,199186,1304450,1021850,,
8/12/2021 9:40,199186,1511960,1098610,,
8/12/2021 9:45,199186,1374030,1043620,,
8/12/2021 9:50,199186,1426040,1072380,,
8/12/2021 9:55,199186,1342770,1052860,,
8/12/2021 10:00,199186,1416540,1090650,,
8/12/2021 10:05,199186,1414620,1088900,,
8/12/2021 10:10,199186,1257590,1030720,,
8/12/2021 10:15,199186,1401810,1088400,,
8/12/2021 10:20,199186,1444720,1098720,,
8/12/2021 10:25,199186,1460510,1106640,,
8/12/2021 10:30,199186,1350140,1070330,,
8/12/2021 10:35,199186,1345370,1070350,,
8/12/2021 10:40,199186,1374690,1085110,,
8/12/2021 10:45,199186,1357670,1081200,,
8/12/2021 10:50,199186,1547830,1155920,,
8/12/2021 10:55,199186,1408740,1104090,,
8/12/2021 11:00,199186,1479370,1131300,,
8/12/2021 11:05,199186,1369710,1093960,,
8/12/2021 11:10,199186,1519740,1151890,,
8/12/2021 11:15,199186,1505080,1143940,,
8/12/2021 11:20,199186,1472660,1134630,,
8/12/2021 11:25,199186,1442390,1121040,,
8/12/2021 11:30,199186,1463170,1123060,,
8/12/2021 11:35,199186,1455870,1116080,,
8/12/2021 11:40,199186,1519070,1137650,,
8/12/2021 11:45,199186,1492280,1129870,,
8/12/2021 11:50,199186,1460150,1117450,,
8/12/2021 11:55,199186,1422510,1119510,,
8/12/2021 12:00,199186,1591870,1173670,,
8/12/2021 12:05,199186,1603690,1179270,,
8/12/2021 12:10,199186,1520730,1134880,,
8/12/2021 12:15,199186,1351940,1093010,,
8/12/2021 12:20,199186,1418740,1124560,,
8/12/2021 12:25,199186,1536010,1106780,,
8/12/2021 12:30,199186,1484250,1146110,,
8/12/2021 12:35,199186,1627000,1179550,,
8/12/2021 12:40,199186,1467570,1146210,,
8/12/2021 12:45,199186,1573720,1173110,,
8/12/2021 12:50,199186,1612900,1159960,,
8/12/2021 12:55,199186,1623100,1182830,,
8/12/2021 13:00,199186,1557470,1152110,,
8/12/2021 13:05,199186,1542860,1158870,,
8/12/2021 13:10,199186,1576920,1172800,,
8/12/2021 13:15,199186,1800330,1237710,,
8/12/2021 13:20,199186,1774170,1223780,,
8/12/2021 13:25,199186,1663890,1165750,,
8/12/2021 13:30,199186,1453720,1108360,,
8/12/2021 13:35,199186,1726950,1213370,,
8/12/2021 13:40,199186,1715780,1204450,,
8/12/2021 13:45,199186,1655810,1189680,,
8/12/2021 13:50,199186,1677410,1200110,,
8/12/2021 13:55,199186,1734080,1199640,,
8/12/2021 14:00,199186,1767050,1191560,,
8/12/2021 14:05,199186,1809440,1222690,,
8/12/2021 14:10,199186,1656610,1162530,,
8/12/2021 14:15,199186,1699550,1173550,,
8/12/2021 14:20,199186,1839100,1225040,,
8/12/2021 14:25,199186,1867640,1225620,,
8/12/2021 14:30,199186,1837590,1218190,,
8/12/2021 14:35,199186,1909430,1237900,,
8/12/2021 14:40,199186,1880870,1209190,,
8/12/2021 14:45,199186,1856560,1202960,,
8/12/2021 14:50,199186,1971560,1248950,,
8/12/2021 14:55,199186,1903460,1234500,,
8/12/2021 15:00,199186,1823780,1195530,,
8/12/2021 15:05,199186,2037450,1257500,,
8/12/2021 15:10,199186,1983740,1227190,,
8/12/2021 15:15,199186,1936690,1204880,,
8/12/2021 15:20,199186,2092890,1268700,,
8/12/2021 15:25,199186,2110110,1273950,,
8/12/2021 15:30,199186,1998080,1232950,,
8/12/2021 15:35,199186,2043170,1246460,,
8/12/2021 15:40,199186,2007000,1228870,,
8/12/2021 15:45,199186,2010990,1232150,,
8/12/2021 15:50,199186,2190500,1297680,,
8/12/2021 15:55,199186,2088550,1256840,,
8/12/2021 16:00,199186,2061280,1232510,,
8/12/2021 16:05,199186,2133950,1238680,,
8/12/2021 16:10,199186,2138480,1229660,,
8/12/2021 16:15,199186,2159290,1236650,,
8/12/2021 16:20,199186,2221360,1260060,,
8/12/2021 16:25,199186,2212570,1256180,,
8/12/2021 16:30,199186,2180680,1213800,,
8/12/2021 16:35,199186,2316070,1278720,,
8/12/2021 16:40,199186,2300600,1268640,,
8/12/2021 16:45,199186,2432300,1300840,,
8/12/2021 16:50,199186,2341480,1259270,,
8/12/2021 16:55,199186,2404140,1273070,,
8/12/2021 17:00,199186,2432890,1291610,,
8/12/2021 17:05,199186,2230250,1213940,,
8/12/2021 17:10,199186,2451250,1294520,,
8/12/2021 17:15,199186,2427220,1282900,,
8/12/2021 17:20,199186,2383330,1246180,,
8/12/2021 17:25,199186,2572380,1325770,,
8/12/2021 17:30,199186,2546420,1284890,,
8/12/2021 17:35,199186,2615840,1293250,,
8/12/2021 17:40,199186,2531610,1259120,,
8/12/2021 17:45,199186,2532500,1266090,,
8/12/2021 17:50,199186,2537340,1270520,,
8/12/2021 17:55,199186,2561820,1277000,,
8/12/2021 18:00,199186,2634870,1276530,,
8/12/2021 18:05,199186,2548700,1239660,,
8/12/2021 18:10,199186,2605500,1253490,,
8/12/2021 18:15,199186,2566120,1233020,,
8/12/2021 18:20,199186,2567400,1233450,,
8/12/2021 18:25,199186,2704910,1276010,,
8/12/2021 18:30,199186,2610730,1227430,,
8/12/2021 18:35,199186,2577160,1207850,,
8/12/2021 18:40,199186,2657940,1245000,,
8/12/2021 18:45,199186,2501300,1189950,,
8/12/2021 18:50,199186,2642590,1239650,,
8/12/2021 18:55,199186,2565520,1215900,,
8/12/2021 19:00,199186,2567730,1212860,,
8/12/2021 19:05,199186,2508660,1194260,,
8/12/2021 19:10,199186,2407920,1152700,,
8/12/2021 19:15,199186,2459010,1179760,,
8/12/2021 19:20,199186,2560440,1219920,,
8/12/2021 19:25,199186,2366880,1150980,,
8/12/2021 19:30,199186,2360440,1152000,,
8/12/2021 19:35,199186,2271560,1118950,,
8/12/2021 19:40,199186,2278550,1135320,,
8/12/2021 19:45,199186,2302810,1136050,,
8/12/2021 19:50,199186,2301690,1127940,,
8/12/2021 19:55,199186,2323740,1143920,,
8/12/2021 20:00,199186,2192820,1100540,,
8/12/2021 20:05,199186,2200720,1110750,,
8/12/2021 20:10,199186,2191090,1106700,,
8/12/2021 20:15,199186,2174960,1088620,,
8/12/2021 20:20,199186,2189770,1092810,,
8/12/2021 20:25,199186,2201020,1099080,,
8/12/2021 20:30,199186,2209100,1090060,,
8/12/2021 20:35,199186,2202570,1092660,,
8/12/2021 20:40,199186,2180260,1098140,,
8/12/2021 20:45,199186,2128640,1084370,,
8/12/2021 20:50,199186,2254890,1119950,,
8/12/2021 20:55,199186,2323620,1149480,,
8/12/2021 21:00,199186,2280330,1129560,,
8/12/2021 21:05,199186,2278830,1134450,,
8/12/2021 21:10,199186,2172590,1085750,,
8/12/2021 21:15,199186,2279050,1132860,,
8/12/2021 21:20,199186,2233430,1103560,,
8/12/2021 21:25,199186,2215230,1101510,,
8/12/2021 21:30,199186,2204880,1098890,,
8/12/2021 21:35,199186,2107970,1069740,,
8/12/2021 21:40,199186,2174250,1108670,,
8/12/2021 21:45,199186,2051130,1062940,,
8/12/2021 21:50,199186,2079720,1070220,,
8/12/2021 21:55,199186,2073030,1067800,,
8/12/2021 22:00,199186,2022460,1054440,,
8/12/2021 22:05,199186,1916950,1013720,,
8/12/2021 22:10,199186,2000680,1064280,,
8/12/2021 22:15,199186,1915590,1035540,,
8/12/2021 22:20,199186,1874550,1010980,,
8/12/2021 22:25,199186,1781610,988025,,
8/12/2021 22:30,199186,1857760,1020080,,
8/12/2021 22:35,199186,1826280,1021580,,
8/12/2021 22:40,199186,1780420,1007640,,
8/12/2021 22:45,199186,1681420,977342,,
8/12/2021 22:50,199186,1765990,1020460,,
8/12/2021 22:55,199186,1680390,984980,,
8/12/2021 23:00,199186,1673940,983039,,
8/12/2021 23:05,199186,1681790,997557,,
8/12/2021 23:10,199186,1563410,957788,,
8/12/2021 23:15,199186,1541210,954349,,
8/12/2021 23:20,199186,1637970,996107,,
8/12/2021 23:25,199186,1496110,948232,,
8/12/2021 23:30,199186,1472970,947009,,
8/12/2021 23:35,199186,1451050,941019,,
8/12/2021 23:40,199186,1484980,968183,,
8/12/2021 23:45,199186,1381100,928182,,
8/12/2021 23:50,199186,1355900,922161,,
8/12/2021 23:55,199186,1388800,932974,,
8/13/2021 0:00,199186,1404050,934127,,
8/13/2021 0:05,199186,1388820,935547,,
8/13/2021 0:10,199186,1337150,909815,,
8/13/2021 0:15,199186,1334150,913982,,
8/13/2021 0:20,199186,1277710,896375,,
8/13/2021 0:25,199186,1359840,928971,,
8/13/2021 0:30,199186,1325580,914433,,
8/13/2021 0:35,199186,1242950,889430,,
8/13/2021 0:40,199186,1290580,903550,,
8/13/2021 0:45,199186,1247690,897243,,
8/13/2021 0:50,199186,1232570,897625,,
8/13/2021 0:55,199186,1200620,885580,,
8/13/2021 1:00,199186,1214620,882688,,
8/13/2021 1:05,199186,1234610,891668,,
8/13/2021 1:10,199186,1217080,897987,,
8/13/2021 1:15,199186,1118020,860712,,
8/13/2021 1:20,199186,1125050,861836,,
8/13/2021 1:25,199186,1127780,870482,,
8/13/2021 1:30,199186,1098670,865230,,
8/13/2021 1:35,199186,1142250,865466,,
8/13/2021 1:40,199186,1117390,861228,,
8/13/2021 1:45,199186,1069880,855571,,
8/13/2021 1:50,199186,1049170,850984,,
8/13/2021 1:55,199186,1077550,854710,,
8/13/2021 2:00,199186,1095450,854282,,
8/13/2021 2:05,199186,1067690,854255,,
8/13/2021 2:10,199186,1079240,853207,,
8/13/2021 2:15,199186,1037730,850140,,
8/13/2021 2:20,199186,1047570,849523,,
8/13/2021 2:25,199186,1026950,846992,,
8/13/2021 2:30,199186,1036370,847715,,
8/13/2021 2:35,199186,1040330,847493,,
8/13/2021 2:40,199186,1041980,847332,,
8/13/2021 2:45,199186,1030860,847197,,
8/13/2021 2:50,199186,1007890,844257,,
8/13/2021 2:55,199186,1022790,843966,,
8/13/2021 3:00,199186,1018000,843883,,
8/13/2021 3:05,199186,1015300,844141,,
8/13/2021 3:10,199186,1057450,844741,,
8/13/2021 3:15,199186,1064350,844965,,
8/13/2021 3:20,199186,1078040,844995,,
8/13/2021 3:25,199186,1050740,845335,,
8/13/2021 3:30,199186,1038890,844767,,
8/13/2021 3:35,199186,1054110,845159,,
8/13/2021 3:40,199186,1073430,843879,,
8/13/2021 3:45,199186,1083960,845385,,
8/13/2021 3:50,199186,1042920,840080,,
8/13/2021 3:55,199186,1005190,839380,,
8/13/2021 4:00,199186,1039040,840247,,
8/13/2021 4:05,199186,1062300,840790,,
8/13/2021 4:10,199186,1072390,840475,,
8/13/2021 4:15,199186,1051120,842685,,
8/13/2021 4:20,199186,1045570,839928,,
8/13/2021 4:25,199186,1098110,841137,,
8/13/2021 4:30,199186,1072940,840284,,
8/13/2021 4:35,199186,1032760,840121,,
8/13/2021 4:40,199186,1044230,839956,,
8/13/2021 4:45,199186,1028240,839689,,
8/13/2021 4:50,199186,1032900,839511,,
8/13/2021 4:55,199186,1072830,840410,,
8/13/2021 5:00,199186,1067790,840018,,
8/13/2021 5:05,199186,1063220,840368,,
8/13/2021 5:10,199186,1100370,841077,,
8/13/2021 5:15,199186,1073200,840241,,
8/13/2021 5:20,199186,1082730,839844,,
8/13/2021 5:25,199186,1089190,839496,,
8/13/2021 5:30,199186,1101930,839995,,
8/13/2021 5:35,199186,1089330,841852,,
8/13/2021 5:40,199186,1093970,842472,,
8/13/2021 5:45,199186,1109740,840195,,
8/13/2021 5:50,199186,1117670,840720,,
8/13/2021 5:55,199186,1120640,840987,,
8/13/2021 6:00,199186,1102220,840669,,
8/13/2021 6:05,199186,1149560,843720,,
8/13/2021 6:10,199186,1148760,843319,,
8/13/2021 6:15,199186,1088680,842368,,
8/13/2021 6:20,199186,1147230,843919,,
8/13/2021 6:25,199186,1193920,844193,,
8/13/2021 6:30,199186,1195250,844580,,
8/13/2021 6:35,199186,1168310,844242,,
8/13/2021 6:40,199186,1139440,843473,,
8/13/2021 6:45,199186,1136280,844142,,
8/13/2021 6:50,199186,1117150,846025,,
8/13/2021 6:55,199186,1099560,846359,,
8/13/2021 7:00,199186,1114570,844144,,
8/13/2021 7:05,199186,1156680,846726,,
8/13/2021 7:10,199186,1143960,847498,,
8/13/2021 7:15,199186,1105260,844140,,
8/13/2021 7:20,199186,1107860,844157,,
8/13/2021 7:25,199186,1147610,848599,,
8/13/2021 7:30,199186,1105060,847703,,
8/13/2021 7:35,199186,1075080,849250,,
8/13/2021 7:40,199186,1087140,853803,,
8/13/2021 7:45,199186,1075510,850868,,
8/13/2021 7:50,199186,1098920,854735,,
8/13/2021 7:55,199186,1044740,859310,,
8/13/2021 8:00,199186,1029880,858632,,
8/13/2021 8:05,199186,1005060,857083,,
8/13/2021 8:10,199186,1037810,873438,,
8/13/2021 8:15,199186,1020290,866487,,
8/13/2021 8:20,199186,1050460,877106,,
8/13/2021 8:25,199186,981598,865406,,
8/13/2021 8:30,199186,974399,867120,,
8/13/2021 8:35,199186,1027570,893346,,
8/13/2021 8:40,199186,1048540,889960,,
8/13/2021 8:45,199186,1019070,898914,,
8/13/2021 8:50,199186,993094,901916,,
8/13/2021 8:55,199186,1009420,907929,,
8/13/2021 9:00,199186,978780,902482,,
8/13/2021 9:05,199186,944134,920875,,
8/13/2021 9:10,199186,1103330,972544,,
8/13/2021 9:15,199186,1144850,953429,,
8/13/2021 9:20,199186,1288170,979970,,
8/13/2021 9:25,199186,1275810,981155,,
8/13/2021 9:30,199186,1099200,942707,,
8/13/2021 9:35,199186,1218580,1010990,,
8/13/2021 9:40,199186,1186230,990123,,
8/13/2021 9:45,199186,1233900,1018770,,
8/13/2021 9:50,199186,1207570,1009360,,
8/13/2021 9:55,199186,1251710,1048460,,
8/13/2021 10:00,199186,1270770,1038360,,
8/13/2021 10:05,199186,1504390,1110610,,
8/13/2021 10:10,199186,1411880,1040630,,
8/13/2021 10:15,199186,1465690,1063050,,
8/13/2021 10:20,199186,1393440,1021090,,
8/13/2021 10:25,199186,1383360,1071470,,
8/13/2021 10:30,199186,1404960,1077300,,
8/13/2021 10:35,199186,1621990,1134050,,
8/13/2021 10:40,199186,1481960,1088510,,
8/13/2021 10:45,199186,1627250,1115860,,
8/13/2021 10:50,199186,1450460,1027660,,
8/13/2021 10:55,199186,1498210,1080560,,
8/13/2021 11:00,199186,1298020,1054700,,
8/13/2021 11:05,199186,1370960,1105510,,
8/13/2021 11:10,199186,1235800,1059720,,
8/13/2021 11:15,199186,1428710,1131860,,
8/13/2021 11:20,199186,1436060,1109340,,
8/13/2021 11:25,199186,1443550,1125690,,
8/13/2021 11:30,199186,1337650,1106990,,
8/13/2021 11:35,199186,1460870,1108720,,
8/13/2021 11:40,199186,1604310,1111710,,
8/13/2021 11:45,199186,1561010,1085690,,
8/13/2021 11:50,199186,1545120,1072740,,
8/13/2021 11:55,199186,1564630,1063470,,
8/13/2021 12:00,199186,1619930,1090280,,
8/13/2021 12:05,199186,1586490,1088510,,
8/13/2021 12:10,199186,1592590,1085180,,
8/13/2021 12:15,199186,1531080,1104720,,
8/13/2021 12:20,199186,1506700,1077300,,
8/13/2021 12:25,199186,1482980,1094390,,
8/13/2021 12:30,199186,1535700,1114690,,
8/13/2021 12:35,199186,1582130,1139130,,
8/13/2021 12:40,199186,1645840,1143170,,
8/13/2021 12:45,199186,1647160,1112250,,
8/13/2021 12:50,199186,1807590,1153680,,
8/13/2021 12:55,199186,1607650,1062410,,
8/13/2021 13:00,199186,1509280,1089000,,
8/13/2021 13:05,199186,1684190,1177870,,
8/13/2021 13:10,199186,1566300,1127640,,
8/13/2021 13:15,199186,1648170,1158670,,
8/13/2021 13:20,199186,1929010,1147540,,
8/13/2021 13:25,199186,1777320,1116330,,
8/13/2021 13:30,199186,1196970,1049690,,
8/13/2021 13:35,199186,1479980,1155170,,
8/13/2021 13:40,199186,1918790,1219590,,
8/13/2021 13:45,199186,1382940,1107810,,
8/13/2021 13:50,199186,1644730,1159880,,
8/13/2021 13:55,199186,1466940,1110700,,
8/13/2021 14:00,199186,2156450,1194630,,
8/13/2021 14:05,199186,2052470,1164580,,
8/13/2021 14:10,199186,1939370,1135540,,
8/13/2021 14:15,199186,1894760,1141080,,
8/13/2021 14:20,199186,1832260,1099440,,
8/13/2021 14:25,199186,2047710,1166160,,
8/13/2021 14:30,199186,1779670,1107350,,
8/13/2021 14:35,199186,1975350,1115820,,
8/13/2021 14:40,199186,2173950,1197190,,
8/13/2021 14:45,199186,1970040,1106580,,
8/13/2021 14:50,199186,2100870,1167020,,
8/13/2021 14:55,199186,1806670,1109930,,
8/13/2021 15:00,199186,2051660,1148670,,
8/13/2021 15:05,199186,2189760,1194020,,
8/13/2021 15:10,199186,1990520,1114390,,
8/13/2021 15:15,199186,2063420,1131670,,
8/13/2021 15:20,199186,1840370,1187430,,
8/13/2021 15:25,199186,1783220,1155820,,
8/13/2021 15:30,199186,2086330,1248430,,
8/13/2021 15:35,199186,2201550,1228230,,
8/13/2021 15:40,199186,1959950,1186670,,
8/13/2021 15:45,199186,1804970,1160460,,
8/13/2021 15:50,199186,2069140,1262770,,
8/13/2021 15:55,199186,1956020,1209690,,
8/13/2021 16:00,199186,1983660,1198700,,
8/13/2021 16:05,199186,2111230,1237260,,
8/13/2021 16:10,199186,2103340,1226470,,
8/13/2021 16:15,199186,2212760,1262290,,
8/13/2021 16:20,199186,2122320,1223520,,
8/13/2021 16:25,199186,2107790,1212170,,
8/13/2021 16:30,199186,2235720,1247430,,
8/13/2021 16:35,199186,2140590,1201590,,
8/13/2021 16:40,199186,2289380,1264380,,
8/13/2021 16:45,199186,2359360,1282850,,
8/13/2021 16:50,199186,2288460,1249990,,
8/13/2021 16:55,199186,2346640,1250920,,
8/13/2021 17:00,199186,2270150,1224130,,
8/13/2021 17:05,199186,2302350,1242810,,
8/13/2021 17:10,199186,2316520,1241840,,
8/13/2021 17:15,199186,2325070,1245570,,
8/13/2021 17:20,199186,2338410,1233280,,
8/13/2021 17:25,199186,2478470,1284190,,
8/13/2021 17:30,199186,2381040,1215230,,
8/13/2021 17:35,199186,2388090,1199060,,
8/13/2021 17:40,199186,2572680,1275620,,
8/13/2021 17:45,199186,2688090,1281270,,
8/13/2021 17:50,199186,2398600,1205030,,
8/13/2021 17:55,199186,2390480,1211460,,
8/13/2021 18:00,199186,2466490,1232410,,
8/13/2021 18:05,199186,2408190,1200580,,
8/13/2021 18:10,199186,2608900,1267100,,
8/13/2021 18:15,199186,2589460,1252890,,
8/13/2021 18:20,199186,2550400,1239580,,
8/13/2021 18:25,199186,2618230,1251940,,
8/13/2021 18:30,199186,2401600,1166970,,
8/13/2021 18:35,199186,2668650,1272970,,
8/13/2021 18:40,199186,2573740,1222460,,
8/13/2021 18:45,199186,2608730,1243950,,
8/13/2021 18:50,199186,2478540,1187660,,
8/13/2021 18:55,199186,2393900,1150740,,
8/13/2021 19:00,199186,2485390,1179270,,
8/13/2021 19:05,199186,2531780,1201380,,
8/13/2021 19:10,199186,2354230,1135690,,
8/13/2021 19:15,199186,2335500,1129200,,
8/13/2021 19:20,199186,2304590,1122690,,
8/13/2021 19:25,199186,2268600,1113000,,
8/13/2021 19:30,199186,2272290,1117840,,
8/13/2021 19:35,199186,2260530,1115530,,
8/13/2021 19:40,199186,2170310,1084330,,
8/13/2021 19:45,199186,2236700,1118750,,
8/13/2021 19:50,199186,2096260,1055150,,
8/13/2021 19:55,199186,2180610,1088070,,
8/13/2021 20:00,199186,2053310,1054660,,
8/13/2021 20:05,199186,2114820,1081530,,
8/13/2021 20:10,199186,2118090,1079800,,
8/13/2021 20:15,199186,2116250,1064180,,
8/13/2021 20:20,199186,2136550,1073470,,
8/13/2021 20:25,199186,2072960,1054050,,
8/13/2021 20:30,199186,2069160,1049400,,
8/13/2021 20:35,199186,2069360,1046510,,
8/13/2021 20:40,199186,1929390,997260,,
8/13/2021 20:45,199186,2039820,1054890,,
8/13/2021 20:50,199186,2105080,1059830,,
8/13/2021 20:55,199186,2091630,1055580,,
8/13/2021 21:00,199186,2003400,1021100,,
8/13/2021 21:05,199186,1999780,1024190,,
8/13/2021 21:10,199186,2143980,1084880,,
8/13/2021 21:15,199186,1925350,1001310,,
8/13/2021 21:20,199186,1940230,995481,,
8/13/2021 21:25,199186,2029100,1036220,,
8/13/2021 21:30,199186,1979240,1015900,,
8/13/2021 21:35,199186,1922500,997941,,
8/13/2021 21:40,199186,2016020,1046870,,
8/13/2021 21:45,199186,1982110,1033220,,
8/13/2021 21:50,199186,1987980,1035640,,
8/13/2021 21:55,199186,1867070,994989,,
8/13/2021 22:00,199186,1866700,994742,,
8/13/2021 22:05,199186,1851840,992315,,
8/13/2021 22:10,199186,1856210,1008970,,
8/13/2021 22:15,199186,1874840,1016180,,
8/13/2021 22:20,199186,1705800,947720,,
8/13/2021 22:25,199186,1666790,945899,,
8/13/2021 22:30,199186,1643270,942869,,
8/13/2021 22:35,199186,1567910,925484,,
8/13/2021 22:40,199186,1540070,923072,,
8/13/2021 22:45,199186,1620040,960029,,
8/13/2021 22:50,199186,1603170,956545,,
8/13/2021 22:55,199186,1629950,968197,,
8/13/2021 23:00,199186,1563270,939392,,
8/13/2021 23:05,199186,1476770,916863,,
8/13/2021 23:10,199186,1422310,905305,,
8/13/2021 23:15,199186,1446980,923773,,
8/13/2021 23:20,199186,1426410,915259,,
8/13/2021 23:25,199186,1448970,934447,,
8/13/2021 23:30,199186,1386780,916839,,
8/13/2021 23:35,199186,1327990,891128,,
8/13/2021 23:40,199186,1296980,894535,,
8/13/2021 23:45,199186,1305980,893983,,
8/13/2021 23:50,199186,1362940,919942,,
8/13/2021 23:55,199186,1376630,928885,,
8/14/2021 0:00,199186,1364210,918235,,
8/14/2021 0:05,199186,1327470,904846,,
8/14/2021 0:10,199186,1298910,897914,,
8/14/2021 0:15,199186,1275160,891441,,
8/14/2021 0:20,199186,1253230,886878,,
8/14/2021 0:25,199186,1269270,888260,,
8/14/2021 0:30,199186,1263820,884824,,
8/14/2021 0:35,199186,1248430,891759,,
8/14/2021 0:40,199186,1210600,872004,,
8/14/2021 0:45,199186,1200840,875337,,
8/14/2021 0:50,199186,1203810,883441,,
8/14/2021 0:55,199186,1310270,923874,,
8/14/2021 1:00,199186,1424040,955440,,
8/14/2021 1:05,199186,1350340,931692,,
8/14/2021 1:10,199186,1230810,892655,,
8/14/2021 1:15,199186,1244570,907796,,
8/14/2021 1:20,199186,1180550,883496,,
8/14/2021 1:25,199186,1160050,878176,,
8/14/2021 1:30,199186,1118760,865346,,
8/14/2021 1:35,199186,1138660,863801,,
8/14/2021 1:40,199186,1105830,856093,,
8/14/2021 1:45,199186,1059660,851718,,
8/14/2021 1:50,199186,1061380,852749,,
8/14/2021 1:55,199186,1069220,850990,,
8/14/2021 2:00,199186,1095790,851342,,
8/14/2021 2:05,199186,1055480,850851,,
8/14/2021 2:10,199186,1065130,850996,,
8/14/2021 2:15,199186,1044980,849844,,
8/14/2021 2:20,199186,1058780,851533,,
8/14/2021 2:25,199186,1039010,850002,,
8/14/2021 2:30,199186,1029870,847578,,
8/14/2021 2:35,199186,1044260,847940,,
8/14/2021 2:40,199186,1025030,844102,,
8/14/2021 2:45,199186,1016240,844838,,
8/14/2021 2:50,199186,1008110,845175,,
8/14/2021 2:55,199186,1021330,844756,,
8/14/2021 3:00,199186,1014050,844254,,
8/14/2021 3:05,199186,1009200,843643,,
8/14/2021 3:10,199186,1049500,846076,,
8/14/2021 3:15,199186,1064010,846395,,
8/14/2021 3:20,199186,1090000,846958,,
8/14/2021 3:25,199186,1068290,846292,,
8/14/2021 3:30,199186,1035680,845137,,
8/14/2021 3:35,199186,1036830,845321,,
8/14/2021 3:40,199186,1068860,845562,,
8/14/2021 3:45,199186,1081820,843806,,
8/14/2021 3:50,199186,1042930,839703,,
8/14/2021 3:55,199186,1002710,838868,,
8/14/2021 4:00,199186,1028630,839552,,
8/14/2021 4:05,199186,1058440,842465,,
8/14/2021 4:10,199186,1066330,842109,,
8/14/2021 4:15,199186,1039620,839197,,
8/14/2021 4:20,199186,1013470,839131,,
8/14/2021 4:25,199186,1084270,840416,,
8/14/2021 4:30,199186,1043650,839389,,
8/14/2021 4:35,199186,1027150,839519,,
8/14/2021 4:40,199186,1026310,839186,,
8/14/2021 4:45,199186,1014910,840726,,
8/14/2021 4:50,199186,1013160,838947,,
8/14/2021 4:55,199186,1039510,839389,,
8/14/2021 5:00,199186,1044770,839036,,
8/14/2021 5:05,199186,1044950,839507,,
8/14/2021 5:10,199186,1066230,840634,,
8/14/2021 5:15,199186,1070600,839786,,
8/14/2021 5:20,199186,1037480,838666,,
8/14/2021 5:25,199186,1064850,840938,,
8/14/2021 5:30,199186,1064040,839074,,
8/14/2021 5:35,199186,1054430,838870,,
8/14/2021 5:40,199186,1043680,838455,,
8/14/2021 5:45,199186,1071670,839217,,
8/14/2021 5:50,199186,1074410,839569,,
8/14/2021 5:55,199186,1073840,839735,,
8/14/2021 6:00,199186,1066640,840026,,
8/14/2021 6:05,199186,1093740,842307,,
8/14/2021 6:10,199186,1115010,842290,,
8/14/2021 6:15,199186,1041950,841150,,
8/14/2021 6:20,199186,1118850,844727,,
8/14/2021 6:25,199186,1138300,844868,,
8/14/2021 6:30,199186,1138830,842718,,
8/14/2021 6:35,199186,1107060,842626,,
8/14/2021 6:40,199186,1071400,845686,,
8/14/2021 6:45,199186,1082150,845792,,
8/14/2021 6:50,199186,1038610,842983,,
8/14/2021 6:55,199186,1010670,842620,,
8/14/2021 7:00,199186,1044300,844785,,
8/14/2021 7:05,199186,1073500,846549,,
8/14/2021 7:10,199186,998987,842840,,
8/14/2021 7:15,199186,971948,841776,,
8/14/2021 7:20,199186,955443,841476,,
8/14/2021 7:25,199186,1008220,845250,,
8/14/2021 7:30,199186,982398,847242,,
8/14/2021 7:35,199186,1026220,848767,,
8/14/2021 7:40,199186,983543,847567,,
8/14/2021 7:45,199186,1060560,850868,,
8/14/2021 7:50,199186,1090040,849143,,
8/14/2021 7:55,199186,963455,847808,,
8/14/2021 8:00,199186,946273,852639,,
8/14/2021 8:05,199186,946444,855274,,
8/14/2021 8:10,199186,974588,863190,,
8/14/2021 8:15,199186,949552,861589,,
8/14/2021 8:20,199186,929656,860170,,
8/14/2021 8:25,199186,958473,860789,,
8/14/2021 8:30,199186,950697,867303,,
8/14/2021 8:35,199186,938323,865018,,
8/14/2021 8:40,199186,1019430,876554,,
8/14/2021 8:45,199186,957171,885405,,
8/14/2021 8:50,199186,1035710,921747,,
8/14/2021 8:55,199186,993915,897078,,
8/14/2021 9:00,199186,993222,904573,,
8/14/2021 9:05,199186,1006910,922456,,
8/14/2021 9:10,199186,1044240,924111,,
8/14/2021 9:15,199186,1306480,931603,,
8/14/2021 9:20,199186,1111270,901143,,
8/14/2021 9:25,199186,1343480,960099,,
8/14/2021 9:30,199186,1282790,937139,,
8/14/2021 9:35,199186,1135880,912397,,
8/14/2021 9:40,199186,1281430,957812,,
8/14/2021 9:45,199186,1173520,943341,,
8/14/2021 9:50,199186,1303400,985608,,
8/14/2021 9:55,199186,1147510,970755,,
8/14/2021 10:00,199186,1236300,997607,,
8/14/2021 10:05,199186,1234860,1009370,,
8/14/2021 10:10,199186,1124230,991151,,
8/14/2021 10:15,199186,1173030,998884,,
8/14/2021 10:20,199186,1208640,1022500,,
8/14/2021 10:25,199186,1281470,1068340,,
8/14/2021 10:30,199186,1285570,1002760,,
8/14/2021 10:35,199186,1335620,1026710,,
8/14/2021 10:40,199186,1013880,976219,,
8/14/2021 10:45,199186,1105290,1026010,,
8/14/2021 10:50,199186,1321870,1092730,,
8/14/2021 10:55,199186,1250340,1073780,,
8/14/2021 11:00,199186,1443920,1119940,,
8/14/2021 11:05,199186,1316610,1079200,,
8/14/2021 11:10,199186,1571400,1069980,,
8/14/2021 11:15,199186,1652290,1071740,,
8/14/2021 11:20,199186,1608240,1044620,,
8/14/2021 11:25,199186,1497130,1003160,,
8/14/2021 11:30,199186,1389510,1011480,,
8/14/2021 11:35,199186,1318520,1052530,,
8/14/2021 11:40,199186,1755980,1115340,,
8/14/2021 11:45,199186,1294380,1049820,,
8/14/2021 11:50,199186,1464180,1081830,,
8/14/2021 11:55,199186,1284900,1086170,,
8/14/2021 12:00,199186,1780820,1125550,,
8/14/2021 12:05,199186,1658330,1113400,,
8/14/2021 12:10,199186,1668930,1060830,,
8/14/2021 12:15,199186,1347960,1012910,,
8/14/2021 12:20,199186,1226450,1027210,,
8/14/2021 12:25,199186,1221220,1013750,,
8/14/2021 12:30,199186,1705140,1182510,,
8/14/2021 12:35,199186,1481330,1084240,,
8/14/2021 12:40,199186,1490200,1129170,,
8/14/2021 12:45,199186,1291650,1069170,,
8/14/2021 12:50,199186,1803100,1134150,,
8/14/2021 12:55,199186,1638210,1050810,,
8/14/2021 13:00,199186,1754680,1117890,,
8/14/2021 13:05,199186,1674700,1089720,,
8/14/2021 13:10,199186,1569990,1081820,,
8/14/2021 13:15,199186,1819750,1150540,,
8/14/2021 13:20,199186,1785940,1101530,,
8/14/2021 13:25,199186,1851290,1114280,,
8/14/2021 13:30,199186,1700280,1077940,,
8/14/2021 13:35,199186,1595770,1073850,,
8/14/2021 13:40,199186,1751400,1088120,,
8/14/2021 13:45,199186,1801710,1077390,,
8/14/2021 13:50,199186,1540580,969072,,
8/14/2021 13:55,199186,1594660,981678,,
8/14/2021 14:00,199186,1546840,940395,,
8/14/2021 14:05,199186,1694220,1021940,,
8/14/2021 14:10,199186,1674410,1011320,,
8/14/2021 14:15,199186,1641370,981208,,
8/14/2021 14:20,199186,1846180,1053040,,
8/14/2021 14:25,199186,1800150,1030770,,
8/14/2021 14:30,199186,1821180,1024050,,
8/14/2021 14:35,199186,1803410,1006410,,
8/14/2021 14:40,199186,1865240,1011210,,
8/14/2021 14:45,199186,1730140,956146,,
8/14/2021 14:50,199186,1707660,952762,,
8/14/2021 14:55,199186,1582330,920121,,
8/14/2021 15:00,199186,1614560,931357,,
8/14/2021 15:05,199186,1666480,939295,,
8/14/2021 15:10,199186,1671030,938337,,
8/14/2021 15:15,199186,1746310,970488,,
8/14/2021 15:20,199186,1740270,978626,,
8/14/2021 15:25,199186,1686610,961475,,
8/14/2021 15:30,199186,1693090,968133,,
8/14/2021 15:35,199186,1768860,1003560,,
8/14/2021 15:40,199186,1775890,1011140,,
8/14/2021 15:45,199186,1813490,1033460,,
8/14/2021 15:50,199186,1774850,1027140,,
8/14/2021 15:55,199186,1766610,1021130,,
8/14/2021 16:00,199186,1847480,1040420,,
8/14/2021 16:05,199186,1916560,1055240,,
8/14/2021 16:10,199186,1826040,1002180,,
8/14/2021 16:15,199186,1815770,1007330,,
8/14/2021 16:20,199186,1872650,1040640,,
8/14/2021 16:25,199186,1795630,1004930,,
8/14/2021 16:30,199186,1812070,987239,,
8/14/2021 16:35,199186,1841860,991975,,
8/14/2021 16:40,199186,1774570,968430,,
8/14/2021 16:45,199186,1896490,1002220,,
8/14/2021 16:50,199186,1899330,1006180,,
8/14/2021 16:55,199186,1988320,1024170,,
8/14/2021 17:00,199186,1911700,1004590,,
8/14/2021 17:05,199186,1887270,997371,,
8/14/2021 17:10,199186,1915630,1005640,,
8/14/2021 17:15,199186,1848540,980494,,
8/14/2021 17:20,199186,1863840,968787,,
8/14/2021 17:25,199186,1852920,961860,,
8/14/2021 17:30,199186,1972840,997116,,
8/14/2021 17:35,199186,1996740,988895,,
8/14/2021 17:40,199186,2009010,990437,,
8/14/2021 17:45,199186,1995420,994197,,
8/14/2021 17:50,199186,1942260,994545,,
8/14/2021 17:55,199186,1913950,982668,,
8/14/2021 18:00,199186,1957780,991749,,
8/14/2021 18:05,199186,1913460,977384,,
8/14/2021 18:10,199186,1952840,980440,,
8/14/2021 18:15,199186,1975790,987003,,
8/14/2021 18:20,199186,1975500,985332,,
8/14/2021 18:25,199186,2000430,998634,,
8/14/2021 18:30,199186,2009270,998952,,
8/14/2021 18:35,199186,1992470,989167,,
8/14/2021 18:40,199186,1983860,994891,,
8/14/2021 18:45,199186,1939980,981012,,
8/14/2021 18:50,199186,1937620,976214,,
8/14/2021 18:55,199186,1915400,980674,,
8/14/2021 19:00,199186,1933290,973534,,
8/14/2021 19:05,199186,1892200,970351,,
8/14/2021 19:10,199186,1899520,972734,,
8/14/2021 19:15,199186,1892190,969791,,
8/14/2021 19:20,199186,1913490,977936,,
8/14/2021 19:25,199186,1855230,965232,,
8/14/2021 19:30,199186,1877270,973898,,
8/14/2021 19:35,199186,1849130,966028,,
8/14/2021 19:40,199186,1788560,954281,,
8/14/2021 19:45,199186,1814120,960819,,
8/14/2021 19:50,199186,1832280,959560,,
8/14/2021 19:55,199186,1871240,970650,,
8/14/2021 20:00,199186,1792270,957259,,
8/14/2021 20:05,199186,1765060,953140,,
8/14/2021 20:10,199186,1765580,950333,,
8/14/2021 20:15,199186,1832420,964603,,
8/14/2021 20:20,199186,1824220,962184,,
8/14/2021 20:25,199186,1800560,958723,,
8/14/2021 20:30,199186,1837700,963484,,
8/14/2021 20:35,199186,1832500,959291,,
8/14/2021 20:40,199186,1801330,958345,,
8/14/2021 20:45,199186,1733130,943555,,
8/14/2021 20:50,199186,1782570,947186,,
8/14/2021 20:55,199186,1776490,945522,,
8/14/2021 21:00,199186,1790460,948749,,
8/14/2021 21:05,199186,1775130,947342,,
8/14/2021 21:10,199186,1808480,952343,,
8/14/2021 21:15,199186,1786550,954977,,
8/14/2021 21:20,199186,1820210,955954,,
8/14/2021 21:25,199186,1817570,954155,,
8/14/2021 21:30,199186,1805480,956102,,
8/14/2021 21:35,199186,1770650,948091,,
8/14/2021 21:40,199186,1722880,940040,,
8/14/2021 21:45,199186,1708810,937504,,
8/14/2021 21:50,199186,1697760,934330,,
8/14/2021 21:55,199186,1678920,928022,,
8/14/2021 22:00,199186,1653780,924661,,
8/14/2021 22:05,199186,1648440,923069,,
8/14/2021 22:10,199186,1601500,916644,,
8/14/2021 22:15,199186,1594150,915070,,
8/14/2021 22:20,199186,1596610,913788,,
8/14/2021 22:25,199186,1567420,913443,,
8/14/2021 22:30,199186,1545750,910997,,
8/14/2021 22:35,199186,1522390,916769,,
8/14/2021 22:40,199186,1455300,897504,,
8/14/2021 22:45,199186,1441150,896874,,
8/14/2021 22:50,199186,1427220,893161,,
8/14/2021 22:55,199186,1426430,892329,,
8/14/2021 23:00,199186,1408070,889742,,
8/14/2021 23:05,199186,1385630,887462,,
8/14/2021 23:10,199186,1355280,880996,,
8/14/2021 23:15,199186,1331610,881004,,
8/14/2021 23:20,199186,1321590,877444,,
8/14/2021 23:25,199186,1288640,871631,,
8/14/2021 23:30,199186,1264610,872249,,
8/14/2021 23:35,199186,1272920,872270,,
8/14/2021 23:40,199186,1221690,865846,,
8/14/2021 23:45,199186,1214860,864988,,
8/14/2021 23:50,199186,1204180,863919,,
8/14/2021 23:55,199186,1220090,867591,,
