# timestamp,positive_sequence_voltage,distribution_load_real,distribution_load_reac
8/1/2021 0:00,199186,1891540,810273
8/1/2021 0:05,199186,1811890,854621
8/1/2021 0:10,199186,1630860,849477
8/1/2021 0:15,199186,1292720,840813
8/1/2021 0:20,199186,1205350,838620
8/1/2021 0:25,199186,1158860,837594
8/1/2021 0:30,199186,1174310,837935
8/1/2021 0:35,199186,1168610,837974
8/1/2021 0:40,199186,1189420,838649
8/1/2021 0:45,199186,1182130,838503
8/1/2021 0:50,199186,1172390,838060
8/1/2021 0:55,199186,1168950,837819
8/1/2021 1:00,199186,1157190,837659
8/1/2021 1:05,199186,1138250,837356
8/1/2021 1:10,199186,1168310,838008
8/1/2021 1:15,199186,1146060,837474
8/1/2021 1:20,199186,1179630,837957
8/1/2021 1:25,199186,1175800,838027
8/1/2021 1:30,199186,1139620,837502
8/1/2021 1:35,199186,1128510,836863
8/1/2021 1:40,199186,1139470,837402
8/1/2021 1:45,199186,1145870,837739
8/1/2021 1:50,199186,1149640,838022
8/1/2021 1:55,199186,1137650,837900
8/1/2021 2:00,199186,1148670,837665
8/1/2021 2:05,199186,1148600,837669
8/1/2021 2:10,199186,1155680,837958
8/1/2021 2:15,199186,1137640,837313
8/1/2021 2:20,199186,1125740,837428
8/1/2021 2:25,199186,1158490,838161
8/1/2021 2:30,199186,1168910,838101
8/1/2021 2:35,199186,1175640,838635
8/1/2021 2:40,199186,1141530,837586
8/1/2021 2:45,199186,1161990,838164
8/1/2021 2:50,199186,1116170,837153
8/1/2021 2:55,199186,1118430,837704
8/1/2021 3:00,199186,1130300,838210
8/1/2021 3:05,199186,1116380,837535
8/1/2021 3:10,199186,1114510,837034
8/1/2021 3:15,199186,1166610,838042
8/1/2021 3:20,199186,1156380,837633
8/1/2021 3:25,199186,1203320,838443
8/1/2021 3:30,199186,1181480,837946
8/1/2021 3:35,199186,1151500,837791
8/1/2021 3:40,199186,1116500,836912
8/1/2021 3:45,199186,1109770,836788
8/1/2021 3:50,199186,1123150,837418
8/1/2021 3:55,199186,1150040,837531
8/1/2021 4:00,199186,1141730,837439
8/1/2021 4:05,199186,1178810,838191
8/1/2021 4:10,199186,1188810,838742
8/1/2021 4:15,199186,1146780,838069
8/1/2021 4:20,199186,1147290,837805
8/1/2021 4:25,199186,1160430,837808
8/1/2021 4:30,199186,1192760,838061
8/1/2021 4:35,199186,1194430,838767
8/1/2021 4:40,199186,1179650,838416
8/1/2021 4:45,199186,1177580,838078
8/1/2021 4:50,199186,1187130,838253
8/1/2021 4:55,199186,1193510,838254
8/1/2021 5:00,199186,1218190,838904
8/1/2021 5:05,199186,1218600,839741
8/1/2021 5:10,199186,1194470,839409
8/1/2021 5:15,199186,1173560,838854
8/1/2021 5:20,199186,1142060,837598
8/1/2021 5:25,199186,1171490,838335
8/1/2021 5:30,199186,1201610,838842
8/1/2021 5:35,199186,1230000,839697
8/1/2021 5:40,199186,1232820,840164
8/1/2021 5:45,199186,1183920,838765
8/1/2021 5:50,199186,1218840,838947
8/1/2021 5:55,199186,1218940,839472
8/1/2021 6:00,199186,1206260,838872
8/1/2021 6:05,199186,1265680,839898
8/1/2021 6:10,199186,1252520,840097
8/1/2021 6:15,199186,1226910,839250
8/1/2021 6:20,199186,1204610,838677
8/1/2021 6:25,199186,1210330,838696
8/1/2021 6:30,199186,1225190,839272
8/1/2021 6:35,199186,1203560,838908
8/1/2021 6:40,199186,1198310,839245
8/1/2021 6:45,199186,1188390,838808
8/1/2021 6:50,199186,1250040,840371
8/1/2021 6:55,199186,1259530,841064
8/1/2021 7:00,199186,1276130,841545
8/1/2021 7:05,199186,1308970,845458
8/1/2021 7:10,199186,1328590,845966
8/1/2021 7:15,199186,1299470,845185
8/1/2021 7:20,199186,1319500,846108
8/1/2021 7:25,199186,1275820,845790
8/1/2021 7:30,199186,1242740,845166
8/1/2021 7:35,199186,1239040,845616
8/1/2021 7:40,199186,1266890,848230
8/1/2021 7:45,199186,1286190,849684
8/1/2021 7:50,199186,1323430,851322
8/1/2021 7:55,199186,1339490,851882
8/1/2021 8:00,199186,1317930,852984
8/1/2021 8:05,199186,1343940,855229
8/1/2021 8:10,199186,1348180,855860
8/1/2021 8:15,199186,1325730,855015
8/1/2021 8:20,199186,1339770,855670
8/1/2021 8:25,199186,1369260,856503
8/1/2021 8:30,199186,1360930,857186
8/1/2021 8:35,199186,1354590,858315
8/1/2021 8:40,199186,1401930,864230
8/1/2021 8:45,199186,1395840,864128
8/1/2021 8:50,199186,1387290,874497
8/1/2021 8:55,199186,1322290,863186
8/1/2021 9:00,199186,1322750,865717
8/1/2021 9:05,199186,1320010,865788
8/1/2021 9:10,199186,1275220,863639
8/1/2021 9:15,199186,1268390,863685
8/1/2021 9:20,199186,1261740,865147
8/1/2021 9:25,199186,1271650,868648
8/1/2021 9:30,199186,1253280,867859
8/1/2021 9:35,199186,1238090,869045
8/1/2021 9:40,199186,1203290,867331
8/1/2021 9:45,199186,1250920,881297
8/1/2021 9:50,199186,1298790,890951
8/1/2021 9:55,199186,1278050,874409
8/1/2021 10:00,199186,1306650,887761
8/1/2021 10:05,199186,1273560,888972
8/1/2021 10:10,199186,1291860,899358
8/1/2021 10:15,199186,1220920,881435
8/1/2021 10:20,199186,1260380,885404
8/1/2021 10:25,199186,1201620,894784
8/1/2021 10:30,199186,1241970,882501
8/1/2021 10:35,199186,1287000,883398
8/1/2021 10:40,199186,1284130,885711
8/1/2021 10:45,199186,1293090,891188
8/1/2021 10:50,199186,1255760,885060
8/1/2021 10:55,199186,1390770,908280
8/1/2021 11:00,199186,1321850,889575
8/1/2021 11:05,199186,1331700,900274
8/1/2021 11:10,199186,1349070,887344
8/1/2021 11:15,199186,1402010,902327
8/1/2021 11:20,199186,1452600,904663
8/1/2021 11:25,199186,1417690,890892
8/1/2021 11:30,199186,1397740,896507
8/1/2021 11:35,199186,1362780,904945
8/1/2021 11:40,199186,1353990,906057
8/1/2021 11:45,199186,1347770,905882
8/1/2021 11:50,199186,1352500,908318
8/1/2021 11:55,199186,1388920,924041
8/1/2021 12:00,199186,1337900,898367
8/1/2021 12:05,199186,1336100,915855
8/1/2021 12:10,199186,1281010,928257
8/1/2021 12:15,199186,1305800,913652
8/1/2021 12:20,199186,1303600,911630
8/1/2021 12:25,199186,1292610,916812
8/1/2021 12:30,199186,1338860,928722
8/1/2021 12:35,199186,1276260,905890
8/1/2021 12:40,199186,1360690,946617
8/1/2021 12:45,199186,1315550,933232
8/1/2021 12:50,199186,1292340,947555
8/1/2021 12:55,199186,1222490,932241
8/1/2021 13:00,199186,1319400,957696
8/1/2021 13:05,199186,1322380,931138
8/1/2021 13:10,199186,1386640,942164
8/1/2021 13:15,199186,1358510,952806
8/1/2021 13:20,199186,1309300,946711
8/1/2021 13:25,199186,1364220,961640
8/1/2021 13:30,199186,1424630,964872
8/1/2021 13:35,199186,1534730,975222
8/1/2021 13:40,199186,1435860,942983
8/1/2021 13:45,199186,1386590,935218
8/1/2021 13:50,199186,1523970,964879
8/1/2021 13:55,199186,1329630,927162
8/1/2021 14:00,199186,1233650,953868
8/1/2021 14:05,199186,1407480,1000080
8/1/2021 14:10,199186,1165740,979985
8/1/2021 14:15,199186,1361710,999520
8/1/2021 14:20,199186,1339600,1011340
8/1/2021 14:25,199186,1272870,979905
8/1/2021 14:30,199186,1325930,1014240
8/1/2021 14:35,199186,1273910,1009550
8/1/2021 14:40,199186,1351830,1031890
8/1/2021 14:45,199186,1345360,1013680
8/1/2021 14:50,199186,1385440,1017530
8/1/2021 14:55,199186,1728740,1028470
8/1/2021 15:00,199186,1742060,1020800
8/1/2021 15:05,199186,1609430,963451
8/1/2021 15:10,199186,1770460,1034770
8/1/2021 15:15,199186,1677410,1005220
8/1/2021 15:20,199186,1966320,1075470
8/1/2021 15:25,199186,1911510,1032610
8/1/2021 15:30,199186,1843320,1001670
8/1/2021 15:35,199186,1890120,1023630
8/1/2021 15:40,199186,1945510,1023840
8/1/2021 15:45,199186,1975730,1039080
8/1/2021 15:50,199186,1947360,1026310
8/1/2021 15:55,199186,1906670,999050
8/1/2021 16:00,199186,2003300,1028440
8/1/2021 16:05,199186,1934100,1006330
8/1/2021 16:10,199186,1929060,1007800
8/1/2021 16:15,199186,1925200,1022090
8/1/2021 16:20,199186,1975610,1026330
8/1/2021 16:25,199186,2035150,1038970
8/1/2021 16:30,199186,1984360,1030710
8/1/2021 16:35,199186,1918300,1011140
8/1/2021 16:40,199186,1987690,1046040
8/1/2021 16:45,199186,1985440,1050530
8/1/2021 16:50,199186,1851970,1041750
8/1/2021 16:55,199186,1766710,1062180
8/1/2021 17:00,199186,1943850,1108230
8/1/2021 17:05,199186,1936210,1087230
8/1/2021 17:10,199186,1937600,1068950
8/1/2021 17:15,199186,1998850,1090260
8/1/2021 17:20,199186,2106560,1076970
8/1/2021 17:25,199186,2161700,1083540
8/1/2021 17:30,199186,2036380,1034240
8/1/2021 17:35,199186,2025630,1037600
8/1/2021 17:40,199186,2064560,1076740
8/1/2021 17:45,199186,2127970,1099050
8/1/2021 17:50,199186,2106670,1089380
8/1/2021 17:55,199186,2146520,1101660
8/1/2021 18:00,199186,2125200,1071370
8/1/2021 18:05,199186,2241420,1092100
8/1/2021 18:10,199186,2071960,1040030
8/1/2021 18:15,199186,2022470,1019640
8/1/2021 18:20,199186,2097320,1066030
8/1/2021 18:25,199186,2091000,1055950
8/1/2021 18:30,199186,2179800,1072690
8/1/2021 18:35,199186,2197740,1082720
8/1/2021 18:40,199186,2083710,1033350
8/1/2021 18:45,199186,2185760,1077840
8/1/2021 18:50,199186,2220510,1087000
8/1/2021 18:55,199186,2161900,1037560
8/1/2021 19:00,199186,2154340,1034870
8/1/2021 19:05,199186,2141780,1022220
8/1/2021 19:10,199186,2119210,1018720
8/1/2021 19:15,199186,2077470,1008420
8/1/2021 19:20,199186,2093870,1018220
8/1/2021 19:25,199186,2137680,1033470
8/1/2021 19:30,199186,2096580,1023200
8/1/2021 19:35,199186,2102900,1019090
8/1/2021 19:40,199186,2116010,1017370
8/1/2021 19:45,199186,2047120,995137
8/1/2021 19:50,199186,2160700,1042960
8/1/2021 19:55,199186,2137860,1032520
8/1/2021 20:00,199186,2182760,1042720
8/1/2021 20:05,199186,2120390,1026240
8/1/2021 20:10,199186,2161580,1032070
8/1/2021 20:15,199186,2024620,987209
8/1/2021 20:20,199186,2038850,993308
8/1/2021 20:25,199186,2066140,1008500
8/1/2021 20:30,199186,2093080,1014150
8/1/2021 20:35,199186,2100620,1016630
8/1/2021 20:40,199186,2045210,997755
8/1/2021 20:45,199186,1965960,972791
8/1/2021 20:50,199186,1909710,954624
8/1/2021 20:55,199186,2029780,994920
8/1/2021 21:00,199186,2073010,1011670
8/1/2021 21:05,199186,2000550,986875
8/1/2021 21:10,199186,1969590,978941
8/1/2021 21:15,199186,1939800,962592
8/1/2021 21:20,199186,1880560,943907
8/1/2021 21:25,199186,1887820,951882
8/1/2021 21:30,199186,2036790,1009970
8/1/2021 21:35,199186,2021690,997247
8/1/2021 21:40,199186,1961300,985773
8/1/2021 21:45,199186,1824450,946963
8/1/2021 21:50,199186,1779920,929542
8/1/2021 21:55,199186,1829040,951869
8/1/2021 22:00,199186,1856350,954299
8/1/2021 22:05,199186,1757830,922800
8/1/2021 22:10,199186,1699410,916813
8/1/2021 22:15,199186,1681260,913265
8/1/2021 22:20,199186,1722410,931228
8/1/2021 22:25,199186,1673950,923017
8/1/2021 22:30,199186,1665520,917890
8/1/2021 22:35,199186,1618800,907456
8/1/2021 22:40,199186,1633080,920524
8/1/2021 22:45,199186,1696020,950296
8/1/2021 22:50,199186,1703890,957255
8/1/2021 22:55,199186,1595640,922256
8/1/2021 23:00,199186,1559070,907827
8/1/2021 23:05,199186,1530070,905693
8/1/2021 23:10,199186,1517870,910415
8/1/2021 23:15,199186,1487980,895978
8/1/2021 23:20,199186,1482980,896339
8/1/2021 23:25,199186,1452060,893880
8/1/2021 23:30,199186,1427320,888442
8/1/2021 23:35,199186,1409900,888100
8/1/2021 23:40,199186,1394200,890558
8/1/2021 23:45,199186,1377750,887641
8/1/2021 23:50,199186,1361760,886440
8/1/2021 23:55,199186,1308150,879346
8/2/2021 0:00,199186,1283170,871152
8/2/2021 0:05,199186,1316130,892959
8/2/2021 0:10,199186,1270750,867676
8/2/2021 0:15,199186,1265620,866956
8/2/2021 0:20,199186,1234910,866891
8/2/2021 0:25,199186,1209360,864451
8/2/2021 0:30,199186,1196230,860841
8/2/2021 0:35,199186,1200250,858933
8/2/2021 0:40,199186,1184850,858052
8/2/2021 0:45,199186,1165280,856153
8/2/2021 0:50,199186,1173360,853936
8/2/2021 0:55,199186,1146530,851704
8/2/2021 1:00,199186,1108020,849213
8/2/2021 1:05,199186,1111570,849145
8/2/2021 1:10,199186,1099740,845922
8/2/2021 1:15,199186,1081360,846889
8/2/2021 1:20,199186,1109560,846947
8/2/2021 1:25,199186,1093610,846124
8/2/2021 1:30,199186,1103390,848895
8/2/2021 1:35,199186,1124380,847289
8/2/2021 1:40,199186,1085150,845939
8/2/2021 1:45,199186,1090070,847183
8/2/2021 1:50,199186,1064450,845124
8/2/2021 1:55,199186,1058240,843333
8/2/2021 2:00,199186,1086320,843957
8/2/2021 2:05,199186,1083550,843574
8/2/2021 2:10,199186,1102270,845118
8/2/2021 2:15,199186,1061610,843208
8/2/2021 2:20,199186,1087870,843171
8/2/2021 2:25,199186,1103770,843701
8/2/2021 2:30,199186,1108010,844353
8/2/2021 2:35,199186,1089730,843618
8/2/2021 2:40,199186,1079080,843711
8/2/2021 2:45,199186,1083880,844740
8/2/2021 2:50,199186,1093460,843761
8/2/2021 2:55,199186,1092980,844849
8/2/2021 3:00,199186,1090110,843184
8/2/2021 3:05,199186,1070820,841463
8/2/2021 3:10,199186,1060470,840968
8/2/2021 3:15,199186,1112010,842597
8/2/2021 3:20,199186,1095910,841783
8/2/2021 3:25,199186,1149240,848163
8/2/2021 3:30,199186,1126930,842875
8/2/2021 3:35,199186,1127570,844017
8/2/2021 3:40,199186,1084760,844042
8/2/2021 3:45,199186,1066700,843504
8/2/2021 3:50,199186,1085790,844424
8/2/2021 3:55,199186,1128770,843611
8/2/2021 4:00,199186,1119620,842866
8/2/2021 4:05,199186,1135510,843919
8/2/2021 4:10,199186,1162780,842105
8/2/2021 4:15,199186,1136650,842199
8/2/2021 4:20,199186,1141540,844985
8/2/2021 4:25,199186,1115030,842480
8/2/2021 4:30,199186,1155040,843085
8/2/2021 4:35,199186,1181400,844525
8/2/2021 4:40,199186,1186540,844818
8/2/2021 4:45,199186,1190080,844574
8/2/2021 4:50,199186,1194960,843603
8/2/2021 4:55,199186,1208510,843956
8/2/2021 5:00,199186,1254610,845651
8/2/2021 5:05,199186,1250290,846466
8/2/2021 5:10,199186,1250230,847189
8/2/2021 5:15,199186,1197950,847758
8/2/2021 5:20,199186,1210450,848218
8/2/2021 5:25,199186,1260090,851686
8/2/2021 5:30,199186,1267490,849666
8/2/2021 5:35,199186,1312680,852801
8/2/2021 5:40,199186,1324080,855810
8/2/2021 5:45,199186,1272210,850942
8/2/2021 5:50,199186,1305840,853736
8/2/2021 5:55,199186,1320980,853341
8/2/2021 6:00,199186,1328060,851834
8/2/2021 6:05,199186,1367490,854499
8/2/2021 6:10,199186,1412280,859936
8/2/2021 6:15,199186,1373040,861303
8/2/2021 6:20,199186,1343330,856042
8/2/2021 6:25,199186,1374230,855945
8/2/2021 6:30,199186,1414490,858305
8/2/2021 6:35,199186,1374630,861650
8/2/2021 6:40,199186,1379850,859218
8/2/2021 6:45,199186,1378930,858438
8/2/2021 6:50,199186,1405260,863224
8/2/2021 6:55,199186,1426820,862146
8/2/2021 7:00,199186,1408540,860361
8/2/2021 7:05,199186,1456180,862409
8/2/2021 7:10,199186,1494760,870040
8/2/2021 7:15,199186,1480330,867753
8/2/2021 7:20,199186,1543400,880256
8/2/2021 7:25,199186,1480820,874223
8/2/2021 7:30,199186,1486270,868748
8/2/2021 7:35,199186,1477810,875067
8/2/2021 7:40,199186,1538150,885040
8/2/2021 7:45,199186,1502770,881459
8/2/2021 7:50,199186,1597450,889457
8/2/2021 7:55,199186,1601470,894585
8/2/2021 8:00,199186,1571300,892344
8/2/2021 8:05,199186,1571840,891223
8/2/2021 8:10,199186,1522160,896161
8/2/2021 8:15,199186,1542140,902302
8/2/2021 8:20,199186,1575430,904492
8/2/2021 8:25,199186,1520250,893074
8/2/2021 8:30,199186,1577660,914273
8/2/2021 8:35,199186,1621460,931813
8/2/2021 8:40,199186,1685750,919769
8/2/2021 8:45,199186,1681580,908155
8/2/2021 8:50,199186,1677900,904918
8/2/2021 8:55,199186,1646290,912633
8/2/2021 9:00,199186,1627980,904412
8/2/2021 9:05,199186,1675320,910552
8/2/2021 9:10,199186,1580400,895271
8/2/2021 9:15,199186,1542510,887309
8/2/2021 9:20,199186,1546380,889624
8/2/2021 9:25,199186,1601040,901171
8/2/2021 9:30,199186,1601350,898232
8/2/2021 9:35,199186,1558360,896441
8/2/2021 9:40,199186,1520380,893255
8/2/2021 9:45,199186,1559110,897307
8/2/2021 9:50,199186,1566050,898126
8/2/2021 9:55,199186,1550200,898079
8/2/2021 10:00,199186,1499260,898271
8/2/2021 10:05,199186,1490690,908942
8/2/2021 10:10,199186,1500850,911039
8/2/2021 10:15,199186,1490170,914270
8/2/2021 10:20,199186,1409620,912429
8/2/2021 10:25,199186,1314020,916236
8/2/2021 10:30,199186,1270120,916539
8/2/2021 10:35,199186,1426880,939572
8/2/2021 10:40,199186,1452600,924889
8/2/2021 10:45,199186,1475140,930991
8/2/2021 10:50,199186,1491840,915919
8/2/2021 10:55,199186,1515860,928027
8/2/2021 11:00,199186,1524320,926396
8/2/2021 11:05,199186,1499700,939190
8/2/2021 11:10,199186,1391600,928079
8/2/2021 11:15,199186,1468200,964906
8/2/2021 11:20,199186,1542630,949089
8/2/2021 11:25,199186,1536980,934457
8/2/2021 11:30,199186,1606160,936879
8/2/2021 11:35,199186,1606320,945394
8/2/2021 11:40,199186,1529710,913779
8/2/2021 11:45,199186,1477250,917999
8/2/2021 11:50,199186,1505390,936801
8/2/2021 11:55,199186,1496770,946578
8/2/2021 12:00,199186,1521580,955517
8/2/2021 12:05,199186,1493990,952762
8/2/2021 12:10,199186,1433740,957166
8/2/2021 12:15,199186,1363080,993899
8/2/2021 12:20,199186,1523170,999500
8/2/2021 12:25,199186,1531390,998846
8/2/2021 12:30,199186,1429570,990208
8/2/2021 12:35,199186,1176100,965068
8/2/2021 12:40,199186,1316460,1004610
8/2/2021 12:45,199186,1399270,1026750
8/2/2021 12:50,199186,1408970,1038820
8/2/2021 12:55,199186,1309370,1004330
8/2/2021 13:00,199186,1430140,1013600
8/2/2021 13:05,199186,1334420,998418
8/2/2021 13:10,199186,1343970,999614
8/2/2021 13:15,199186,1409760,1036850
8/2/2021 13:20,199186,1342380,1015890
8/2/2021 13:25,199186,1402630,1034320
8/2/2021 13:30,199186,1415840,1034650
8/2/2021 13:35,199186,1448460,1028790
8/2/2021 13:40,199186,1412690,1032970
8/2/2021 13:45,199186,1645580,1055050
8/2/2021 13:50,199186,1449700,1009530
8/2/2021 13:55,199186,1277360,992805
8/2/2021 14:00,199186,1324760,1011200
8/2/2021 14:05,199186,1330600,1013110
8/2/2021 14:10,199186,1454560,1042120
8/2/2021 14:15,199186,1509030,1043840
8/2/2021 14:20,199186,1530560,1035070
8/2/2021 14:25,199186,1624350,1085730
8/2/2021 14:30,199186,1513580,1055240
8/2/2021 14:35,199186,1622510,1086960
8/2/2021 14:40,199186,1709300,1115560
8/2/2021 14:45,199186,1547650,1051990
8/2/2021 14:50,199186,1674310,1075610
8/2/2021 14:55,199186,1581330,1047600
8/2/2021 15:00,199186,1627500,1060010
8/2/2021 15:05,199186,1781210,1107260
8/2/2021 15:10,199186,1801390,1088630
8/2/2021 15:15,199186,1837290,1102890
8/2/2021 15:20,199186,1770260,1083660
8/2/2021 15:25,199186,1883540,1098140
8/2/2021 15:30,199186,2036480,1111330
8/2/2021 15:35,199186,1737820,1027000
8/2/2021 15:40,199186,1997070,1114620
8/2/2021 15:45,199186,1783240,1043210
8/2/2021 15:50,199186,2084450,1140350
8/2/2021 15:55,199186,2001790,1097220
8/2/2021 16:00,199186,2086820,1130350
8/2/2021 16:05,199186,1928740,1094690
8/2/2021 16:10,199186,1938040,1100180
8/2/2021 16:15,199186,1944820,1096450
8/2/2021 16:20,199186,2013520,1100860
8/2/2021 16:25,199186,2014800,1090090
8/2/2021 16:30,199186,2041090,1097240
8/2/2021 16:35,199186,2063270,1099050
8/2/2021 16:40,199186,2091300,1105970
8/2/2021 16:45,199186,2080320,1087070
8/2/2021 16:50,199186,2048620,1084720
8/2/2021 16:55,199186,2185670,1132990
8/2/2021 17:00,199186,2267850,1117170
8/2/2021 17:05,199186,2269780,1105840
8/2/2021 17:10,199186,2173190,1054290
8/2/2021 17:15,199186,2162570,1052890
8/2/2021 17:20,199186,2104090,1031870
8/2/2021 17:25,199186,2137780,1044740
8/2/2021 17:30,199186,2195670,1070250
8/2/2021 17:35,199186,2297050,1104970
8/2/2021 17:40,199186,2286340,1084700
8/2/2021 17:45,199186,2213510,1051230
8/2/2021 17:50,199186,2233800,1053390
8/2/2021 17:55,199186,2275430,1061230
8/2/2021 18:00,199186,2270630,1071770
8/2/2021 18:05,199186,2203860,1048330
8/2/2021 18:10,199186,2148860,1026260
8/2/2021 18:15,199186,2203440,1041840
8/2/2021 18:20,199186,2197680,1048380
8/2/2021 18:25,199186,2190130,1049350
8/2/2021 18:30,199186,2196170,1053700
8/2/2021 18:35,199186,2228360,1065330
8/2/2021 18:40,199186,2273230,1075040
8/2/2021 18:45,199186,2143170,1034770
8/2/2021 18:50,199186,2270470,1072100
8/2/2021 18:55,199186,2252490,1056210
8/2/2021 19:00,199186,2294050,1070020
8/2/2021 19:05,199186,2202410,1026550
8/2/2021 19:10,199186,2171690,1001310
8/2/2021 19:15,199186,2175740,1015820
8/2/2021 19:20,199186,2159060,1013020
8/2/2021 19:25,199186,2100280,985311
8/2/2021 19:30,199186,2102820,989932
8/2/2021 19:35,199186,2117050,992382
8/2/2021 19:40,199186,2104940,974344
8/2/2021 19:45,199186,2076570,967505
8/2/2021 19:50,199186,2037960,963257
8/2/2021 19:55,199186,2068190,961855
8/2/2021 20:00,199186,2041910,958116
8/2/2021 20:05,199186,2007160,949158
8/2/2021 20:10,199186,2069000,966882
8/2/2021 20:15,199186,2047360,961615
8/2/2021 20:20,199186,2007160,947094
8/2/2021 20:25,199186,1997050,944166
8/2/2021 20:30,199186,2036420,958408
8/2/2021 20:35,199186,2011790,951134
8/2/2021 20:40,199186,2023760,954654
8/2/2021 20:45,199186,1958010,933838
8/2/2021 20:50,199186,1941510,931065
8/2/2021 20:55,199186,1937050,929148
8/2/2021 21:00,199186,1926640,929742
8/2/2021 21:05,199186,1923980,929391
8/2/2021 21:10,199186,1931840,929709
8/2/2021 21:15,199186,1983000,939615
8/2/2021 21:20,199186,1951430,936324
8/2/2021 21:25,199186,1899090,926402
8/2/2021 21:30,199186,1917690,928837
8/2/2021 21:35,199186,1909600,928523
8/2/2021 21:40,199186,1852250,915631
8/2/2021 21:45,199186,1814200,909673
8/2/2021 21:50,199186,1805720,908221
8/2/2021 21:55,199186,1795550,906463
8/2/2021 22:00,199186,1809130,908941
8/2/2021 22:05,199186,1814710,914632
8/2/2021 22:10,199186,1757980,906577
8/2/2021 22:15,199186,1727690,903937
8/2/2021 22:20,199186,1713750,901016
8/2/2021 22:25,199186,1667200,895838
8/2/2021 22:30,199186,1672110,895449
8/2/2021 22:35,199186,1634460,890869
8/2/2021 22:40,199186,1599060,888494
8/2/2021 22:45,199186,1557500,884821
8/2/2021 22:50,199186,1545850,885027
8/2/2021 22:55,199186,1532750,885635
8/2/2021 23:00,199186,1533950,885400
8/2/2021 23:05,199186,1495840,880220
8/2/2021 23:10,199186,1467590,879145
8/2/2021 23:15,199186,1449400,880293
8/2/2021 23:20,199186,1448240,878927
8/2/2021 23:25,199186,1414800,873926
8/2/2021 23:30,199186,1392870,873207
8/2/2021 23:35,199186,1369110,871709
8/2/2021 23:40,199186,1338240,870699
8/2/2021 23:45,199186,1327780,871297
8/2/2021 23:50,199186,1306180,868288
8/2/2021 23:55,199186,1263660,864228
8/3/2021 0:00,199186,1263400,862511
8/3/2021 0:05,199186,1230370,860197
8/3/2021 0:10,199186,1250140,860282
8/3/2021 0:15,199186,1248800,860528
8/3/2021 0:20,199186,1214800,857672
8/3/2021 0:25,199186,1181570,856045
8/3/2021 0:30,199186,1177340,853746
8/3/2021 0:35,199186,1172970,853296
8/3/2021 0:40,199186,1182790,852429
8/3/2021 0:45,199186,1136320,851523
8/3/2021 0:50,199186,1150880,851679
8/3/2021 0:55,199186,1146990,850478
8/3/2021 1:00,199186,1108240,848707
8/3/2021 1:05,199186,1100690,847733
8/3/2021 1:10,199186,1097420,845572
8/3/2021 1:15,199186,1072390,844597
8/3/2021 1:20,199186,1101750,845371
8/3/2021 1:25,199186,1095510,845425
8/3/2021 1:30,199186,1091590,845355
8/3/2021 1:35,199186,1099670,845465
8/3/2021 1:40,199186,1078960,843167
8/3/2021 1:45,199186,1091660,842965
8/3/2021 1:50,199186,1065240,842278
8/3/2021 1:55,199186,1055030,842177
8/3/2021 2:00,199186,1097640,843231
8/3/2021 2:05,199186,1082790,842400
8/3/2021 2:10,199186,1118680,843313
8/3/2021 2:15,199186,1059200,841776
8/3/2021 2:20,199186,1072970,842152
8/3/2021 2:25,199186,1101110,842909
8/3/2021 2:30,199186,1090640,842613
8/3/2021 2:35,199186,1084740,841055
8/3/2021 2:40,199186,1068770,840712
8/3/2021 2:45,199186,1095660,841009
8/3/2021 2:50,199186,1058940,840377
8/3/2021 2:55,199186,1086440,841217
8/3/2021 3:00,199186,1099540,841870
8/3/2021 3:05,199186,1069050,840735
8/3/2021 3:10,199186,1069050,840495
8/3/2021 3:15,199186,1095430,841025
8/3/2021 3:20,199186,1112380,841360
8/3/2021 3:25,199186,1132430,841494
8/3/2021 3:30,199186,1112180,841120
8/3/2021 3:35,199186,1125010,841406
8/3/2021 3:40,199186,1074800,840376
8/3/2021 3:45,199186,1068800,839945
8/3/2021 3:50,199186,1083510,840466
8/3/2021 3:55,199186,1110390,840697
8/3/2021 4:00,199186,1121530,840932
8/3/2021 4:05,199186,1121380,840844
8/3/2021 4:10,199186,1155920,841994
8/3/2021 4:15,199186,1110430,841432
8/3/2021 4:20,199186,1126350,841035
8/3/2021 4:25,199186,1119830,840606
8/3/2021 4:30,199186,1146950,841352
8/3/2021 4:35,199186,1186200,842320
8/3/2021 4:40,199186,1190000,842323
8/3/2021 4:45,199186,1178160,842314
8/3/2021 4:50,199186,1164750,841625
8/3/2021 4:55,199186,1207640,842283
8/3/2021 5:00,199186,1240990,843361
8/3/2021 5:05,199186,1223540,843666
8/3/2021 5:10,199186,1259600,844323
8/3/2021 5:15,199186,1187520,842925
8/3/2021 5:20,199186,1195890,842613
8/3/2021 5:25,199186,1253130,844224
8/3/2021 5:30,199186,1254350,843827
8/3/2021 5:35,199186,1270740,844198
8/3/2021 5:40,199186,1277640,844445
8/3/2021 5:45,199186,1250600,844317
8/3/2021 5:50,199186,1276980,844154
8/3/2021 5:55,199186,1313340,845318
8/3/2021 6:00,199186,1306170,844721
8/3/2021 6:05,199186,1352030,845681
8/3/2021 6:10,199186,1343070,845678
8/3/2021 6:15,199186,1290860,844114
8/3/2021 6:20,199186,1302860,844022
8/3/2021 6:25,199186,1314700,844240
8/3/2021 6:30,199186,1336090,845845
8/3/2021 6:35,199186,1317170,845156
8/3/2021 6:40,199186,1317500,845294
8/3/2021 6:45,199186,1291980,845255
8/3/2021 6:50,199186,1306190,845819
8/3/2021 6:55,199186,1329430,846978
8/3/2021 7:00,199186,1302390,845675
8/3/2021 7:05,199186,1353280,850348
8/3/2021 7:10,199186,1373050,851635
8/3/2021 7:15,199186,1350080,850860
8/3/2021 7:20,199186,1357150,852687
8/3/2021 7:25,199186,1340950,853018
8/3/2021 7:30,199186,1317140,853391
8/3/2021 7:35,199186,1300560,852235
8/3/2021 7:40,199186,1329060,858489
8/3/2021 7:45,199186,1314910,858480
8/3/2021 7:50,199186,1361910,861420
8/3/2021 7:55,199186,1343980,861459
8/3/2021 8:00,199186,1309680,861311
8/3/2021 8:05,199186,1352250,864482
8/3/2021 8:10,199186,1322180,865657
8/3/2021 8:15,199186,1270870,865567
8/3/2021 8:20,199186,1293110,866526
8/3/2021 8:25,199186,1299890,865146
8/3/2021 8:30,199186,1302550,865173
8/3/2021 8:35,199186,1293870,867956
8/3/2021 8:40,199186,1334650,877531
8/3/2021 8:45,199186,1280900,873882
8/3/2021 8:50,199186,1281900,878508
8/3/2021 8:55,199186,1267830,880697
8/3/2021 9:00,199186,1250960,880889
8/3/2021 9:05,199186,1260770,880827
8/3/2021 9:10,199186,1213870,880690
8/3/2021 9:15,199186,1223130,882030
8/3/2021 9:20,199186,1227550,886669
8/3/2021 9:25,199186,1242140,889176
8/3/2021 9:30,199186,1213230,889132
8/3/2021 9:35,199186,1230160,894258
8/3/2021 9:40,199186,1170870,886261
8/3/2021 9:45,199186,1177120,888399
8/3/2021 9:50,199186,1201130,894517
8/3/2021 9:55,199186,1178550,890844
8/3/2021 10:00,199186,1190080,900314
8/3/2021 10:05,199186,1188730,906326
8/3/2021 10:10,199186,1212220,908877
8/3/2021 10:15,199186,1156940,898706
8/3/2021 10:20,199186,1129560,902344
8/3/2021 10:25,199186,1146440,911793
8/3/2021 10:30,199186,1123980,912514
8/3/2021 10:35,199186,1103190,901725
8/3/2021 10:40,199186,1140390,916030
8/3/2021 10:45,199186,1157040,922569
8/3/2021 10:50,199186,1158920,918839
8/3/2021 10:55,199186,1135460,921603
8/3/2021 11:00,199186,1161500,937824
8/3/2021 11:05,199186,1107400,922570
8/3/2021 11:10,199186,1132930,924696
8/3/2021 11:15,199186,1179760,940685
8/3/2021 11:20,199186,1274340,967390
8/3/2021 11:25,199186,1189360,939713
8/3/2021 11:30,199186,1205150,954621
8/3/2021 11:35,199186,1268620,975141
8/3/2021 11:40,199186,1226400,958904
8/3/2021 11:45,199186,1220650,968841
8/3/2021 11:50,199186,1194100,960262
8/3/2021 11:55,199186,1170280,951198
8/3/2021 12:00,199186,1236150,968029
8/3/2021 12:05,199186,1238340,967816
8/3/2021 12:10,199186,1251250,979293
8/3/2021 12:15,199186,1253160,979840
8/3/2021 12:20,199186,1299730,994086
8/3/2021 12:25,199186,1220900,971616
8/3/2021 12:30,199186,1231540,972547
8/3/2021 12:35,199186,1311560,1023640
8/3/2021 12:40,199186,1268700,993529
8/3/2021 12:45,199186,1245740,978237
8/3/2021 12:50,199186,1279800,994037
8/3/2021 12:55,199186,1279280,1004020
8/3/2021 13:00,199186,1359490,1030340
8/3/2021 13:05,199186,1370630,1018350
8/3/2021 13:10,199186,1301190,992796
8/3/2021 13:15,199186,1335320,1015690
8/3/2021 13:20,199186,1319170,1013050
8/3/2021 13:25,199186,1384770,1034540
8/3/2021 13:30,199186,1358590,1029370
8/3/2021 13:35,199186,1376540,1019680
8/3/2021 13:40,199186,1395240,1029750
8/3/2021 13:45,199186,1308800,1004940
8/3/2021 13:50,199186,1485660,1082360
8/3/2021 13:55,199186,1427680,1056890
8/3/2021 14:00,199186,1355950,1024590
8/3/2021 14:05,199186,1334980,1025450
8/3/2021 14:10,199186,1377410,1018550
8/3/2021 14:15,199186,1660160,1117940
8/3/2021 14:20,199186,1473390,1026100
8/3/2021 14:25,199186,1525140,1057980
8/3/2021 14:30,199186,1509870,1061990
8/3/2021 14:35,199186,1618960,1100960
8/3/2021 14:40,199186,1559360,1070560
8/3/2021 14:45,199186,1537060,1058400
8/3/2021 14:50,199186,1671130,1094280
8/3/2021 14:55,199186,1767060,1127050
8/3/2021 15:00,199186,1670200,1085200
8/3/2021 15:05,199186,1822040,1125240
8/3/2021 15:10,199186,1649360,1068710
8/3/2021 15:15,199186,1823600,1129400
8/3/2021 15:20,199186,1845390,1114870
8/3/2021 15:25,199186,1863530,1117150
8/3/2021 15:30,199186,1864010,1105650
8/3/2021 15:35,199186,1815400,1098630
8/3/2021 15:40,199186,1989620,1153530
8/3/2021 15:45,199186,1928000,1119170
8/3/2021 15:50,199186,2015560,1150330
8/3/2021 15:55,199186,1833560,1068320
8/3/2021 16:00,199186,1997190,1133420
8/3/2021 16:05,199186,1988870,1126170
8/3/2021 16:10,199186,1980980,1116870
8/3/2021 16:15,199186,2085480,1157550
8/3/2021 16:20,199186,2016360,1120080
8/3/2021 16:25,199186,2145600,1155750
8/3/2021 16:30,199186,2076030,1122040
8/3/2021 16:35,199186,2104210,1133160
8/3/2021 16:40,199186,2047730,1099460
8/3/2021 16:45,199186,2196150,1160510
8/3/2021 16:50,199186,2086120,1111010
8/3/2021 16:55,199186,2148990,1130830
8/3/2021 17:00,199186,2276580,1167440
8/3/2021 17:05,199186,2061460,1075750
8/3/2021 17:10,199186,2235310,1135670
8/3/2021 17:15,199186,2212810,1123630
8/3/2021 17:20,199186,2184250,1112310
8/3/2021 17:25,199186,2161670,1101740
8/3/2021 17:30,199186,2242340,1116110
8/3/2021 17:35,199186,2268370,1116820
8/3/2021 17:40,199186,2387080,1159350
8/3/2021 17:45,199186,2257190,1098180
8/3/2021 17:50,199186,2408720,1152420
8/3/2021 17:55,199186,2249580,1085830
8/3/2021 18:00,199186,2404020,1148810
8/3/2021 18:05,199186,2230200,1073370
8/3/2021 18:10,199186,2395300,1138230
8/3/2021 18:15,199186,2290240,1088990
8/3/2021 18:20,199186,2260710,1078830
8/3/2021 18:25,199186,2262340,1088670
8/3/2021 18:30,199186,2190400,1046620
8/3/2021 18:35,199186,2313310,1095330
8/3/2021 18:40,199186,2278440,1071320
8/3/2021 18:45,199186,2250230,1066010
8/3/2021 18:50,199186,2248440,1059510
8/3/2021 18:55,199186,2233970,1042160
8/3/2021 19:00,199186,2238000,1042740
8/3/2021 19:05,199186,2250140,1034680
8/3/2021 19:10,199186,2247030,1029680
8/3/2021 19:15,199186,2241140,1037580
8/3/2021 19:20,199186,2129100,995927
8/3/2021 19:25,199186,2153990,1005140
8/3/2021 19:30,199186,2167070,1021000
8/3/2021 19:35,199186,2098960,982538
8/3/2021 19:40,199186,2208750,1008320
8/3/2021 19:45,199186,2096730,978295
8/3/2021 19:50,199186,2031500,958697
8/3/2021 19:55,199186,2065570,970732
8/3/2021 20:00,199186,2095450,980526
8/3/2021 20:05,199186,2057800,971729
8/3/2021 20:10,199186,2039840,955055
8/3/2021 20:15,199186,2048620,964216
8/3/2021 20:20,199186,2061300,967751
8/3/2021 20:25,199186,2109600,989958
8/3/2021 20:30,199186,2090890,979146
8/3/2021 20:35,199186,2054840,964871
8/3/2021 20:40,199186,1972350,939447
8/3/2021 20:45,199186,1943250,929381
8/3/2021 20:50,199186,1949230,935822
8/3/2021 20:55,199186,1958190,938277
8/3/2021 21:00,199186,1947170,934141
8/3/2021 21:05,199186,1946320,939032
8/3/2021 21:10,199186,1926920,926188
8/3/2021 21:15,199186,1963220,932930
8/3/2021 21:20,199186,1938730,932944
8/3/2021 21:25,199186,1908710,928099
8/3/2021 21:30,199186,1935810,937343
8/3/2021 21:35,199186,1918770,929955
8/3/2021 21:40,199186,1876490,925624
8/3/2021 21:45,199186,1859660,927188
8/3/2021 21:50,199186,1803940,905505
8/3/2021 21:55,199186,1795240,906953
8/3/2021 22:00,199186,1789180,903603
8/3/2021 22:05,199186,1798280,908850
8/3/2021 22:10,199186,1752960,908842
8/3/2021 22:15,199186,1717930,900322
8/3/2021 22:20,199186,1716670,901515
8/3/2021 22:25,199186,1677690,896309
8/3/2021 22:30,199186,1656970,893859
8/3/2021 22:35,199186,1639540,892183
8/3/2021 22:40,199186,1587080,886056
8/3/2021 22:45,199186,1553530,883177
8/3/2021 22:50,199186,1531180,881022
8/3/2021 22:55,199186,1518080,881538
8/3/2021 23:00,199186,1536460,885146
8/3/2021 23:05,199186,1519250,887445
8/3/2021 23:10,199186,1499760,889821
8/3/2021 23:15,199186,1476540,885281
8/3/2021 23:20,199186,1476200,886583
8/3/2021 23:25,199186,1428150,879894
8/3/2021 23:30,199186,1406410,879268
8/3/2021 23:35,199186,1378410,874700
8/3/2021 23:40,199186,1348550,871408
8/3/2021 23:45,199186,1315790,866228
8/3/2021 23:50,199186,1291340,864582
8/3/2021 23:55,199186,1250990,860217
8/4/2021 0:00,199186,1246310,859969
8/4/2021 0:05,199186,1231170,859205
8/4/2021 0:10,199186,1237650,858994
8/4/2021 0:15,199186,1254270,860637
8/4/2021 0:20,199186,1206720,856608
8/4/2021 0:25,199186,1175540,855551
8/4/2021 0:30,199186,1174100,853851
8/4/2021 0:35,199186,1177330,853434
8/4/2021 0:40,199186,1175260,851796
8/4/2021 0:45,199186,1134560,850819
8/4/2021 0:50,199186,1147410,850881
8/4/2021 0:55,199186,1143230,850403
8/4/2021 1:00,199186,1106320,847757
8/4/2021 1:05,199186,1102920,847508
8/4/2021 1:10,199186,1093500,845868
8/4/2021 1:15,199186,1078150,845046
8/4/2021 1:20,199186,1122140,845571
8/4/2021 1:25,199186,1097540,845293
8/4/2021 1:30,199186,1098120,845475
8/4/2021 1:35,199186,1090950,845633
8/4/2021 1:40,199186,1091840,843813
8/4/2021 1:45,199186,1082010,843199
8/4/2021 1:50,199186,1061500,842679
8/4/2021 1:55,199186,1057220,843604
8/4/2021 2:00,199186,1085170,844197
8/4/2021 2:05,199186,1088160,842545
8/4/2021 2:10,199186,1099740,842815
8/4/2021 2:15,199186,1059670,841827
8/4/2021 2:20,199186,1058990,841960
8/4/2021 2:25,199186,1101130,842890
8/4/2021 2:30,199186,1094620,842788
8/4/2021 2:35,199186,1097530,841262
8/4/2021 2:40,199186,1075400,840969
8/4/2021 2:45,199186,1070970,840932
8/4/2021 2:50,199186,1061630,840362
8/4/2021 2:55,199186,1082180,841176
8/4/2021 3:00,199186,1088770,841622
8/4/2021 3:05,199186,1053290,840422
8/4/2021 3:10,199186,1071260,840515
8/4/2021 3:15,199186,1103890,841226
8/4/2021 3:20,199186,1085900,840703
8/4/2021 3:25,199186,1140240,841893
8/4/2021 3:30,199186,1135940,841803
8/4/2021 3:35,199186,1100550,841140
8/4/2021 3:40,199186,1065700,840304
8/4/2021 3:45,199186,1062970,839822
8/4/2021 3:50,199186,1081440,840442
8/4/2021 3:55,199186,1128670,841147
8/4/2021 4:00,199186,1117810,840895
8/4/2021 4:05,199186,1122480,840927
8/4/2021 4:10,199186,1173470,842275
8/4/2021 4:15,199186,1105730,840872
8/4/2021 4:20,199186,1119980,841086
8/4/2021 4:25,199186,1109350,840694
8/4/2021 4:30,199186,1167110,841400
8/4/2021 4:35,199186,1184080,842328
8/4/2021 4:40,199186,1193880,842479
8/4/2021 4:45,199186,1184730,842350
8/4/2021 4:50,199186,1180890,841942
8/4/2021 4:55,199186,1209450,842612
8/4/2021 5:00,199186,1233840,843588
8/4/2021 5:05,199186,1235470,843983
8/4/2021 5:10,199186,1226110,843635
8/4/2021 5:15,199186,1183710,842875
8/4/2021 5:20,199186,1187790,842380
8/4/2021 5:25,199186,1246930,843761
8/4/2021 5:30,199186,1267690,844125
8/4/2021 5:35,199186,1285900,844598
8/4/2021 5:40,199186,1298390,845267
8/4/2021 5:45,199186,1257700,844931
8/4/2021 5:50,199186,1263810,844536
8/4/2021 5:55,199186,1298300,844915
8/4/2021 6:00,199186,1306110,844667
8/4/2021 6:05,199186,1351890,845435
8/4/2021 6:10,199186,1369710,846377
8/4/2021 6:15,199186,1314690,844633
8/4/2021 6:20,199186,1312550,844416
8/4/2021 6:25,199186,1340090,845916
8/4/2021 6:30,199186,1362060,848018
8/4/2021 6:35,199186,1327600,846160
8/4/2021 6:40,199186,1320640,845633
8/4/2021 6:45,199186,1306370,845481
8/4/2021 6:50,199186,1322990,846260
8/4/2021 6:55,199186,1342200,847458
8/4/2021 7:00,199186,1341160,847205
8/4/2021 7:05,199186,1370700,851258
8/4/2021 7:10,199186,1386400,852462
8/4/2021 7:15,199186,1374390,854150
8/4/2021 7:20,199186,1383970,853834
8/4/2021 7:25,199186,1350460,853650
8/4/2021 7:30,199186,1332240,854669
8/4/2021 7:35,199186,1311700,855433
8/4/2021 7:40,199186,1340480,861366
8/4/2021 7:45,199186,1329860,860412
8/4/2021 7:50,199186,1364130,862117
8/4/2021 7:55,199186,1364880,865812
8/4/2021 8:00,199186,1337440,868269
8/4/2021 8:05,199186,1368020,871778
8/4/2021 8:10,199186,1337950,869977
8/4/2021 8:15,199186,1288230,866754
8/4/2021 8:20,199186,1321810,869275
8/4/2021 8:25,199186,1305220,870744
8/4/2021 8:30,199186,1312880,874690
8/4/2021 8:35,199186,1350140,884256
8/4/2021 8:40,199186,1353830,885688
8/4/2021 8:45,199186,1309210,881253
8/4/2021 8:50,199186,1317770,887309
8/4/2021 8:55,199186,1300670,891650
8/4/2021 9:00,199186,1322340,889049
8/4/2021 9:05,199186,1336840,896726
8/4/2021 9:10,199186,1309350,899417
8/4/2021 9:15,199186,1307460,910861
8/4/2021 9:20,199186,1286270,901740
8/4/2021 9:25,199186,1315760,905680
8/4/2021 9:30,199186,1279260,903561
8/4/2021 9:35,199186,1293330,914436
8/4/2021 9:40,199186,1272930,917140
8/4/2021 9:45,199186,1298490,934507
8/4/2021 9:50,199186,1249790,906577
8/4/2021 9:55,199186,1286620,932981
8/4/2021 10:00,199186,1315730,934219
8/4/2021 10:05,199186,1237580,920571
8/4/2021 10:10,199186,1292230,929725
8/4/2021 10:15,199186,1283940,939957
8/4/2021 10:20,199186,1190460,932844
8/4/2021 10:25,199186,1312470,950648
8/4/2021 10:30,199186,1312890,956524
8/4/2021 10:35,199186,1286510,949016
8/4/2021 10:40,199186,1225880,957922
8/4/2021 10:45,199186,1250790,968251
8/4/2021 10:50,199186,1333630,993858
8/4/2021 10:55,199186,1362700,1009270
8/4/2021 11:00,199186,1371230,1014440
8/4/2021 11:05,199186,1552840,1003950
8/4/2021 11:10,199186,1755570,1008540
8/4/2021 11:15,199186,1521760,960984
8/4/2021 11:20,199186,1320040,963209
8/4/2021 11:25,199186,1609330,1038110
8/4/2021 11:30,199186,1727900,1002650
8/4/2021 11:35,199186,1399460,965207
8/4/2021 11:40,199186,1836340,1042990
8/4/2021 11:45,199186,1345770,988502
8/4/2021 11:50,199186,1411320,1041250
8/4/2021 11:55,199186,1365410,1006360
8/4/2021 12:00,199186,1400500,1029750
8/4/2021 12:05,199186,1310640,998658
8/4/2021 12:10,199186,1612020,1110540
8/4/2021 12:15,199186,1459260,1054370
8/4/2021 12:20,199186,1496060,1067720
8/4/2021 12:25,199186,1410890,1038150
8/4/2021 12:30,199186,1439990,1038180
8/4/2021 12:35,199186,1558350,1105550
8/4/2021 12:40,199186,1464570,1063900
8/4/2021 12:45,199186,1529520,1089830
8/4/2021 12:50,199186,1395100,1041890
8/4/2021 12:55,199186,1432030,1061780
8/4/2021 13:00,199186,1511940,1086720
8/4/2021 13:05,199186,1441060,1039540
8/4/2021 13:10,199186,1651510,1132390
8/4/2021 13:15,199186,1443820,1054900
8/4/2021 13:20,199186,1653620,1140430
8/4/2021 13:25,199186,1449260,1050950
8/4/2021 13:30,199186,1589640,1112430
8/4/2021 13:35,199186,1496890,1063860
8/4/2021 13:40,199186,1585430,1098990
8/4/2021 13:45,199186,1622870,1125610
8/4/2021 13:50,199186,1441310,1067290
8/4/2021 13:55,199186,1523510,1093780
8/4/2021 14:00,199186,1518520,1089610
8/4/2021 14:05,199186,1588220,1137790
8/4/2021 14:10,199186,1558690,1100230
8/4/2021 14:15,199186,1767680,1160970
8/4/2021 14:20,199186,1604620,1078200
8/4/2021 14:25,199186,1623690,1106820
8/4/2021 14:30,199186,1777530,1165330
8/4/2021 14:35,199186,1558180,1078610
8/4/2021 14:40,199186,1634590,1100360
8/4/2021 14:45,199186,1764760,1146670
8/4/2021 14:50,199186,1997220,1168930
8/4/2021 14:55,199186,1869490,1122820
8/4/2021 15:00,199186,1989920,1128130
8/4/2021 15:05,199186,1870540,1115030
8/4/2021 15:10,199186,1839090,1139610
8/4/2021 15:15,199186,1888540,1154810
8/4/2021 15:20,199186,2025020,1190250
8/4/2021 15:25,199186,1954260,1143330
8/4/2021 15:30,199186,2048480,1193390
8/4/2021 15:35,199186,1949880,1153590
8/4/2021 15:40,199186,2052520,1182380
8/4/2021 15:45,199186,2028720,1166190
8/4/2021 15:50,199186,2242640,1177410
8/4/2021 15:55,199186,2328690,1144010
8/4/2021 16:00,199186,2059710,1127650
8/4/2021 16:05,199186,2009980,1125120
8/4/2021 16:10,199186,2139430,1177940
8/4/2021 16:15,199186,2127050,1176430
8/4/2021 16:20,199186,2110250,1151300
8/4/2021 16:25,199186,2167670,1153200
8/4/2021 16:30,199186,2113240,1134460
8/4/2021 16:35,199186,2269150,1192760
8/4/2021 16:40,199186,2184830,1154160
8/4/2021 16:45,199186,2263120,1178760
8/4/2021 16:50,199186,2249510,1181590
8/4/2021 16:55,199186,2289720,1173570
8/4/2021 17:00,199186,2292800,1162320
8/4/2021 17:05,199186,2312000,1166250
8/4/2021 17:10,199186,2352980,1169640
8/4/2021 17:15,199186,2342990,1163010
8/4/2021 17:20,199186,2392400,1187360
8/4/2021 17:25,199186,2323240,1147350
8/4/2021 17:30,199186,2423210,1179430
8/4/2021 17:35,199186,2474450,1189440
8/4/2021 17:40,199186,2352490,1129860
8/4/2021 17:45,199186,2506920,1194120
8/4/2021 17:50,199186,2364350,1125210
8/4/2021 17:55,199186,2401480,1138460
8/4/2021 18:00,199186,2422670,1131840
8/4/2021 18:05,199186,2404150,1101720
8/4/2021 18:10,199186,2382800,1099510
8/4/2021 18:15,199186,2298390,1089360
8/4/2021 18:20,199186,2535120,1174310
8/4/2021 18:25,199186,2401800,1137190
8/4/2021 18:30,199186,2392820,1118320
8/4/2021 18:35,199186,2362520,1109800
8/4/2021 18:40,199186,2426520,1107060
8/4/2021 18:45,199186,2383440,1103710
8/4/2021 18:50,199186,2365280,1090410
8/4/2021 18:55,199186,2364300,1091710
8/4/2021 19:00,199186,2306410,1061360
8/4/2021 19:05,199186,2413840,1097290
8/4/2021 19:10,199186,2312890,1056950
8/4/2021 19:15,199186,2228660,1028510
8/4/2021 19:20,199186,2384380,1096470
8/4/2021 19:25,199186,2329500,1071330
8/4/2021 19:30,199186,2272200,1054820
8/4/2021 19:35,199186,2238240,1034450
8/4/2021 19:40,199186,2306270,1043680
8/4/2021 19:45,199186,2247260,1034300
8/4/2021 19:50,199186,2200330,1023790
8/4/2021 19:55,199186,2161810,1000240
8/4/2021 20:00,199186,2227380,1034520
8/4/2021 20:05,199186,2223420,1032770
8/4/2021 20:10,199186,2310890,1051270
8/4/2021 20:15,199186,2252140,1034860
8/4/2021 20:20,199186,2249750,1036090
8/4/2021 20:25,199186,2165080,1006540
8/4/2021 20:30,199186,2237170,1035040
8/4/2021 20:35,199186,2180660,1012580
8/4/2021 20:40,199186,2168360,1008540
8/4/2021 20:45,199186,2120740,996713
8/4/2021 20:50,199186,2095680,990768
8/4/2021 20:55,199186,2105170,989465
8/4/2021 21:00,199186,2063150,973414
8/4/2021 21:05,199186,2098790,993920
8/4/2021 21:10,199186,2144600,1008470
8/4/2021 21:15,199186,2159690,1005060
8/4/2021 21:20,199186,2152330,1010350
8/4/2021 21:25,199186,2074700,985505
8/4/2021 21:30,199186,2028110,967190
8/4/2021 21:35,199186,2043020,973766
8/4/2021 21:40,199186,1969220,956761
8/4/2021 21:45,199186,1924480,947969
8/4/2021 21:50,199186,1948250,959634
8/4/2021 21:55,199186,1960100,965281
8/4/2021 22:00,199186,1916350,949337
8/4/2021 22:05,199186,1869690,932879
8/4/2021 22:10,199186,1827700,932674
8/4/2021 22:15,199186,1779690,921990
8/4/2021 22:20,199186,1762940,917603
8/4/2021 22:25,199186,1707450,910958
8/4/2021 22:30,199186,1711090,912045
8/4/2021 22:35,199186,1684080,905038
8/4/2021 22:40,199186,1650780,907219
8/4/2021 22:45,199186,1593610,896560
8/4/2021 22:50,199186,1587940,900791
8/4/2021 22:55,199186,1571080,895193
8/4/2021 23:00,199186,1568470,896993
8/4/2021 23:05,199186,1531460,894759
8/4/2021 23:10,199186,1504950,892596
8/4/2021 23:15,199186,1488510,893516
8/4/2021 23:20,199186,1484550,892478
8/4/2021 23:25,199186,1441460,883911
8/4/2021 23:30,199186,1443840,892187
8/4/2021 23:35,199186,1429690,891839
8/4/2021 23:40,199186,1383650,884278
8/4/2021 23:45,199186,1373840,885741
8/4/2021 23:50,199186,1317260,871815
8/4/2021 23:55,199186,1269610,863577
8/5/2021 0:00,199186,1261920,866150
8/5/2021 0:05,199186,1248730,865760
8/5/2021 0:10,199186,1255090,863247
8/5/2021 0:15,199186,1261280,862253
8/5/2021 0:20,199186,1215320,858546
8/5/2021 0:25,199186,1200450,859713
8/5/2021 0:30,199186,1187180,858294
8/5/2021 0:35,199186,1178750,856939
8/5/2021 0:40,199186,1176740,853086
8/5/2021 0:45,199186,1141060,851755
8/5/2021 0:50,199186,1150160,851414
8/5/2021 0:55,199186,1143770,850419
8/5/2021 1:00,199186,1098320,847797
8/5/2021 1:05,199186,1094810,847353
8/5/2021 1:10,199186,1098340,845940
8/5/2021 1:15,199186,1070690,844936
8/5/2021 1:20,199186,1108270,845590
8/5/2021 1:25,199186,1105190,846017
8/5/2021 1:30,199186,1106530,845905
8/5/2021 1:35,199186,1095800,845308
8/5/2021 1:40,199186,1081120,843218
8/5/2021 1:45,199186,1087880,843636
8/5/2021 1:50,199186,1060950,842639
8/5/2021 1:55,199186,1071780,842567
8/5/2021 2:00,199186,1071600,842578
8/5/2021 2:05,199186,1086950,842415
8/5/2021 2:10,199186,1106740,843080
8/5/2021 2:15,199186,1061740,842159
8/5/2021 2:20,199186,1076730,842215
8/5/2021 2:25,199186,1103320,843011
8/5/2021 2:30,199186,1113430,843195
8/5/2021 2:35,199186,1086330,841126
8/5/2021 2:40,199186,1072560,840795
8/5/2021 2:45,199186,1076270,840838
8/5/2021 2:50,199186,1080540,840843
8/5/2021 2:55,199186,1079320,841490
8/5/2021 3:00,199186,1094240,841783
8/5/2021 3:05,199186,1063280,840887
8/5/2021 3:10,199186,1075020,840592
8/5/2021 3:15,199186,1103980,841266
8/5/2021 3:20,199186,1096750,840885
8/5/2021 3:25,199186,1120580,841293
8/5/2021 3:30,199186,1111410,840979
8/5/2021 3:35,199186,1100490,841140
8/5/2021 3:40,199186,1070180,839975
8/5/2021 3:45,199186,1057070,839765
8/5/2021 3:50,199186,1082530,840448
8/5/2021 3:55,199186,1124850,840971
8/5/2021 4:00,199186,1140090,841193
8/5/2021 4:05,199186,1122460,840898
8/5/2021 4:10,199186,1164450,842113
8/5/2021 4:15,199186,1104680,840969
8/5/2021 4:20,199186,1140040,841559
8/5/2021 4:25,199186,1103950,840627
8/5/2021 4:30,199186,1151470,841130
8/5/2021 4:35,199186,1192940,842743
8/5/2021 4:40,199186,1200070,842989
8/5/2021 4:45,199186,1199640,842592
8/5/2021 4:50,199186,1176090,841835
8/5/2021 4:55,199186,1217800,842484
8/5/2021 5:00,199186,1247940,843440
8/5/2021 5:05,199186,1230130,843800
8/5/2021 5:10,199186,1227080,843896
8/5/2021 5:15,199186,1194240,843448
8/5/2021 5:20,199186,1178270,842774
8/5/2021 5:25,199186,1246070,843985
8/5/2021 5:30,199186,1272280,845029
8/5/2021 5:35,199186,1271150,844600
8/5/2021 5:40,199186,1278290,844624
8/5/2021 5:45,199186,1251100,844354
8/5/2021 5:50,199186,1276960,844008
8/5/2021 5:55,199186,1298710,844805
8/5/2021 6:00,199186,1296860,844753
8/5/2021 6:05,199186,1350100,847538
8/5/2021 6:10,199186,1360370,848228
8/5/2021 6:15,199186,1342240,845742
8/5/2021 6:20,199186,1326390,846267
8/5/2021 6:25,199186,1348130,845967
8/5/2021 6:30,199186,1354910,846872
8/5/2021 6:35,199186,1328370,845496
8/5/2021 6:40,199186,1347530,847379
8/5/2021 6:45,199186,1325230,848232
8/5/2021 6:50,199186,1380660,850704
8/5/2021 6:55,199186,1399620,849509
8/5/2021 7:00,199186,1370710,848905
8/5/2021 7:05,199186,1425980,855212
8/5/2021 7:10,199186,1438060,856441
8/5/2021 7:15,199186,1437580,855218
8/5/2021 7:20,199186,1448890,857165
8/5/2021 7:25,199186,1431640,857313
8/5/2021 7:30,199186,1420830,856592
8/5/2021 7:35,199186,1401410,858864
8/5/2021 7:40,199186,1432490,863155
8/5/2021 7:45,199186,1434900,866281
8/5/2021 7:50,199186,1479460,869939
8/5/2021 7:55,199186,1477540,869808
8/5/2021 8:00,199186,1463580,871910
8/5/2021 8:05,199186,1535320,879632
8/5/2021 8:10,199186,1480960,874630
8/5/2021 8:15,199186,1399950,868754
8/5/2021 8:20,199186,1458600,873782
8/5/2021 8:25,199186,1449730,874947
8/5/2021 8:30,199186,1481320,877371
8/5/2021 8:35,199186,1498320,883836
8/5/2021 8:40,199186,1531400,888351
8/5/2021 8:45,199186,1514880,889395
8/5/2021 8:50,199186,1530940,898135
8/5/2021 8:55,199186,1487540,894151
8/5/2021 9:00,199186,1501000,899938
8/5/2021 9:05,199186,1486190,897267
8/5/2021 9:10,199186,1462420,904256
8/5/2021 9:15,199186,1429240,891765
8/5/2021 9:20,199186,1460140,895347
8/5/2021 9:25,199186,1506180,907107
8/5/2021 9:30,199186,1467590,898708
8/5/2021 9:35,199186,1459560,904269
8/5/2021 9:40,199186,1398200,905773
8/5/2021 9:45,199186,1429410,921821
8/5/2021 9:50,199186,1484560,927953
8/5/2021 9:55,199186,1501340,936262
8/5/2021 10:00,199186,1397200,922081
8/5/2021 10:05,199186,1296550,926814
8/5/2021 10:10,199186,1310390,947077
8/5/2021 10:15,199186,1280120,938250
8/5/2021 10:20,199186,1364180,977943
8/5/2021 10:25,199186,1333200,959686
8/5/2021 10:30,199186,1327300,975566
8/5/2021 10:35,199186,1338990,983691
8/5/2021 10:40,199186,1458390,995386
8/5/2021 10:45,199186,1384640,993217
8/5/2021 10:50,199186,1453760,1019830
8/5/2021 10:55,199186,1390620,1003530
8/5/2021 11:00,199186,1388020,1009220
8/5/2021 11:05,199186,1353830,997195
8/5/2021 11:10,199186,1453070,1036280
8/5/2021 11:15,199186,1389620,1009270
8/5/2021 11:20,199186,1466200,1031960
8/5/2021 11:25,199186,1568040,1041530
8/5/2021 11:30,199186,1440080,988498
8/5/2021 11:35,199186,1670420,1053680
8/5/2021 11:40,199186,1413470,1014240
8/5/2021 11:45,199186,1365130,1019520
8/5/2021 11:50,199186,1489450,1068280
8/5/2021 11:55,199186,1783590,1073940
8/5/2021 12:00,199186,1576020,1054550
8/5/2021 12:05,199186,1673090,1059120
8/5/2021 12:10,199186,1453360,1060940
8/5/2021 12:15,199186,1482210,1074130
8/5/2021 12:20,199186,1529560,1081510
8/5/2021 12:25,199186,1821430,1089900
8/5/2021 12:30,199186,1824210,1055690
8/5/2021 12:35,199186,1639500,1004520
8/5/2021 12:40,199186,1666550,1074090
8/5/2021 12:45,199186,1662310,1069320
8/5/2021 12:50,199186,1500380,1093190
8/5/2021 12:55,199186,1496560,1088590
8/5/2021 13:00,199186,1661470,1121290
8/5/2021 13:05,199186,1540400,1095910
8/5/2021 13:10,199186,1599910,1101420
8/5/2021 13:15,199186,1804370,1152390
8/5/2021 13:20,199186,1786090,1086120
8/5/2021 13:25,199186,1839860,1089180
8/5/2021 13:30,199186,1849390,1084890
8/5/2021 13:35,199186,1964220,1099310
8/5/2021 13:40,199186,1915480,1060010
8/5/2021 13:45,199186,1839300,1029000
8/5/2021 13:50,199186,1887620,1057030
8/5/2021 13:55,199186,1897930,1055690
8/5/2021 14:00,199186,1970650,1074790
8/5/2021 14:05,199186,1916850,1067200
8/5/2021 14:10,199186,2073890,1109720
8/5/2021 14:15,199186,1967630,1054780
8/5/2021 14:20,199186,2054360,1071680
8/5/2021 14:25,199186,2009090,1070310
8/5/2021 14:30,199186,2003740,1078450
8/5/2021 14:35,199186,2010090,1080790
8/5/2021 14:40,199186,1923300,1053620
8/5/2021 14:45,199186,1943360,1052280
8/5/2021 14:50,199186,1942150,1057350
8/5/2021 14:55,199186,2092970,1113350
8/5/2021 15:00,199186,2084370,1109130
8/5/2021 15:05,199186,2109050,1099770
8/5/2021 15:10,199186,2113560,1113140
8/5/2021 15:15,199186,2144010,1116680
8/5/2021 15:20,199186,2153270,1110460
8/5/2021 15:25,199186,2169020,1107560
8/5/2021 15:30,199186,2194060,1106900
8/5/2021 15:35,199186,2202930,1113530
8/5/2021 15:40,199186,2170320,1084210
8/5/2021 15:45,199186,2125300,1079170
8/5/2021 15:50,199186,2257490,1128590
8/5/2021 15:55,199186,2251060,1123730
8/5/2021 16:00,199186,2278520,1140510
8/5/2021 16:05,199186,2201430,1112520
8/5/2021 16:10,199186,2244440,1141550
8/5/2021 16:15,199186,1946520,1078100
8/5/2021 16:20,199186,2154940,1144460
8/5/2021 16:25,199186,2186080,1142070
8/5/2021 16:30,199186,1966470,1128480
8/5/2021 16:35,199186,2265170,1180730
8/5/2021 16:40,199186,2304650,1190380
8/5/2021 16:45,199186,2279210,1125730
8/5/2021 16:50,199186,2219660,1097820
8/5/2021 16:55,199186,2192940,1078820
8/5/2021 17:00,199186,2244530,1090580
8/5/2021 17:05,199186,2265330,1093670
8/5/2021 17:10,199186,2329840,1107730
8/5/2021 17:15,199186,2232050,1069140
8/5/2021 17:20,199186,2284720,1096090
8/5/2021 17:25,199186,2096650,1079750
8/5/2021 17:30,199186,2159060,1102060
8/5/2021 17:35,199186,2479890,1231140
8/5/2021 17:40,199186,2264740,1121840
8/5/2021 17:45,199186,2367310,1170310
8/5/2021 17:50,199186,2289470,1125940
8/5/2021 17:55,199186,2459890,1185610
8/5/2021 18:00,199186,2446250,1177450
8/5/2021 18:05,199186,2362820,1143080
8/5/2021 18:10,199186,2427390,1154340
8/5/2021 18:15,199186,2417840,1141370
8/5/2021 18:20,199186,2426480,1140540
8/5/2021 18:25,199186,2250400,1076540
8/5/2021 18:30,199186,2401910,1116830
8/5/2021 18:35,199186,2291190,1070370
8/5/2021 18:40,199186,2394700,1111150
8/5/2021 18:45,199186,2302730,1078080
8/5/2021 18:50,199186,2252680,1056450
8/5/2021 18:55,199186,2398800,1112100
8/5/2021 19:00,199186,2317800,1071950
8/5/2021 19:05,199186,2358000,1077150
8/5/2021 19:10,199186,2237140,1024530
8/5/2021 19:15,199186,2320390,1066630
8/5/2021 19:20,199186,2321550,1072120
8/5/2021 19:25,199186,2238710,1037910
8/5/2021 19:30,199186,2197980,1028040
8/5/2021 19:35,199186,2236580,1038930
8/5/2021 19:40,199186,2230390,1018510
8/5/2021 19:45,199186,2219930,1019940
8/5/2021 19:50,199186,2263880,1046090
8/5/2021 19:55,199186,2295770,1052140
8/5/2021 20:00,199186,2302180,1056390
8/5/2021 20:05,199186,2235240,1033630
8/5/2021 20:10,199186,2256290,1033760
8/5/2021 20:15,199186,2370220,1081760
8/5/2021 20:20,199186,2260050,1040550
8/5/2021 20:25,199186,2263080,1040370
8/5/2021 20:30,199186,2357960,1077020
8/5/2021 20:35,199186,2202990,1024010
8/5/2021 20:40,199186,2137990,1004450
8/5/2021 20:45,199186,2010870,956075
8/5/2021 20:50,199186,2007880,955170
8/5/2021 20:55,199186,2046360,973677
8/5/2021 21:00,199186,2090140,990023
8/5/2021 21:05,199186,2051290,972349
8/5/2021 21:10,199186,2089110,981389
8/5/2021 21:15,199186,2149270,998026
8/5/2021 21:20,199186,2012270,957441
8/5/2021 21:25,199186,2010320,963229
8/5/2021 21:30,199186,2039990,974967
8/5/2021 21:35,199186,2014780,963002
8/5/2021 21:40,199186,1933920,945882
8/5/2021 21:45,199186,1881920,935446
8/5/2021 21:50,199186,1845210,922453
8/5/2021 21:55,199186,1857040,929511
8/5/2021 22:00,199186,1882070,936304
8/5/2021 22:05,199186,1895870,943924
8/5/2021 22:10,199186,1908100,960764
8/5/2021 22:15,199186,1898840,967057
8/5/2021 22:20,199186,1911180,973133
8/5/2021 22:25,199186,1840160,957118
8/5/2021 22:30,199186,1821710,953447
8/5/2021 22:35,199186,1755040,934612
8/5/2021 22:40,199186,1689040,920850
8/5/2021 22:45,199186,1648710,917072
8/5/2021 22:50,199186,1649430,922409
8/5/2021 22:55,199186,1628300,918111
8/5/2021 23:00,199186,1631770,920866
8/5/2021 23:05,199186,1608670,920536
8/5/2021 23:10,199186,1550850,909137
8/5/2021 23:15,199186,1509410,899961
8/5/2021 23:20,199186,1508090,898667
8/5/2021 23:25,199186,1479730,897305
8/5/2021 23:30,199186,1434760,888327
8/5/2021 23:35,199186,1415420,885752
8/5/2021 23:40,199186,1372170,879647
8/5/2021 23:45,199186,1360300,878665
8/5/2021 23:50,199186,1330260,877111
8/5/2021 23:55,199186,1304900,873118
8/6/2021 0:00,199186,1263090,865229
8/6/2021 0:05,199186,1243810,863083
8/6/2021 0:10,199186,1259080,864177
8/6/2021 0:15,199186,1271110,866540
8/6/2021 0:20,199186,1224140,862145
8/6/2021 0:25,199186,1207770,862484
8/6/2021 0:30,199186,1192990,859816
8/6/2021 0:35,199186,1198810,858766
8/6/2021 0:40,199186,1203690,857972
8/6/2021 0:45,199186,1130360,853006
8/6/2021 0:50,199186,1151470,852052
8/6/2021 0:55,199186,1142890,850512
8/6/2021 1:00,199186,1107920,848355
8/6/2021 1:05,199186,1095260,847287
8/6/2021 1:10,199186,1108560,848461
8/6/2021 1:15,199186,1081250,846170
8/6/2021 1:20,199186,1113680,846184
8/6/2021 1:25,199186,1105110,846524
8/6/2021 1:30,199186,1103030,847339
8/6/2021 1:35,199186,1097670,846139
8/6/2021 1:40,199186,1088760,844296
8/6/2021 1:45,199186,1075470,843808
8/6/2021 1:50,199186,1056640,842959
8/6/2021 1:55,199186,1054310,842487
8/6/2021 2:00,199186,1078720,843387
8/6/2021 2:05,199186,1089890,843241
8/6/2021 2:10,199186,1102750,843694
8/6/2021 2:15,199186,1054800,842227
8/6/2021 2:20,199186,1070780,842650
8/6/2021 2:25,199186,1093210,843699
8/6/2021 2:30,199186,1105390,843064
8/6/2021 2:35,199186,1097010,841243
8/6/2021 2:40,199186,1065230,842549
8/6/2021 2:45,199186,1076670,842409
8/6/2021 2:50,199186,1076710,843049
8/6/2021 2:55,199186,1079060,841878
8/6/2021 3:00,199186,1078010,841531
8/6/2021 3:05,199186,1058250,840582
8/6/2021 3:10,199186,1064090,840637
8/6/2021 3:15,199186,1114500,841785
8/6/2021 3:20,199186,1097770,840894
8/6/2021 3:25,199186,1125430,841302
8/6/2021 3:30,199186,1114130,841084
8/6/2021 3:35,199186,1090460,841116
8/6/2021 3:40,199186,1071950,840741
8/6/2021 3:45,199186,1049770,839897
8/6/2021 3:50,199186,1082460,840474
8/6/2021 3:55,199186,1120910,841374
8/6/2021 4:00,199186,1131730,841465
8/6/2021 4:05,199186,1105870,840982
8/6/2021 4:10,199186,1163100,842448
8/6/2021 4:15,199186,1117510,841587
8/6/2021 4:20,199186,1126130,841404
8/6/2021 4:25,199186,1105310,840442
8/6/2021 4:30,199186,1153130,841229
8/6/2021 4:35,199186,1180310,842237
8/6/2021 4:40,199186,1190730,842912
8/6/2021 4:45,199186,1169130,842589
8/6/2021 4:50,199186,1179630,842208
8/6/2021 4:55,199186,1221560,842529
8/6/2021 5:00,199186,1246110,844205
8/6/2021 5:05,199186,1244640,844088
8/6/2021 5:10,199186,1235830,843810
8/6/2021 5:15,199186,1191780,843019
8/6/2021 5:20,199186,1188080,842686
8/6/2021 5:25,199186,1238040,843821
8/6/2021 5:30,199186,1253220,843857
8/6/2021 5:35,199186,1277070,844711
8/6/2021 5:40,199186,1284800,845147
8/6/2021 5:45,199186,1254320,845141
8/6/2021 5:50,199186,1269600,844931
8/6/2021 5:55,199186,1294060,844809
8/6/2021 6:00,199186,1300800,844651
8/6/2021 6:05,199186,1342380,845600
8/6/2021 6:10,199186,1363200,847329
8/6/2021 6:15,199186,1338590,846123
8/6/2021 6:20,199186,1309370,845580
8/6/2021 6:25,199186,1354310,846472
8/6/2021 6:30,199186,1360120,847323
8/6/2021 6:35,199186,1333310,848351
8/6/2021 6:40,199186,1337640,848100
8/6/2021 6:45,199186,1308890,848122
8/6/2021 6:50,199186,1330470,849923
8/6/2021 6:55,199186,1359160,851981
8/6/2021 7:00,199186,1327740,850695
8/6/2021 7:05,199186,1384480,854612
8/6/2021 7:10,199186,1394420,854596
8/6/2021 7:15,199186,1381380,856339
8/6/2021 7:20,199186,1408070,861011
8/6/2021 7:25,199186,1370920,862542
8/6/2021 7:30,199186,1362710,865214
8/6/2021 7:35,199186,1336620,866893
8/6/2021 7:40,199186,1356310,870081
8/6/2021 7:45,199186,1360700,871657
8/6/2021 7:50,199186,1398200,874666
8/6/2021 7:55,199186,1398730,874870
8/6/2021 8:00,199186,1373700,878603
8/6/2021 8:05,199186,1377480,878786
8/6/2021 8:10,199186,1380710,883440
8/6/2021 8:15,199186,1334150,882816
8/6/2021 8:20,199186,1370980,882536
8/6/2021 8:25,199186,1389720,898025
8/6/2021 8:30,199186,1405190,899779
8/6/2021 8:35,199186,1421450,906284
8/6/2021 8:40,199186,1503830,938298
8/6/2021 8:45,199186,1407550,906266
8/6/2021 8:50,199186,1411590,914848
8/6/2021 8:55,199186,1431530,939778
8/6/2021 9:00,199186,1380060,921492
8/6/2021 9:05,199186,1419980,931582
8/6/2021 9:10,199186,1389180,935529
8/6/2021 9:15,199186,1404310,946971
8/6/2021 9:20,199186,1436990,957893
8/6/2021 9:25,199186,1433830,948873
8/6/2021 9:30,199186,1463400,972083
8/6/2021 9:35,199186,1487230,981701
8/6/2021 9:40,199186,1462660,983370
8/6/2021 9:45,199186,1511250,1005370
8/6/2021 9:50,199186,1517000,999726
8/6/2021 9:55,199186,1468830,991095
8/6/2021 10:00,199186,1520710,1017030
8/6/2021 10:05,199186,1472610,1011200
8/6/2021 10:10,199186,1519090,1022420
8/6/2021 10:15,199186,1421940,988732
8/6/2021 10:20,199186,1516830,1032650
8/6/2021 10:25,199186,1585560,1062900
8/6/2021 10:30,199186,1488970,1025210
8/6/2021 10:35,199186,1709120,1119060
8/6/2021 10:40,199186,1515110,1035280
8/6/2021 10:45,199186,1664160,1100610
8/6/2021 10:50,199186,1599100,1070540
8/6/2021 10:55,199186,1523730,1045220
8/6/2021 11:00,199186,1580820,1078910
8/6/2021 11:05,199186,1568210,1078230
8/6/2021 11:10,199186,1553500,1071140
8/6/2021 11:15,199186,1673440,1118500
8/6/2021 11:20,199186,1652910,1090900
8/6/2021 11:25,199186,1709900,1128770
8/6/2021 11:30,199186,1552550,1065290
8/6/2021 11:35,199186,1649830,1100510
8/6/2021 11:40,199186,1658060,1102860
8/6/2021 11:45,199186,1695630,1130830
8/6/2021 11:50,199186,1695090,1139310
8/6/2021 11:55,199186,1662340,1119070
8/6/2021 12:00,199186,1607660,1088100
8/6/2021 12:05,199186,1785330,1165880
8/6/2021 12:10,199186,1635780,1095970
8/6/2021 12:15,199186,1748620,1149490
8/6/2021 12:20,199186,1680250,1111650
8/6/2021 12:25,199186,1699280,1135430
8/6/2021 12:30,199186,1783020,1171420
8/6/2021 12:35,199186,1620380,1120350
8/6/2021 12:40,199186,1684610,1137750
8/6/2021 12:45,199186,1807670,1153470
8/6/2021 12:50,199186,1727130,1140490
8/6/2021 12:55,199186,1542150,1097140
8/6/2021 13:00,199186,1619380,1120820
8/6/2021 13:05,199186,1779380,1162830
8/6/2021 13:10,199186,1653000,1124630
8/6/2021 13:15,199186,1698510,1156210
8/6/2021 13:20,199186,1526380,1098900
8/6/2021 13:25,199186,1734950,1166380
8/6/2021 13:30,199186,1686810,1143060
8/6/2021 13:35,199186,1603070,1110100
8/6/2021 13:40,199186,1686350,1138680
8/6/2021 13:45,199186,1743240,1167090
8/6/2021 13:50,199186,1717600,1166950
8/6/2021 13:55,199186,1746300,1178230
8/6/2021 14:00,199186,1931520,1153610
8/6/2021 14:05,199186,1764720,1157300
8/6/2021 14:10,199186,1666550,1135100
8/6/2021 14:15,199186,1737370,1150360
8/6/2021 14:20,199186,1784120,1154370
8/6/2021 14:25,199186,1770450,1164890
8/6/2021 14:30,199186,1859080,1196170
8/6/2021 14:35,199186,1886310,1193940
8/6/2021 14:40,199186,1852900,1165630
8/6/2021 14:45,199186,1940900,1198660
8/6/2021 14:50,199186,1917130,1182330
8/6/2021 14:55,199186,2067710,1221820
8/6/2021 15:00,199186,2096600,1194760
8/6/2021 15:05,199186,2073380,1187480
8/6/2021 15:10,199186,2005790,1194600
8/6/2021 15:15,199186,2017480,1184800
8/6/2021 15:20,199186,2161750,1239330
8/6/2021 15:25,199186,1984770,1154090
8/6/2021 15:30,199186,2099750,1196690
8/6/2021 15:35,199186,2065280,1188180
8/6/2021 15:40,199186,2145460,1212280
8/6/2021 15:45,199186,2215290,1234070
8/6/2021 15:50,199186,2268000,1237860
8/6/2021 15:55,199186,2149490,1182310
8/6/2021 16:00,199186,2241850,1213980
8/6/2021 16:05,199186,2377000,1266000
8/6/2021 16:10,199186,2281270,1215960
8/6/2021 16:15,199186,2214090,1202370
8/6/2021 16:20,199186,2349840,1238460
8/6/2021 16:25,199186,2443220,1253050
8/6/2021 16:30,199186,2339770,1218230
8/6/2021 16:35,199186,2410500,1236740
8/6/2021 16:40,199186,2385920,1219050
8/6/2021 16:45,199186,2398510,1224090
8/6/2021 16:50,199186,2406950,1229080
8/6/2021 16:55,199186,2370730,1199120
8/6/2021 17:00,199186,2551320,1259760
8/6/2021 17:05,199186,2422880,1204900
8/6/2021 17:10,199186,2601900,1263860
8/6/2021 17:15,199186,2433420,1192270
8/6/2021 17:20,199186,2457120,1208240
8/6/2021 17:25,199186,2481540,1207900
8/6/2021 17:30,199186,2584110,1234440
8/6/2021 17:35,199186,2466270,1185520
8/6/2021 17:40,199186,2481640,1179640
8/6/2021 17:45,199186,2566930,1210830
8/6/2021 17:50,199186,2731800,1265120
8/6/2021 17:55,199186,2653910,1221240
8/6/2021 18:00,199186,2606730,1208100
8/6/2021 18:05,199186,2650860,1231200
8/6/2021 18:10,199186,2498830,1171850
8/6/2021 18:15,199186,2522060,1177820
8/6/2021 18:20,199186,2603240,1212380
8/6/2021 18:25,199186,2486690,1157120
8/6/2021 18:30,199186,2642230,1216400
8/6/2021 18:35,199186,2633990,1213000
8/6/2021 18:40,199186,2501150,1144510
8/6/2021 18:45,199186,2645590,1212230
8/6/2021 18:50,199186,2485160,1140230
8/6/2021 18:55,199186,2626800,1186900
8/6/2021 19:00,199186,2512200,1132740
8/6/2021 19:05,199186,2689940,1199520
8/6/2021 19:10,199186,2512680,1121800
8/6/2021 19:15,199186,2496540,1127810
8/6/2021 19:20,199186,2496240,1134880
8/6/2021 19:25,199186,2465540,1118070
8/6/2021 19:30,199186,2442280,1123120
8/6/2021 19:35,199186,2489380,1132780
8/6/2021 19:40,199186,2402000,1085050
8/6/2021 19:45,199186,2420760,1096600
8/6/2021 19:50,199186,2390790,1090980
8/6/2021 19:55,199186,2447920,1108120
8/6/2021 20:00,199186,2334750,1068480
8/6/2021 20:05,199186,2427630,1108060
8/6/2021 20:10,199186,2411560,1093580
8/6/2021 20:15,199186,2385600,1092710
8/6/2021 20:20,199186,2330640,1065520
8/6/2021 20:25,199186,2280420,1050470
8/6/2021 20:30,199186,2355530,1074820
8/6/2021 20:35,199186,2330140,1066820
8/6/2021 20:40,199186,2366940,1089740
8/6/2021 20:45,199186,2271090,1048880
8/6/2021 20:50,199186,2344720,1081630
8/6/2021 20:55,199186,2318090,1075650
8/6/2021 21:00,199186,2170980,1014470
8/6/2021 21:05,199186,2187040,1023980
8/6/2021 21:10,199186,2254520,1048320
8/6/2021 21:15,199186,2260750,1042620
8/6/2021 21:20,199186,2278670,1058780
8/6/2021 21:25,199186,2264420,1067610
8/6/2021 21:30,199186,2170180,1017490
8/6/2021 21:35,199186,2207680,1033200
8/6/2021 21:40,199186,2309550,1082100
8/6/2021 21:45,199186,2216410,1054220
8/6/2021 21:50,199186,2115460,1015330
8/6/2021 21:55,199186,2179340,1040060
8/6/2021 22:00,199186,2182780,1046220
8/6/2021 22:05,199186,2161540,1042130
8/6/2021 22:10,199186,2155160,1052670
8/6/2021 22:15,199186,2060890,1027530
8/6/2021 22:20,199186,2057500,1025190
8/6/2021 22:25,199186,1983060,1013330
8/6/2021 22:30,199186,1951210,999685
8/6/2021 22:35,199186,1871700,972842
8/6/2021 22:40,199186,1850530,975420
8/6/2021 22:45,199186,1851120,989639
8/6/2021 22:50,199186,1808540,979667
8/6/2021 22:55,199186,1830350,995289
8/6/2021 23:00,199186,1809030,980718
8/6/2021 23:05,199186,1719050,955935
8/6/2021 23:10,199186,1697580,954799
8/6/2021 23:15,199186,1707430,967368
8/6/2021 23:20,199186,1718560,973770
8/6/2021 23:25,199186,1678000,968857
8/6/2021 23:30,199186,1577850,936716
8/6/2021 23:35,199186,1560170,935108
8/6/2021 23:40,199186,1601370,961970
8/6/2021 23:45,199186,1545630,946156
8/6/2021 23:50,199186,1517910,937482
8/6/2021 23:55,199186,1443170,921159
8/7/2021 0:00,199186,1455850,929639
8/7/2021 0:05,199186,1407870,917518
8/7/2021 0:10,199186,1378930,896553
8/7/2021 0:15,199186,1480240,940249
8/7/2021 0:20,199186,1378780,906137
8/7/2021 0:25,199186,1341380,908122
8/7/2021 0:30,199186,1385700,917000
8/7/2021 0:35,199186,1363160,913716
8/7/2021 0:40,199186,1323370,893243
8/7/2021 0:45,199186,1329370,909748
8/7/2021 0:50,199186,1309520,896087
8/7/2021 0:55,199186,1315930,902355
8/7/2021 1:00,199186,1296470,908382
8/7/2021 1:05,199186,1247640,889226
8/7/2021 1:10,199186,1295970,905892
8/7/2021 1:15,199186,1232380,886914
8/7/2021 1:20,199186,1245610,883863
8/7/2021 1:25,199186,1246370,891313
8/7/2021 1:30,199186,1248810,892384
8/7/2021 1:35,199186,1246380,892254
8/7/2021 1:40,199186,1227810,883486
8/7/2021 1:45,199186,1208220,882013
8/7/2021 1:50,199186,1186990,878916
8/7/2021 1:55,199186,1187770,882072
8/7/2021 2:00,199186,1254890,902293
8/7/2021 2:05,199186,1202160,870873
8/7/2021 2:10,199186,1207470,866364
8/7/2021 2:15,199186,1115000,854985
8/7/2021 2:20,199186,1146200,858538
8/7/2021 2:25,199186,1162330,859428
8/7/2021 2:30,199186,1206730,876152
8/7/2021 2:35,199186,1199770,875814
8/7/2021 2:40,199186,1154070,862622
8/7/2021 2:45,199186,1153800,859499
8/7/2021 2:50,199186,1121170,852837
8/7/2021 2:55,199186,1150580,860130
8/7/2021 3:00,199186,1161350,858142
8/7/2021 3:05,199186,1118340,853214
8/7/2021 3:10,199186,1110090,850694
8/7/2021 3:15,199186,1154740,853850
8/7/2021 3:20,199186,1130950,850966
8/7/2021 3:25,199186,1143770,846189
8/7/2021 3:30,199186,1137400,845685
8/7/2021 3:35,199186,1134970,846452
8/7/2021 3:40,199186,1099930,843119
8/7/2021 3:45,199186,1063320,839955
8/7/2021 3:50,199186,1098640,840549
8/7/2021 3:55,199186,1127220,841616
8/7/2021 4:00,199186,1111650,841941
8/7/2021 4:05,199186,1129740,841841
8/7/2021 4:10,199186,1158830,844791
8/7/2021 4:15,199186,1118780,844041
8/7/2021 4:20,199186,1114220,841217
8/7/2021 4:25,199186,1098140,841759
8/7/2021 4:30,199186,1159750,842491
8/7/2021 4:35,199186,1187770,843149
8/7/2021 4:40,199186,1196660,844728
8/7/2021 4:45,199186,1167830,845106
8/7/2021 4:50,199186,1163520,844181
8/7/2021 4:55,199186,1181150,843228
8/7/2021 5:00,199186,1212720,845230
8/7/2021 5:05,199186,1200720,843024
8/7/2021 5:10,199186,1168110,842872
8/7/2021 5:15,199186,1129160,842952
8/7/2021 5:20,199186,1148020,842859
8/7/2021 5:25,199186,1187410,844511
8/7/2021 5:30,199186,1202990,844207
8/7/2021 5:35,199186,1228050,846587
8/7/2021 5:40,199186,1212280,844632
8/7/2021 5:45,199186,1179330,843437
8/7/2021 5:50,199186,1170820,841763
8/7/2021 5:55,199186,1213080,842964
8/7/2021 6:00,199186,1194530,842341
8/7/2021 6:05,199186,1242060,843074
8/7/2021 6:10,199186,1241760,843470
8/7/2021 6:15,199186,1206540,842311
8/7/2021 6:20,199186,1194250,843709
8/7/2021 6:25,199186,1222180,843719
8/7/2021 6:30,199186,1232750,846952
8/7/2021 6:35,199186,1190290,846856
8/7/2021 6:40,199186,1220980,848427
8/7/2021 6:45,199186,1181460,847106
8/7/2021 6:50,199186,1203260,848322
8/7/2021 6:55,199186,1231040,852574
8/7/2021 7:00,199186,1203110,853781
8/7/2021 7:05,199186,1290910,865221
8/7/2021 7:10,199186,1337130,867021
8/7/2021 7:15,199186,1339590,864346
8/7/2021 7:20,199186,1351950,863837
8/7/2021 7:25,199186,1378500,874706
8/7/2021 7:30,199186,1343790,869925
8/7/2021 7:35,199186,1314700,865228
8/7/2021 7:40,199186,1354330,873755
8/7/2021 7:45,199186,1296380,879172
8/7/2021 7:50,199186,1330060,896377
8/7/2021 7:55,199186,1348390,902349
8/7/2021 8:00,199186,1374800,916017
8/7/2021 8:05,199186,1391850,921586
8/7/2021 8:10,199186,1371630,914114
8/7/2021 8:15,199186,1381440,942521
8/7/2021 8:20,199186,1497200,961711
8/7/2021 8:25,199186,1451490,951580
8/7/2021 8:30,199186,1440410,940994
8/7/2021 8:35,199186,1463360,953288
8/7/2021 8:40,199186,1681180,995923
8/7/2021 8:45,199186,1548630,959694
8/7/2021 8:50,199186,1534580,945929
8/7/2021 8:55,199186,1555480,957568
8/7/2021 9:00,199186,1558110,971205
8/7/2021 9:05,199186,1658120,973362
8/7/2021 9:10,199186,1718880,996961
8/7/2021 9:15,199186,1601370,965220
8/7/2021 9:20,199186,1360810,936176
8/7/2021 9:25,199186,1821310,1022540
8/7/2021 9:30,199186,1737200,996954
8/7/2021 9:35,199186,1553070,957434
8/7/2021 9:40,199186,1533560,982090
8/7/2021 9:45,199186,1523800,1028100
8/7/2021 9:50,199186,1765210,1068960
8/7/2021 9:55,199186,1798820,1059240
8/7/2021 10:00,199186,1545550,1026570
8/7/2021 10:05,199186,1590720,1044010
8/7/2021 10:10,199186,1789300,1093320
8/7/2021 10:15,199186,1713300,1089960
8/7/2021 10:20,199186,1682140,1074460
8/7/2021 10:25,199186,1608010,1095250
8/7/2021 10:30,199186,1552140,1080020
8/7/2021 10:35,199186,1774400,1135320
8/7/2021 10:40,199186,1551450,1067260
8/7/2021 10:45,199186,1700400,1104250
8/7/2021 10:50,199186,1631890,1112240
8/7/2021 10:55,199186,1720620,1142860
8/7/2021 11:00,199186,1504880,1057810
8/7/2021 11:05,199186,1698560,1125820
8/7/2021 11:10,199186,1656990,1111920
8/7/2021 11:15,199186,1581290,1073030
8/7/2021 11:20,199186,1639580,1107630
8/7/2021 11:25,199186,1619910,1105930
8/7/2021 11:30,199186,1648420,1131350
8/7/2021 11:35,199186,1626610,1105060
8/7/2021 11:40,199186,1644000,1116010
8/7/2021 11:45,199186,1628730,1119280
8/7/2021 11:50,199186,1760860,1166500
8/7/2021 11:55,199186,1623530,1104770
8/7/2021 12:00,199186,1723580,1136200
8/7/2021 12:05,199186,1698420,1105520
8/7/2021 12:10,199186,1767130,1151450
8/7/2021 12:15,199186,1651160,1096250
8/7/2021 12:20,199186,1791040,1167260
8/7/2021 12:25,199186,1673570,1145510
8/7/2021 12:30,199186,1664000,1137650
8/7/2021 12:35,199186,1612620,1122070
8/7/2021 12:40,199186,1830390,1138800
8/7/2021 12:45,199186,1597090,1128460
8/7/2021 12:50,199186,1948170,1159600
8/7/2021 12:55,199186,1763010,1123780
8/7/2021 13:00,199186,1526210,1100320
8/7/2021 13:05,199186,1848940,1149130
8/7/2021 13:10,199186,1679000,1123930
8/7/2021 13:15,199186,1730450,1119160
8/7/2021 13:20,199186,1672340,1122040
8/7/2021 13:25,199186,1680040,1127040
8/7/2021 13:30,199186,2056910,1171680
8/7/2021 13:35,199186,1627960,1114700
8/7/2021 13:40,199186,1718960,1150930
8/7/2021 13:45,199186,1712180,1138360
8/7/2021 13:50,199186,1809640,1215570
8/7/2021 13:55,199186,1617800,1136820
8/7/2021 14:00,199186,1830020,1166970
8/7/2021 14:05,199186,1848800,1142610
8/7/2021 14:10,199186,2002820,1178290
8/7/2021 14:15,199186,1724600,1139480
8/7/2021 14:20,199186,1919190,1148190
8/7/2021 14:25,199186,2025630,1189470
8/7/2021 14:30,199186,1948990,1186220
8/7/2021 14:35,199186,1567930,1090730
8/7/2021 14:40,199186,1751940,1150870
8/7/2021 14:45,199186,2177450,1215270
8/7/2021 14:50,199186,1874180,1185910
8/7/2021 14:55,199186,1988200,1203710
8/7/2021 15:00,199186,2080190,1238140
8/7/2021 15:05,199186,2104340,1222160
8/7/2021 15:10,199186,2042940,1217410
8/7/2021 15:15,199186,1988800,1195050
8/7/2021 15:20,199186,2119860,1231090
8/7/2021 15:25,199186,2133420,1211560
8/7/2021 15:30,199186,2182760,1228130
8/7/2021 15:35,199186,2104630,1207390
8/7/2021 15:40,199186,2367460,1298940
8/7/2021 15:45,199186,2179260,1216700
8/7/2021 15:50,199186,2178950,1225230
8/7/2021 15:55,199186,2137810,1192060
8/7/2021 16:00,199186,2207230,1216220
8/7/2021 16:05,199186,2297180,1246550
8/7/2021 16:10,199186,2285660,1238010
8/7/2021 16:15,199186,2236040,1226820
8/7/2021 16:20,199186,2410990,1274140
8/7/2021 16:25,199186,2348040,1224780
8/7/2021 16:30,199186,2381350,1243590
8/7/2021 16:35,199186,2303970,1215170
8/7/2021 16:40,199186,2409290,1244910
8/7/2021 16:45,199186,2307310,1201740
8/7/2021 16:50,199186,2271920,1200230
8/7/2021 16:55,199186,2411550,1244110
8/7/2021 17:00,199186,2438490,1243350
8/7/2021 17:05,199186,2474670,1248620
8/7/2021 17:10,199186,2396620,1203430
8/7/2021 17:15,199186,2483040,1241080
8/7/2021 17:20,199186,2329690,1174310
8/7/2021 17:25,199186,2460310,1226610
8/7/2021 17:30,199186,2454770,1213470
8/7/2021 17:35,199186,2476610,1218740
8/7/2021 17:40,199186,2474010,1208680
8/7/2021 17:45,199186,2447870,1196640
8/7/2021 17:50,199186,2531670,1215470
8/7/2021 17:55,199186,2529720,1207490
8/7/2021 18:00,199186,2390220,1168420
8/7/2021 18:05,199186,2383730,1151870
8/7/2021 18:10,199186,2670600,1258430
8/7/2021 18:15,199186,2437990,1165590
8/7/2021 18:20,199186,2482190,1187250
8/7/2021 18:25,199186,2459180,1180540
8/7/2021 18:30,199186,2361410,1137750
8/7/2021 18:35,199186,2495600,1185990
8/7/2021 18:40,199186,2521960,1187920
8/7/2021 18:45,199186,2381710,1137980
8/7/2021 18:50,199186,2470140,1171500
8/7/2021 18:55,199186,2553120,1195200
8/7/2021 19:00,199186,2408250,1137810
8/7/2021 19:05,199186,2441100,1143000
8/7/2021 19:10,199186,2408370,1117510
8/7/2021 19:15,199186,2460070,1150220
8/7/2021 19:20,199186,2375620,1126790
8/7/2021 19:25,199186,2384390,1124110
8/7/2021 19:30,199186,2359940,1115990
8/7/2021 19:35,199186,2369270,1117200
8/7/2021 19:40,199186,2522900,1165420
8/7/2021 19:45,199186,2371990,1111190
8/7/2021 19:50,199186,2432100,1144160
8/7/2021 19:55,199186,2386090,1116110
8/7/2021 20:00,199186,2448490,1144940
8/7/2021 20:05,199186,2340640,1107290
8/7/2021 20:10,199186,2382310,1118460
8/7/2021 20:15,199186,2343870,1103390
8/7/2021 20:20,199186,2378900,1120450
8/7/2021 20:25,199186,2350770,1107380
8/7/2021 20:30,199186,2393420,1122180
8/7/2021 20:35,199186,2465610,1156510
8/7/2021 20:40,199186,2312370,1100400
8/7/2021 20:45,199186,2236210,1073230
8/7/2021 20:50,199186,2207510,1065390
8/7/2021 20:55,199186,2263270,1084880
8/7/2021 21:00,199186,2345820,1114890
8/7/2021 21:05,199186,2341890,1117920
8/7/2021 21:10,199186,2224970,1067640
8/7/2021 21:15,199186,2268180,1080990
8/7/2021 21:20,199186,2314110,1101270
8/7/2021 21:25,199186,2145420,1041790
8/7/2021 21:30,199186,2179140,1060710
8/7/2021 21:35,199186,2189820,1065540
8/7/2021 21:40,199186,2147540,1053740
8/7/2021 21:45,199186,2110640,1050950
8/7/2021 21:50,199186,1988330,1005360
8/7/2021 21:55,199186,2002480,1014060
8/7/2021 22:00,199186,2130010,1062880
8/7/2021 22:05,199186,2062340,1033190
8/7/2021 22:10,199186,2005180,1024460
8/7/2021 22:15,199186,2082850,1056720
8/7/2021 22:20,199186,1945420,1008150
8/7/2021 22:25,199186,1855230,989243
8/7/2021 22:30,199186,1910480,1010060
8/7/2021 22:35,199186,1909860,1011530
8/7/2021 22:40,199186,1855530,1000140
8/7/2021 22:45,199186,1853280,1012270
8/7/2021 22:50,199186,1736710,968494
8/7/2021 22:55,199186,1710490,965813
8/7/2021 23:00,199186,1807460,1000450
8/7/2021 23:05,199186,1734220,975292
8/7/2021 23:10,199186,1628310,939650
8/7/2021 23:15,199186,1639210,949885
8/7/2021 23:20,199186,1681110,965491
8/7/2021 23:25,199186,1641340,963069
8/7/2021 23:30,199186,1567280,936192
8/7/2021 23:35,199186,1568560,942862
8/7/2021 23:40,199186,1540140,940889
8/7/2021 23:45,199186,1545190,944852
8/7/2021 23:50,199186,1483500,930015
8/7/2021 23:55,199186,1422510,917021
8/8/2021 0:00,199186,1474920,936839
8/8/2021 0:05,199186,1472480,939456
8/8/2021 0:10,199186,1446130,924553
8/8/2021 0:15,199186,1414080,905629
8/8/2021 0:20,199186,1387520,913025
8/8/2021 0:25,199186,1353070,905411
8/8/2021 0:30,199186,1387850,922658
8/8/2021 0:35,199186,1380420,914086
8/8/2021 0:40,199186,1368600,905589
8/8/2021 0:45,199186,1338710,911778
8/8/2021 0:50,199186,1303710,887651
8/8/2021 0:55,199186,1295680,891466
8/8/2021 1:00,199186,1211320,872335
8/8/2021 1:05,199186,1199450,873452
8/8/2021 1:10,199186,1195020,870491
8/8/2021 1:15,199186,1190260,868181
8/8/2021 1:20,199186,1169300,856976
8/8/2021 1:25,199186,1146200,853757
8/8/2021 1:30,199186,1141640,855751
8/8/2021 1:35,199186,1146140,851386
8/8/2021 1:40,199186,1133680,851437
8/8/2021 1:45,199186,1131510,848927
8/8/2021 1:50,199186,1137720,859893
8/8/2021 1:55,199186,1100310,853141
8/8/2021 2:00,199186,1137660,850316
8/8/2021 2:05,199186,1150710,851096
8/8/2021 2:10,199186,1175350,864832
8/8/2021 2:15,199186,1116880,855193
8/8/2021 2:20,199186,1126520,850142
8/8/2021 2:25,199186,1124660,846437
8/8/2021 2:30,199186,1147210,847810
8/8/2021 2:35,199186,1124980,848835
8/8/2021 2:40,199186,1110190,847245
8/8/2021 2:45,199186,1117720,844697
8/8/2021 2:50,199186,1115440,846318
8/8/2021 2:55,199186,1109240,844293
8/8/2021 3:00,199186,1137910,848864
8/8/2021 3:05,199186,1096140,845717
8/8/2021 3:10,199186,1081570,843072
8/8/2021 3:15,199186,1113280,843625
8/8/2021 3:20,199186,1136220,844225
8/8/2021 3:25,199186,1154350,841982
8/8/2021 3:30,199186,1132380,841108
8/8/2021 3:35,199186,1117700,841840
8/8/2021 3:40,199186,1092960,843895
8/8/2021 3:45,199186,1078050,841428
8/8/2021 3:50,199186,1089490,841710
8/8/2021 3:55,199186,1134250,843483
8/8/2021 4:00,199186,1135590,840684
8/8/2021 4:05,199186,1122880,840971
8/8/2021 4:10,199186,1159300,841637
8/8/2021 4:15,199186,1113430,840606
8/8/2021 4:20,199186,1129580,840803
8/8/2021 4:25,199186,1091450,840593
8/8/2021 4:30,199186,1156330,842636
8/8/2021 4:35,199186,1193960,844418
8/8/2021 4:40,199186,1199420,843139
8/8/2021 4:45,199186,1161740,842148
8/8/2021 4:50,199186,1170340,843630
8/8/2021 4:55,199186,1183810,844360
8/8/2021 5:00,199186,1207620,844763
8/8/2021 5:05,199186,1191440,842846
8/8/2021 5:10,199186,1189330,843607
8/8/2021 5:15,199186,1138380,842982
8/8/2021 5:20,199186,1132410,841844
8/8/2021 5:25,199186,1185760,844030
8/8/2021 5:30,199186,1195200,846204
8/8/2021 5:35,199186,1217370,844923
8/8/2021 5:40,199186,1215430,844415
8/8/2021 5:45,199186,1175360,842975
8/8/2021 5:50,199186,1186570,843969
8/8/2021 5:55,199186,1211970,844750
8/8/2021 6:00,199186,1207250,843354
8/8/2021 6:05,199186,1250240,847937
8/8/2021 6:10,199186,1259310,849172
8/8/2021 6:15,199186,1216140,846256
8/8/2021 6:20,199186,1218670,845531
8/8/2021 6:25,199186,1236220,847010
8/8/2021 6:30,199186,1246740,849145
8/8/2021 6:35,199186,1218100,850999
8/8/2021 6:40,199186,1236760,855900
8/8/2021 6:45,199186,1218760,858278
8/8/2021 6:50,199186,1244230,862604
8/8/2021 6:55,199186,1259310,859805
8/8/2021 7:00,199186,1222520,856162
8/8/2021 7:05,199186,1291240,868511
8/8/2021 7:10,199186,1294990,865364
8/8/2021 7:15,199186,1297490,870903
8/8/2021 7:20,199186,1357220,887431
8/8/2021 7:25,199186,1307660,881987
8/8/2021 7:30,199186,1309460,893848
8/8/2021 7:35,199186,1250600,879811
8/8/2021 7:40,199186,1315630,897211
8/8/2021 7:45,199186,1338770,904701
8/8/2021 7:50,199186,1429010,923971
8/8/2021 7:55,199186,1465990,928810
8/8/2021 8:00,199186,1442750,932073
8/8/2021 8:05,199186,1441860,939773
8/8/2021 8:10,199186,1433690,940262
8/8/2021 8:15,199186,1375400,935525
8/8/2021 8:20,199186,1492740,963257
8/8/2021 8:25,199186,1548400,987840
8/8/2021 8:30,199186,1444720,949527
8/8/2021 8:35,199186,1565180,989052
8/8/2021 8:40,199186,1577120,985505
8/8/2021 8:45,199186,1529560,976373
8/8/2021 8:50,199186,1622110,1015810
8/8/2021 8:55,199186,1602770,1019350
8/8/2021 9:00,199186,1596350,1021470
8/8/2021 9:05,199186,1666420,1044540
8/8/2021 9:10,199186,1701460,1070120
8/8/2021 9:15,199186,1609010,1033130
8/8/2021 9:20,199186,1655800,1051950
8/8/2021 9:25,199186,1726610,1068850
8/8/2021 9:30,199186,1668390,1043090
8/8/2021 9:35,199186,1723040,1070110
8/8/2021 9:40,199186,1570700,1023210
8/8/2021 9:45,199186,1676490,1074070
8/8/2021 9:50,199186,1672700,1062830
8/8/2021 9:55,199186,1769690,1099750
8/8/2021 10:00,199186,1753410,1109800
8/8/2021 10:05,199186,1664540,1088120
8/8/2021 10:10,199186,1661790,1076870
8/8/2021 10:15,199186,1741250,1112190
8/8/2021 10:20,199186,1608790,1061620
8/8/2021 10:25,199186,1822850,1162730
8/8/2021 10:30,199186,1601780,1080700
8/8/2021 10:35,199186,1607520,1082730
8/8/2021 10:40,199186,1709510,1118670
8/8/2021 10:45,199186,1734380,1118260
8/8/2021 10:50,199186,1727180,1120350
8/8/2021 10:55,199186,1785850,1156410
8/8/2021 11:00,199186,1696880,1121180
8/8/2021 11:05,199186,1743020,1140900
8/8/2021 11:10,199186,1794120,1149670
8/8/2021 11:15,199186,1683040,1112770
8/8/2021 11:20,199186,1700200,1112950
8/8/2021 11:25,199186,1720840,1130460
8/8/2021 11:30,199186,1721210,1133080
8/8/2021 11:35,199186,1765130,1152390
8/8/2021 11:40,199186,1717510,1128430
8/8/2021 11:45,199186,1772630,1155600
8/8/2021 11:50,199186,1653430,1124490
8/8/2021 11:55,199186,1890370,1193810
8/8/2021 12:00,199186,1828690,1152750
8/8/2021 12:05,199186,1984320,1191680
8/8/2021 12:10,199186,1769360,1123470
8/8/2021 12:15,199186,1789750,1159640
8/8/2021 12:20,199186,1932090,1182380
8/8/2021 12:25,199186,1649840,1122660
8/8/2021 12:30,199186,1861450,1190140
8/8/2021 12:35,199186,1713250,1145490
8/8/2021 12:40,199186,1810990,1187480
8/8/2021 12:45,199186,1837310,1186200
8/8/2021 12:50,199186,1666540,1120290
8/8/2021 12:55,199186,1738980,1166240
8/8/2021 13:00,199186,1885320,1215390
8/8/2021 13:05,199186,1841880,1176350
8/8/2021 13:10,199186,1782690,1152420
8/8/2021 13:15,199186,1812570,1182450
8/8/2021 13:20,199186,1714710,1151190
8/8/2021 13:25,199186,1926340,1218950
8/8/2021 13:30,199186,1963500,1233150
8/8/2021 13:35,199186,1876220,1193010
8/8/2021 13:40,199186,1933990,1209470
8/8/2021 13:45,199186,1835090,1176440
8/8/2021 13:50,199186,1914750,1225050
8/8/2021 13:55,199186,2004940,1253530
8/8/2021 14:00,199186,1893090,1210730
8/8/2021 14:05,199186,1882610,1214990
8/8/2021 14:10,199186,2014050,1246310
8/8/2021 14:15,199186,1904530,1179820
8/8/2021 14:20,199186,2085620,1247810
8/8/2021 14:25,199186,1972840,1211200
8/8/2021 14:30,199186,2084750,1261880
8/8/2021 14:35,199186,2092580,1260200
8/8/2021 14:40,199186,1975490,1201770
8/8/2021 14:45,199186,2010390,1215690
8/8/2021 14:50,199186,1972500,1199550
8/8/2021 14:55,199186,2078270,1225860
8/8/2021 15:00,199186,2077950,1221300
8/8/2021 15:05,199186,2157070,1234740
8/8/2021 15:10,199186,2192090,1262480
8/8/2021 15:15,199186,2279430,1283750
8/8/2021 15:20,199186,2370640,1312330
8/8/2021 15:25,199186,2417570,1319020
8/8/2021 15:30,199186,2458830,1315650
8/8/2021 15:35,199186,2188030,1227560
8/8/2021 15:40,199186,2299640,1262050
8/8/2021 15:45,199186,2388160,1288050
8/8/2021 15:50,199186,2429540,1299530
8/8/2021 15:55,199186,2448480,1297600
8/8/2021 16:00,199186,2475570,1310890
8/8/2021 16:05,199186,2363190,1259480
8/8/2021 16:10,199186,2416590,1281050
8/8/2021 16:15,199186,2340490,1252540
8/8/2021 16:20,199186,2514680,1308280
8/8/2021 16:25,199186,2534890,1305120
8/8/2021 16:30,199186,2408530,1257230
8/8/2021 16:35,199186,2443540,1261180
8/8/2021 16:40,199186,2428810,1254830
8/8/2021 16:45,199186,2478620,1270650
8/8/2021 16:50,199186,2551230,1307900
8/8/2021 16:55,199186,2602900,1313720
8/8/2021 17:00,199186,2539860,1271590
8/8/2021 17:05,199186,2474180,1248830
8/8/2021 17:10,199186,2573410,1271450
8/8/2021 17:15,199186,2587970,1281630
8/8/2021 17:20,199186,2522880,1255810
8/8/2021 17:25,199186,2563410,1265260
8/8/2021 17:30,199186,2594400,1270130
8/8/2021 17:35,199186,2652420,1277560
8/8/2021 17:40,199186,2657170,1278370
8/8/2021 17:45,199186,2620510,1248580
8/8/2021 17:50,199186,2655720,1267290
8/8/2021 17:55,199186,2672040,1266540
8/8/2021 18:00,199186,2563000,1231060
8/8/2021 18:05,199186,2622810,1256810
8/8/2021 18:10,199186,2627260,1252200
8/8/2021 18:15,199186,2524990,1208580
8/8/2021 18:20,199186,2590510,1232690
8/8/2021 18:25,199186,2657100,1263350
8/8/2021 18:30,199186,2548900,1211000
8/8/2021 18:35,199186,2668430,1250010
8/8/2021 18:40,199186,2577430,1206530
8/8/2021 18:45,199186,2545630,1190080
8/8/2021 18:50,199186,2614720,1215820
8/8/2021 18:55,199186,2569730,1191730
8/8/2021 19:00,199186,2555510,1183440
8/8/2021 19:05,199186,2583400,1192240
8/8/2021 19:10,199186,2639380,1206620
8/8/2021 19:15,199186,2525070,1168340
8/8/2021 19:20,199186,2459780,1154600
8/8/2021 19:25,199186,2506570,1171020
8/8/2021 19:30,199186,2441950,1148250
8/8/2021 19:35,199186,2461880,1154070
8/8/2021 19:40,199186,2444920,1126790
8/8/2021 19:45,199186,2482480,1148810
8/8/2021 19:50,199186,2481740,1166420
8/8/2021 19:55,199186,2443510,1138480
8/8/2021 20:00,199186,2471800,1151840
8/8/2021 20:05,199186,2527300,1174470
8/8/2021 20:10,199186,2501800,1157840
8/8/2021 20:15,199186,2460040,1148730
8/8/2021 20:20,199186,2528550,1172670
8/8/2021 20:25,199186,2543260,1178510
8/8/2021 20:30,199186,2478700,1150300
8/8/2021 20:35,199186,2539510,1180010
8/8/2021 20:40,199186,2407520,1135180
8/8/2021 20:45,199186,2324160,1107310
8/8/2021 20:50,199186,2392210,1131770
8/8/2021 20:55,199186,2271720,1090780
8/8/2021 21:00,199186,2369870,1125980
8/8/2021 21:05,199186,2298450,1096560
8/8/2021 21:10,199186,2292290,1094970
8/8/2021 21:15,199186,2423060,1146560
8/8/2021 21:20,199186,2258590,1080230
8/8/2021 21:25,199186,2254460,1087140
8/8/2021 21:30,199186,2310450,1109060
8/8/2021 21:35,199186,2259180,1086970
8/8/2021 21:40,199186,2268820,1100050
8/8/2021 21:45,199186,2165380,1066610
8/8/2021 21:50,199186,2203820,1085890
8/8/2021 21:55,199186,2183840,1079280
8/8/2021 22:00,199186,2130990,1056100
8/8/2021 22:05,199186,2180370,1079710
8/8/2021 22:10,199186,2109530,1062160
8/8/2021 22:15,199186,2094870,1061010
8/8/2021 22:20,199186,2079410,1059660
8/8/2021 22:25,199186,1938490,1020330
8/8/2021 22:30,199186,1923000,1014140
8/8/2021 22:35,199186,1968970,1034930
8/8/2021 22:40,199186,1857770,1004390
8/8/2021 22:45,199186,1834860,1002860
8/8/2021 22:50,199186,1934540,1045130
8/8/2021 22:55,199186,1824090,1006340
8/8/2021 23:00,199186,1828310,1003890
8/8/2021 23:05,199186,1821700,1009580
8/8/2021 23:10,199186,1817790,1015490
8/8/2021 23:15,199186,1728650,981116
8/8/2021 23:20,199186,1739910,990873
8/8/2021 23:25,199186,1689540,981157
8/8/2021 23:30,199186,1673200,979399
8/8/2021 23:35,199186,1565540,941271
8/8/2021 23:40,199186,1590190,956078
8/8/2021 23:45,199186,1626730,982123
8/8/2021 23:50,199186,1507130,937416
8/8/2021 23:55,199186,1478140,937703
8/9/2021 0:00,199186,1502880,954331
8/9/2021 0:05,199186,1502720,960867
8/9/2021 0:10,199186,1468580,939054
8/9/2021 0:15,199186,1462460,932019
8/9/2021 0:20,199186,1435910,938710
8/9/2021 0:25,199186,1387020,932689
8/9/2021 0:30,199186,1321200,903516
8/9/2021 0:35,199186,1371490,921544
8/9/2021 0:40,199186,1409010,931023
8/9/2021 0:45,199186,1348210,930675
8/9/2021 0:50,199186,1350090,917562
8/9/2021 0:55,199186,1312380,907948
8/9/2021 1:00,199186,1279090,911657
8/9/2021 1:05,199186,1297280,919570
8/9/2021 1:10,199186,1236410,896570
8/9/2021 1:15,199186,1292260,918951
8/9/2021 1:20,199186,1233080,889813
8/9/2021 1:25,199186,1271440,904357
8/9/2021 1:30,199186,1253420,897932
8/9/2021 1:35,199186,1199120,879861
8/9/2021 1:40,199186,1257990,910001
8/9/2021 1:45,199186,1148520,868323
8/9/2021 1:50,199186,1149050,875132
8/9/2021 1:55,199186,1109060,855464
8/9/2021 2:00,199186,1143280,864393
8/9/2021 2:05,199186,1113690,850630
8/9/2021 2:10,199186,1176150,865645
8/9/2021 2:15,199186,1095550,858804
8/9/2021 2:20,199186,1124810,859491
8/9/2021 2:25,199186,1129020,854420
8/9/2021 2:30,199186,1166660,868926
8/9/2021 2:35,199186,1134390,862488
8/9/2021 2:40,199186,1104400,852957
8/9/2021 2:45,199186,1135820,861098
8/9/2021 2:50,199186,1088220,850123
8/9/2021 2:55,199186,1132940,864428
8/9/2021 3:00,199186,1129900,852457
8/9/2021 3:05,199186,1088900,857153
8/9/2021 3:10,199186,1092380,853453
8/9/2021 3:15,199186,1121280,851099
8/9/2021 3:20,199186,1128640,848328
8/9/2021 3:25,199186,1144650,850909
8/9/2021 3:30,199186,1153290,859873
8/9/2021 3:35,199186,1129280,850926
8/9/2021 3:40,199186,1123970,852596
8/9/2021 3:45,199186,1114160,860427
8/9/2021 3:50,199186,1112890,848668
8/9/2021 3:55,199186,1180610,866221
8/9/2021 4:00,199186,1150620,853136
8/9/2021 4:05,199186,1173700,858131
8/9/2021 4:10,199186,1175990,854817
8/9/2021 4:15,199186,1152370,857569
8/9/2021 4:20,199186,1156650,850961
8/9/2021 4:25,199186,1151910,859645
8/9/2021 4:30,199186,1202060,858694
8/9/2021 4:35,199186,1218720,854138
8/9/2021 4:40,199186,1215810,851148
8/9/2021 4:45,199186,1240470,860678
8/9/2021 4:50,199186,1204380,850479
8/9/2021 4:55,199186,1240930,854310
8/9/2021 5:00,199186,1288530,857507
8/9/2021 5:05,199186,1246900,854701
8/9/2021 5:10,199186,1286650,863366
8/9/2021 5:15,199186,1247660,862238
8/9/2021 5:20,199186,1213950,854731
8/9/2021 5:25,199186,1270110,855305
8/9/2021 5:30,199186,1316130,864970
8/9/2021 5:35,199186,1320870,862572
8/9/2021 5:40,199186,1340060,860158
8/9/2021 5:45,199186,1333090,871707
8/9/2021 5:50,199186,1315290,864163
8/9/2021 5:55,199186,1358170,864089
8/9/2021 6:00,199186,1372760,870497
8/9/2021 6:05,199186,1411290,868328
8/9/2021 6:10,199186,1433610,872230
8/9/2021 6:15,199186,1382850,864323
8/9/2021 6:20,199186,1355400,861545
8/9/2021 6:25,199186,1414340,868384
8/9/2021 6:30,199186,1420320,873055
8/9/2021 6:35,199186,1407120,878756
8/9/2021 6:40,199186,1438290,884897
8/9/2021 6:45,199186,1429340,889760
8/9/2021 6:50,199186,1481840,898725
8/9/2021 6:55,199186,1548710,912296
8/9/2021 7:00,199186,1509200,910178
8/9/2021 7:05,199186,1565400,922397
8/9/2021 7:10,199186,1557840,908643
8/9/2021 7:15,199186,1558300,917154
8/9/2021 7:20,199186,1628710,937591
8/9/2021 7:25,199186,1589080,934153
8/9/2021 7:30,199186,1565530,927265
8/9/2021 7:35,199186,1586390,944718
8/9/2021 7:40,199186,1600780,948655
8/9/2021 7:45,199186,1645180,968368
8/9/2021 7:50,199186,1664790,959897
8/9/2021 7:55,199186,1703760,971508
8/9/2021 8:00,199186,1718800,997432
8/9/2021 8:05,199186,1696310,991229
8/9/2021 8:10,199186,1645310,969734
8/9/2021 8:15,199186,1719910,1010980
8/9/2021 8:20,199186,1677900,992318
8/9/2021 8:25,199186,1705570,997255
8/9/2021 8:30,199186,1731170,1010320
8/9/2021 8:35,199186,1725310,1007160
8/9/2021 8:40,199186,1832240,1045260
8/9/2021 8:45,199186,1814430,1054970
8/9/2021 8:50,199186,1823570,1060990
8/9/2021 8:55,199186,1709660,1033770
8/9/2021 9:00,199186,1761480,1052130
8/9/2021 9:05,199186,1845990,1083850
8/9/2021 9:10,199186,1655560,1022880
8/9/2021 9:15,199186,1744330,1060120
8/9/2021 9:20,199186,1750820,1065380
8/9/2021 9:25,199186,1749880,1057480
8/9/2021 9:30,199186,1767860,1078180
8/9/2021 9:35,199186,1732380,1063620
8/9/2021 9:40,199186,1838480,1115730
8/9/2021 9:45,199186,1752080,1087770
8/9/2021 9:50,199186,1780380,1093570
8/9/2021 9:55,199186,1764520,1091370
8/9/2021 10:00,199186,1827400,1119740
8/9/2021 10:05,199186,1792760,1117550
8/9/2021 10:10,199186,1866770,1139210
8/9/2021 10:15,199186,1727150,1090570
8/9/2021 10:20,199186,1794900,1132910
8/9/2021 10:25,199186,1737110,1109040
8/9/2021 10:30,199186,1861750,1164300
8/9/2021 10:35,199186,1911740,1188350
8/9/2021 10:40,199186,1656410,1084780
8/9/2021 10:45,199186,1777900,1132910
8/9/2021 10:50,199186,1904310,1185630
8/9/2021 10:55,199186,1838650,1161350
8/9/2021 11:00,199186,1831160,1162530
8/9/2021 11:05,199186,1775600,1142230
8/9/2021 11:10,199186,1869380,1179470
8/9/2021 11:15,199186,1806920,1161170
8/9/2021 11:20,199186,1815970,1158040
8/9/2021 11:25,199186,1811830,1156240
8/9/2021 11:30,199186,1923950,1193730
8/9/2021 11:35,199186,1831880,1162110
8/9/2021 11:40,199186,1829880,1164600
8/9/2021 11:45,199186,1887080,1191890
8/9/2021 11:50,199186,1793550,1165890
8/9/2021 11:55,199186,1863790,1188120
8/9/2021 12:00,199186,1932750,1207840
8/9/2021 12:05,199186,1897950,1194990
8/9/2021 12:10,199186,1911910,1195790
8/9/2021 12:15,199186,1916920,1205030
8/9/2021 12:20,199186,1745060,1137850
8/9/2021 12:25,199186,1897260,1205850
8/9/2021 12:30,199186,1828870,1182930
8/9/2021 12:35,199186,1838040,1196860
8/9/2021 12:40,199186,1808860,1177260
8/9/2021 12:45,199186,1753380,1152630
8/9/2021 12:50,199186,1898270,1210350
8/9/2021 12:55,199186,1762560,1157130
8/9/2021 13:00,199186,1960410,1231870
8/9/2021 13:05,199186,1833190,1165160
8/9/2021 13:10,199186,1884430,1194300
8/9/2021 13:15,199186,1813660,1182420
8/9/2021 13:20,199186,1842950,1191610
8/9/2021 13:25,199186,1878170,1200890
8/9/2021 13:30,199186,1863870,1189070
8/9/2021 13:35,199186,2005180,1232360
8/9/2021 13:40,199186,1963150,1215100
8/9/2021 13:45,199186,1921110,1206370
8/9/2021 13:50,199186,1838660,1196120
8/9/2021 13:55,199186,1906030,1212310
8/9/2021 14:00,199186,1877520,1198990
8/9/2021 14:05,199186,1845610,1192820
8/9/2021 14:10,199186,2116670,1274960
8/9/2021 14:15,199186,1964710,1211420
8/9/2021 14:20,199186,1930930,1189130
8/9/2021 14:25,199186,1996950,1216530
8/9/2021 14:30,199186,1991580,1221200
8/9/2021 14:35,199186,1996830,1223640
8/9/2021 14:40,199186,2214800,1293840
8/9/2021 14:45,199186,2070890,1225490
8/9/2021 14:50,199186,2049830,1219740
8/9/2021 14:55,199186,2148150,1248910
8/9/2021 15:00,199186,2132380,1238290
8/9/2021 15:05,199186,2177100,1235780
8/9/2021 15:10,199186,2302660,1296540
8/9/2021 15:15,199186,2193750,1244840
8/9/2021 15:20,199186,2426180,1318830
8/9/2021 15:25,199186,2316190,1262660
8/9/2021 15:30,199186,2390700,1289460
8/9/2021 15:35,199186,2371230,1278740
8/9/2021 15:40,199186,2477080,1314400
8/9/2021 15:45,199186,2425800,1290690
8/9/2021 15:50,199186,2392060,1286210
8/9/2021 15:55,199186,2421460,1245720
8/9/2021 16:00,199186,2492480,1302060
8/9/2021 16:05,199186,2406190,1263880
8/9/2021 16:10,199186,2394630,1257810
8/9/2021 16:15,199186,2542740,1320570
8/9/2021 16:20,199186,2505560,1289210
8/9/2021 16:25,199186,2629220,1313010
8/9/2021 16:30,199186,2562120,1285610
8/9/2021 16:35,199186,2552140,1282360
8/9/2021 16:40,199186,2683220,1328560
8/9/2021 16:45,199186,2559380,1270770
8/9/2021 16:50,199186,2629550,1312840
8/9/2021 16:55,199186,2547980,1265330
8/9/2021 17:00,199186,2690100,1306310
8/9/2021 17:05,199186,2616550,1273470
8/9/2021 17:10,199186,2716190,1308630
8/9/2021 17:15,199186,2667020,1275960
8/9/2021 17:20,199186,2686770,1297120
8/9/2021 17:25,199186,2482130,1207940
8/9/2021 17:30,199186,2684540,1268880
8/9/2021 17:35,199186,2637140,1242600
8/9/2021 17:40,199186,2714960,1275050
8/9/2021 17:45,199186,2744180,1275600
8/9/2021 17:50,199186,2855440,1311440
8/9/2021 17:55,199186,2681070,1237720
8/9/2021 18:00,199186,2804550,1286800
8/9/2021 18:05,199186,2622540,1214580
8/9/2021 18:10,199186,2727340,1251870
8/9/2021 18:15,199186,2821850,1285390
8/9/2021 18:20,199186,2655160,1221590
8/9/2021 18:25,199186,2801860,1285320
8/9/2021 18:30,199186,2606850,1198330
8/9/2021 18:35,199186,2627030,1206870
8/9/2021 18:40,199186,2697450,1214980
8/9/2021 18:45,199186,2649000,1201520
8/9/2021 18:50,199186,2696090,1225910
8/9/2021 18:55,199186,2654130,1193520
8/9/2021 19:00,199186,2721130,1219540
8/9/2021 19:05,199186,2709500,1203540
8/9/2021 19:10,199186,2639220,1166040
8/9/2021 19:15,199186,2634070,1180330
8/9/2021 19:20,199186,2620510,1180660
8/9/2021 19:25,199186,2614440,1180890
8/9/2021 19:30,199186,2588990,1170330
8/9/2021 19:35,199186,2575020,1159720
8/9/2021 19:40,199186,2737870,1210200
8/9/2021 19:45,199186,2600290,1170330
8/9/2021 19:50,199186,2612120,1181180
8/9/2021 19:55,199186,2615450,1166240
8/9/2021 20:00,199186,2637210,1183920
8/9/2021 20:05,199186,2519860,1137590
8/9/2021 20:10,199186,2645190,1186330
8/9/2021 20:15,199186,2557950,1157150
8/9/2021 20:20,199186,2585520,1158710
8/9/2021 20:25,199186,2525960,1135360
8/9/2021 20:30,199186,2672810,1194500
8/9/2021 20:35,199186,2571120,1155440
8/9/2021 20:40,199186,2627380,1188360
8/9/2021 20:45,199186,2446410,1109970
8/9/2021 20:50,199186,2606110,1182140
8/9/2021 20:55,199186,2462770,1122780
8/9/2021 21:00,199186,2584570,1174170
8/9/2021 21:05,199186,2473490,1121280
8/9/2021 21:10,199186,2474270,1127700
8/9/2021 21:15,199186,2409720,1096170
8/9/2021 21:20,199186,2476960,1131920
8/9/2021 21:25,199186,2372680,1102470
8/9/2021 21:30,199186,2316140,1074740
8/9/2021 21:35,199186,2429360,1121410
8/9/2021 21:40,199186,2255660,1059920
8/9/2021 21:45,199186,2343490,1105770
8/9/2021 21:50,199186,2295240,1085060
8/9/2021 21:55,199186,2338670,1100710
8/9/2021 22:00,199186,2325180,1095770
8/9/2021 22:05,199186,2264690,1073220
8/9/2021 22:10,199186,2251740,1088320
8/9/2021 22:15,199186,2143530,1048880
8/9/2021 22:20,199186,2176970,1074000
8/9/2021 22:25,199186,2129890,1066400
8/9/2021 22:30,199186,2081150,1041850
8/9/2021 22:35,199186,1963190,1011360
8/9/2021 22:40,199186,2007060,1039350
8/9/2021 22:45,199186,1887010,1001250
8/9/2021 22:50,199186,1871950,1004360
8/9/2021 22:55,199186,1881900,1019120
8/9/2021 23:00,199186,1842480,999817
8/9/2021 23:05,199186,1793570,984171
8/9/2021 23:10,199186,1808980,1000410
8/9/2021 23:15,199186,1859450,1021250
8/9/2021 23:20,199186,1741860,982866
8/9/2021 23:25,199186,1676100,968710
8/9/2021 23:30,199186,1770510,1015440
8/9/2021 23:35,199186,1653850,972971
8/9/2021 23:40,199186,1571920,953134
8/9/2021 23:45,199186,1556980,953512
8/9/2021 23:50,199186,1550570,957081
8/9/2021 23:55,199186,1453860,930873
8/10/2021 0:00,199186,1506770,948997
8/10/2021 0:05,199186,1455390,936134
8/10/2021 0:10,199186,1447760,930054
8/10/2021 0:15,199186,1445800,930908
8/10/2021 0:20,199186,1391570,923571
8/10/2021 0:25,199186,1381670,925844
8/10/2021 0:30,199186,1329010,906873
8/10/2021 0:35,199186,1302670,897820
8/10/2021 0:40,199186,1424960,943410
8/10/2021 0:45,199186,1258370,892241
8/10/2021 0:50,199186,1256370,886312
8/10/2021 0:55,199186,1301710,909804
8/10/2021 1:00,199186,1255570,898710
8/10/2021 1:05,199186,1240620,894703
8/10/2021 1:10,199186,1243490,901191
8/10/2021 1:15,199186,1205770,889411
8/10/2021 1:20,199186,1268230,905738
8/10/2021 1:25,199186,1230970,887488
8/10/2021 1:30,199186,1196100,879131
8/10/2021 1:35,199186,1215160,891973
8/10/2021 1:40,199186,1158280,871508
8/10/2021 1:45,199186,1183240,886271
8/10/2021 1:50,199186,1161080,878986
8/10/2021 1:55,199186,1165680,877374
8/10/2021 2:00,199186,1197240,885135
8/10/2021 2:05,199186,1218900,888883
8/10/2021 2:10,199186,1171070,865325
8/10/2021 2:15,199186,1181940,888598
8/10/2021 2:20,199186,1201730,885667
8/10/2021 2:25,199186,1186100,873802
8/10/2021 2:30,199186,1168040,867592
8/10/2021 2:35,199186,1178740,869555
8/10/2021 2:40,199186,1134750,864719
8/10/2021 2:45,199186,1122590,857549
8/10/2021 2:50,199186,1115280,852860
8/10/2021 2:55,199186,1105200,848209
8/10/2021 3:00,199186,1112780,848492
8/10/2021 3:05,199186,1097540,856278
8/10/2021 3:10,199186,1082290,847807
8/10/2021 3:15,199186,1125840,852616
8/10/2021 3:20,199186,1160590,859889
8/10/2021 3:25,199186,1196370,855854
8/10/2021 3:30,199186,1131910,848124
8/10/2021 3:35,199186,1137280,852265
8/10/2021 3:40,199186,1110470,848966
8/10/2021 3:45,199186,1097600,850205
8/10/2021 3:50,199186,1095090,844898
8/10/2021 3:55,199186,1156460,850647
8/10/2021 4:00,199186,1137620,846136
8/10/2021 4:05,199186,1138430,846820
8/10/2021 4:10,199186,1176060,847755
8/10/2021 4:15,199186,1161650,854610
8/10/2021 4:20,199186,1136570,848841
8/10/2021 4:25,199186,1167260,865085
8/10/2021 4:30,199186,1198580,854683
8/10/2021 4:35,199186,1226810,851683
8/10/2021 4:40,199186,1205070,850103
8/10/2021 4:45,199186,1204400,850875
8/10/2021 4:50,199186,1209910,850411
8/10/2021 4:55,199186,1223820,848344
8/10/2021 5:00,199186,1255700,850353
8/10/2021 5:05,199186,1255100,851698
8/10/2021 5:10,199186,1244770,853534
8/10/2021 5:15,199186,1221100,853423
8/10/2021 5:20,199186,1225620,861468
8/10/2021 5:25,199186,1287020,855988
8/10/2021 5:30,199186,1269860,850982
8/10/2021 5:35,199186,1299350,854284
8/10/2021 5:40,199186,1317130,856968
8/10/2021 5:45,199186,1293390,858018
8/10/2021 5:50,199186,1299560,856866
8/10/2021 5:55,199186,1351490,859542
8/10/2021 6:00,199186,1327710,856514
8/10/2021 6:05,199186,1378800,853656
8/10/2021 6:10,199186,1393230,860741
8/10/2021 6:15,199186,1378240,862582
8/10/2021 6:20,199186,1396630,868230
8/10/2021 6:25,199186,1384940,860312
8/10/2021 6:30,199186,1405950,866034
8/10/2021 6:35,199186,1391870,864168
8/10/2021 6:40,199186,1407650,871621
8/10/2021 6:45,199186,1365200,869740
8/10/2021 6:50,199186,1459070,884516
8/10/2021 6:55,199186,1528320,896571
8/10/2021 7:00,199186,1489680,892888
8/10/2021 7:05,199186,1516320,883953
8/10/2021 7:10,199186,1521590,882796
8/10/2021 7:15,199186,1520470,885481
8/10/2021 7:20,199186,1601100,911365
8/10/2021 7:25,199186,1585880,910462
8/10/2021 7:30,199186,1556790,909645
8/10/2021 7:35,199186,1540150,914174
8/10/2021 7:40,199186,1602210,933367
8/10/2021 7:45,199186,1655250,940617
8/10/2021 7:50,199186,1694370,949856
8/10/2021 7:55,199186,1630360,933129
8/10/2021 8:00,199186,1590470,936917
8/10/2021 8:05,199186,1610990,964330
8/10/2021 8:10,199186,1735820,990959
8/10/2021 8:15,199186,1630720,985322
8/10/2021 8:20,199186,1622540,965120
8/10/2021 8:25,199186,1695240,994352
8/10/2021 8:30,199186,1694840,995623
8/10/2021 8:35,199186,1604970,973583
8/10/2021 8:40,199186,1791250,1030080
8/10/2021 8:45,199186,1697160,1022880
8/10/2021 8:50,199186,1792190,1047900
8/10/2021 8:55,199186,1800400,1071320
8/10/2021 9:00,199186,1621100,1015720
8/10/2021 9:05,199186,1715630,1050610
8/10/2021 9:10,199186,1655390,1047430
8/10/2021 9:15,199186,1567230,1030380
8/10/2021 9:20,199186,1754360,1071280
8/10/2021 9:25,199186,1712560,1079470
8/10/2021 9:30,199186,1695770,1064870
8/10/2021 9:35,199186,1905280,1085870
8/10/2021 9:40,199186,1646820,1038310
8/10/2021 9:45,199186,1556380,1030550
8/10/2021 9:50,199186,1823690,1087980
8/10/2021 9:55,199186,1703710,1083020
8/10/2021 10:00,199186,1648220,1072660
8/10/2021 10:05,199186,1690560,1096220
8/10/2021 10:10,199186,1802270,1125480
8/10/2021 10:15,199186,1686500,1092850
8/10/2021 10:20,199186,1687780,1108380
8/10/2021 10:25,199186,1639770,1072550
8/10/2021 10:30,199186,1801330,1151880
8/10/2021 10:35,199186,1679970,1098950
8/10/2021 10:40,199186,1641530,1097140
8/10/2021 10:45,199186,1713150,1123080
8/10/2021 10:50,199186,1574390,1065540
8/10/2021 10:55,199186,1746290,1109910
8/10/2021 11:00,199186,1794560,1160430
8/10/2021 11:05,199186,1676550,1118080
8/10/2021 11:10,199186,1737990,1136890
8/10/2021 11:15,199186,1751890,1143820
8/10/2021 11:20,199186,1762440,1141220
8/10/2021 11:25,199186,1722660,1128750
8/10/2021 11:30,199186,1831490,1154060
8/10/2021 11:35,199186,1775420,1154990
8/10/2021 11:40,199186,1787050,1151350
8/10/2021 11:45,199186,1750120,1157810
8/10/2021 11:50,199186,1710410,1139420
8/10/2021 11:55,199186,1717210,1142870
8/10/2021 12:00,199186,1720800,1138360
8/10/2021 12:05,199186,1625840,1097110
8/10/2021 12:10,199186,1808840,1168070
8/10/2021 12:15,199186,1675900,1116740
8/10/2021 12:20,199186,1764070,1154180
8/10/2021 12:25,199186,1811250,1182920
8/10/2021 12:30,199186,1672760,1132470
8/10/2021 12:35,199186,1659850,1141670
8/10/2021 12:40,199186,1708550,1147580
8/10/2021 12:45,199186,1717450,1145440
8/10/2021 12:50,199186,1710290,1141420
8/10/2021 12:55,199186,1706330,1150010
8/10/2021 13:00,199186,1844170,1200830
8/10/2021 13:05,199186,1915750,1208130
8/10/2021 13:10,199186,1713020,1125410
8/10/2021 13:15,199186,1734260,1154210
8/10/2021 13:20,199186,1858290,1201740
8/10/2021 13:25,199186,1803930,1174000
8/10/2021 13:30,199186,1772650,1169390
8/10/2021 13:35,199186,1794910,1161700
8/10/2021 13:40,199186,1821430,1179410
8/10/2021 13:45,199186,1866850,1191840
8/10/2021 13:50,199186,1742260,1160300
8/10/2021 13:55,199186,1779600,1184290
8/10/2021 14:00,199186,1775340,1167540
8/10/2021 14:05,199186,1872880,1202100
8/10/2021 14:10,199186,1876010,1199550
8/10/2021 14:15,199186,1810180,1160200
8/10/2021 14:20,199186,1889720,1174280
8/10/2021 14:25,199186,2065790,1248920
8/10/2021 14:30,199186,1979990,1221770
8/10/2021 14:35,199186,1916750,1200960
8/10/2021 14:40,199186,2061810,1247240
8/10/2021 14:45,199186,1946280,1190830
8/10/2021 14:50,199186,2073400,1240400
8/10/2021 14:55,199186,2025990,1206360
8/10/2021 15:00,199186,2101580,1234320
8/10/2021 15:05,199186,2080700,1205150
8/10/2021 15:10,199186,2160680,1250370
8/10/2021 15:15,199186,2164880,1245140
8/10/2021 15:20,199186,2299770,1280560
8/10/2021 15:25,199186,2269120,1260030
8/10/2021 15:30,199186,2219880,1235010
8/10/2021 15:35,199186,2272630,1252850
8/10/2021 15:40,199186,2333040,1259990
8/10/2021 15:45,199186,2323610,1258270
8/10/2021 15:50,199186,2304080,1247180
8/10/2021 15:55,199186,2377650,1264110
8/10/2021 16:00,199186,2417280,1278130
8/10/2021 16:05,199186,2364320,1252260
8/10/2021 16:10,199186,2471280,1298440
8/10/2021 16:15,199186,2314250,1239580
8/10/2021 16:20,199186,2389150,1248200
8/10/2021 16:25,199186,2523130,1283320
8/10/2021 16:30,199186,2444970,1252360
8/10/2021 16:35,199186,2461430,1257010
8/10/2021 16:40,199186,2492140,1252180
8/10/2021 16:45,199186,2457410,1243500
8/10/2021 16:50,199186,2476750,1254620
8/10/2021 16:55,199186,2619930,1292490
8/10/2021 17:00,199186,2498060,1236290
8/10/2021 17:05,199186,2507940,1238020
8/10/2021 17:10,199186,2694480,1304720
8/10/2021 17:15,199186,2656020,1276400
8/10/2021 17:20,199186,2713900,1300280
8/10/2021 17:25,199186,2505470,1223360
8/10/2021 17:30,199186,2564070,1229740
8/10/2021 17:35,199186,2712190,1281380
8/10/2021 17:40,199186,2716240,1269450
8/10/2021 17:45,199186,2678620,1254200
8/10/2021 17:50,199186,2684030,1248750
8/10/2021 17:55,199186,2746040,1271860
8/10/2021 18:00,199186,2621810,1220410
8/10/2021 18:05,199186,2639210,1224850
8/10/2021 18:10,199186,2635330,1218670
8/10/2021 18:15,199186,2607070,1204250
8/10/2021 18:20,199186,2716900,1255050
8/10/2021 18:25,199186,2731210,1250970
8/10/2021 18:30,199186,2686070,1235480
8/10/2021 18:35,199186,2621280,1196640
8/10/2021 18:40,199186,2665780,1210770
8/10/2021 18:45,199186,2698580,1227910
8/10/2021 18:50,199186,2489750,1143600
8/10/2021 18:55,199186,2725710,1232020
8/10/2021 19:00,199186,2714910,1218090
8/10/2021 19:05,199186,2715910,1206010
8/10/2021 19:10,199186,2701810,1195500
8/10/2021 19:15,199186,2647030,1183930
8/10/2021 19:20,199186,2550250,1155940
8/10/2021 19:25,199186,2692220,1207710
8/10/2021 19:30,199186,2461530,1121550
8/10/2021 19:35,199186,2708460,1214690
8/10/2021 19:40,199186,2593510,1156060
8/10/2021 19:45,199186,2574860,1149390
8/10/2021 19:50,199186,2526000,1140850
8/10/2021 19:55,199186,2558670,1143890
8/10/2021 20:00,199186,2588830,1166480
8/10/2021 20:05,199186,2426930,1103770
8/10/2021 20:10,199186,2514700,1128070
8/10/2021 20:15,199186,2575300,1165300
8/10/2021 20:20,199186,2538750,1145120
8/10/2021 20:25,199186,2517660,1136170
8/10/2021 20:30,199186,2507020,1127520
8/10/2021 20:35,199186,2528000,1138750
8/10/2021 20:40,199186,2450820,1115360
8/10/2021 20:45,199186,2430870,1116010
8/10/2021 20:50,199186,2366570,1095110
8/10/2021 20:55,199186,2421200,1106840
8/10/2021 21:00,199186,2515260,1150280
8/10/2021 21:05,199186,2346440,1087070
8/10/2021 21:10,199186,2423770,1109520
8/10/2021 21:15,199186,2443920,1114810
8/10/2021 21:20,199186,2267730,1049820
8/10/2021 21:25,199186,2351000,1093750
8/10/2021 21:30,199186,2377190,1100140
8/10/2021 21:35,199186,2311340,1070350
8/10/2021 21:40,199186,2306180,1082150
8/10/2021 21:45,199186,2244450,1067770
8/10/2021 21:50,199186,2221790,1057990
8/10/2021 21:55,199186,2177670,1039060
8/10/2021 22:00,199186,2125360,1025140
8/10/2021 22:05,199186,2243030,1072280
8/10/2021 22:10,199186,2077260,1023860
8/10/2021 22:15,199186,2134740,1048480
8/10/2021 22:20,199186,2089450,1038320
8/10/2021 22:25,199186,2045970,1033620
8/10/2021 22:30,199186,2036810,1024000
8/10/2021 22:35,199186,1959940,1007880
8/10/2021 22:40,199186,1925920,1009060
8/10/2021 22:45,199186,1829640,978066
8/10/2021 22:50,199186,1857650,994454
8/10/2021 22:55,199186,1810720,984490
8/10/2021 23:00,199186,1843040,993106
8/10/2021 23:05,199186,1776800,982363
8/10/2021 23:10,199186,1723830,972630
8/10/2021 23:15,199186,1635640,944584
8/10/2021 23:20,199186,1670060,959282
8/10/2021 23:25,199186,1619140,951717
8/10/2021 23:30,199186,1567110,935748
8/10/2021 23:35,199186,1569160,942034
8/10/2021 23:40,199186,1491480,923176
8/10/2021 23:45,199186,1501750,934202
8/10/2021 23:50,199186,1486850,934364
8/10/2021 23:55,199186,1492100,946197
8/11/2021 0:00,199186,1415090,921954
8/11/2021 0:05,199186,1420190,929064
8/11/2021 0:10,199186,1427590,925348
8/11/2021 0:15,199186,1408150,915344
8/11/2021 0:20,199186,1348780,903305
8/11/2021 0:25,199186,1356510,912047
8/11/2021 0:30,199186,1276500,891376
8/11/2021 0:35,199186,1287890,887671
8/11/2021 0:40,199186,1284740,884193
8/11/2021 0:45,199186,1186950,869170
8/11/2021 0:50,199186,1185400,858889
8/11/2021 0:55,199186,1179520,866968
8/11/2021 1:00,199186,1159280,865691
8/11/2021 1:05,199186,1144850,863237
8/11/2021 1:10,199186,1148270,862131
8/11/2021 1:15,199186,1104310,852516
8/11/2021 1:20,199186,1141420,859568
8/11/2021 1:25,199186,1115240,852330
8/11/2021 1:30,199186,1145180,861318
8/11/2021 1:35,199186,1138910,860712
8/11/2021 1:40,199186,1135170,857388
8/11/2021 1:45,199186,1095180,848680
8/11/2021 1:50,199186,1116280,859583
8/11/2021 1:55,199186,1089470,855909
8/11/2021 2:00,199186,1090740,847868
8/11/2021 2:05,199186,1112720,847719
8/11/2021 2:10,199186,1123780,845429
8/11/2021 2:15,199186,1062370,845317
8/11/2021 2:20,199186,1108070,853939
8/11/2021 2:25,199186,1133710,860361
8/11/2021 2:30,199186,1164390,862822
8/11/2021 2:35,199186,1110610,847492
8/11/2021 2:40,199186,1094500,847140
8/11/2021 2:45,199186,1113680,849271
8/11/2021 2:50,199186,1080690,847093
8/11/2021 2:55,199186,1103920,850361
8/11/2021 3:00,199186,1120180,850178
8/11/2021 3:05,199186,1067050,846671
8/11/2021 3:10,199186,1076840,843544
8/11/2021 3:15,199186,1097420,842673
8/11/2021 3:20,199186,1111470,842164
8/11/2021 3:25,199186,1138340,844331
8/11/2021 3:30,199186,1113400,842515
8/11/2021 3:35,199186,1105340,842773
8/11/2021 3:40,199186,1081890,842228
8/11/2021 3:45,199186,1080860,843192
8/11/2021 3:50,199186,1091790,844175
8/11/2021 3:55,199186,1120560,842829
8/11/2021 4:00,199186,1113640,841663
8/11/2021 4:05,199186,1129750,842593
8/11/2021 4:10,199186,1165050,843533
8/11/2021 4:15,199186,1109770,843462
8/11/2021 4:20,199186,1130460,844086
8/11/2021 4:25,199186,1105590,845441
8/11/2021 4:30,199186,1175780,849333
8/11/2021 4:35,199186,1222600,856838
8/11/2021 4:40,199186,1211410,849278
8/11/2021 4:45,199186,1192150,847413
8/11/2021 4:50,199186,1203740,847844
8/11/2021 4:55,199186,1215700,845297
8/11/2021 5:00,199186,1253330,845631
8/11/2021 5:05,199186,1249480,847580
8/11/2021 5:10,199186,1252470,848904
8/11/2021 5:15,199186,1198880,848790
8/11/2021 5:20,199186,1204050,849167
8/11/2021 5:25,199186,1263420,849618
8/11/2021 5:30,199186,1277600,850417
8/11/2021 5:35,199186,1274810,849922
8/11/2021 5:40,199186,1301470,849147
8/11/2021 5:45,199186,1273850,852209
8/11/2021 5:50,199186,1288960,855319
8/11/2021 5:55,199186,1336560,857327
8/11/2021 6:00,199186,1339760,855062
8/11/2021 6:05,199186,1365750,851041
8/11/2021 6:10,199186,1379500,851850
8/11/2021 6:15,199186,1328760,851618
8/11/2021 6:20,199186,1349070,857122
8/11/2021 6:25,199186,1372980,855481
8/11/2021 6:30,199186,1388000,858420
8/11/2021 6:35,199186,1353450,859598
8/11/2021 6:40,199186,1380750,860566
8/11/2021 6:45,199186,1383330,870982
8/11/2021 6:50,199186,1386040,870274
8/11/2021 6:55,199186,1408180,871914
8/11/2021 7:00,199186,1399070,881846
8/11/2021 7:05,199186,1427560,880027
8/11/2021 7:10,199186,1472770,889644
8/11/2021 7:15,199186,1498730,901213
8/11/2021 7:20,199186,1507190,893761
8/11/2021 7:25,199186,1458160,897484
8/11/2021 7:30,199186,1411920,893854
8/11/2021 7:35,199186,1422070,911840
8/11/2021 7:40,199186,1450710,911041
8/11/2021 7:45,199186,1492080,925835
8/11/2021 7:50,199186,1595800,945517
8/11/2021 7:55,199186,1553440,924676
8/11/2021 8:00,199186,1549300,929121
8/11/2021 8:05,199186,1579000,930420
8/11/2021 8:10,199186,1630680,942970
8/11/2021 8:15,199186,1551830,935846
8/11/2021 8:20,199186,1569010,939386
8/11/2021 8:25,199186,1635710,965834
8/11/2021 8:30,199186,1637720,968691
8/11/2021 8:35,199186,1678860,972628
8/11/2021 8:40,199186,1608340,955764
8/11/2021 8:45,199186,1718440,1030110
8/11/2021 8:50,199186,1637350,1004360
8/11/2021 8:55,199186,1638790,1013450
8/11/2021 9:00,199186,1755100,1057630
8/11/2021 9:05,199186,1594790,1002450
8/11/2021 9:10,199186,1687880,1054580
8/11/2021 9:15,199186,1610050,1030670
8/11/2021 9:20,199186,1587860,1017570
8/11/2021 9:25,199186,1692670,1053800
8/11/2021 9:30,199186,1809550,1078470
8/11/2021 9:35,199186,1771170,1040480
8/11/2021 9:40,199186,1716920,1033220
8/11/2021 9:45,199186,1751240,1051900
8/11/2021 9:50,199186,1658500,1023870
8/11/2021 9:55,199186,1681020,1060170
8/11/2021 10:00,199186,1658590,1061490
8/11/2021 10:05,199186,1731480,1077030
8/11/2021 10:10,199186,1743900,1067940
8/11/2021 10:15,199186,1663560,1057520
8/11/2021 10:20,199186,1774670,1102240
8/11/2021 10:25,199186,1720370,1099650
8/11/2021 10:30,199186,1536050,1056300
8/11/2021 10:35,199186,1710600,1102610
8/11/2021 10:40,199186,1729820,1116470
8/11/2021 10:45,199186,1607750,1061430
8/11/2021 10:50,199186,1656540,1092960
8/11/2021 10:55,199186,1741400,1136430
8/11/2021 11:00,199186,1777190,1122540
8/11/2021 11:05,199186,1798850,1124170
8/11/2021 11:10,199186,1645230,1065610
8/11/2021 11:15,199186,1884520,1131710
8/11/2021 11:20,199186,1922480,1119400
8/11/2021 11:25,199186,1785310,1094410
8/11/2021 11:30,199186,1868440,1122750
8/11/2021 11:35,199186,1683180,1067440
8/11/2021 11:40,199186,1830340,1115510
8/11/2021 11:45,199186,1777380,1100380
8/11/2021 11:50,199186,1795850,1142060
8/11/2021 11:55,199186,1588040,1065930
8/11/2021 12:00,199186,1749750,1135690
8/11/2021 12:05,199186,1740030,1132420
8/11/2021 12:10,199186,1815640,1139520
8/11/2021 12:15,199186,1850820,1151220
8/11/2021 12:20,199186,1621460,1095450
8/11/2021 12:25,199186,1615840,1108180
8/11/2021 12:30,199186,1649080,1129230
8/11/2021 12:35,199186,1664060,1140230
8/11/2021 12:40,199186,1882490,1194120
8/11/2021 12:45,199186,1817240,1159310
8/11/2021 12:50,199186,1652330,1111120
8/11/2021 12:55,199186,1731140,1165340
8/11/2021 13:00,199186,1718230,1143540
8/11/2021 13:05,199186,1825190,1169590
8/11/2021 13:10,199186,1704920,1134310
8/11/2021 13:15,199186,1820170,1182120
8/11/2021 13:20,199186,1725560,1141130
8/11/2021 13:25,199186,1827670,1171560
8/11/2021 13:30,199186,1865930,1185570
8/11/2021 13:35,199186,1843970,1168090
8/11/2021 13:40,199186,1713170,1128470
8/11/2021 13:45,199186,1820440,1162740
8/11/2021 13:50,199186,1892330,1213520
8/11/2021 13:55,199186,1852030,1176010
8/11/2021 14:00,199186,1803760,1142760
8/11/2021 14:05,199186,1805330,1146310
8/11/2021 14:10,199186,1976590,1169890
8/11/2021 14:15,199186,1870120,1135510
8/11/2021 14:20,199186,2092490,1208540
8/11/2021 14:25,199186,2068400,1188790
8/11/2021 14:30,199186,1959890,1156460
8/11/2021 14:35,199186,2008520,1153680
8/11/2021 14:40,199186,2067390,1173120
8/11/2021 14:45,199186,2191520,1215690
8/11/2021 14:50,199186,2031120,1153360
8/11/2021 14:55,199186,2164770,1201560
8/11/2021 15:00,199186,2053490,1148660
8/11/2021 15:05,199186,2111920,1168510
8/11/2021 15:10,199186,2309090,1229560
8/11/2021 15:15,199186,2256080,1222250
8/11/2021 15:20,199186,2145430,1173840
8/11/2021 15:25,199186,2321900,1225190
8/11/2021 15:30,199186,2319360,1215710
8/11/2021 15:35,199186,2385400,1249070
8/11/2021 15:40,199186,2431370,1247300
8/11/2021 15:45,199186,2347940,1194940
8/11/2021 15:50,199186,2345950,1181140
8/11/2021 15:55,199186,2379800,1190020
8/11/2021 16:00,199186,2447590,1210590
8/11/2021 16:05,199186,2526370,1218270
8/11/2021 16:10,199186,2413800,1184090
8/11/2021 16:15,199186,2295820,1146380
8/11/2021 16:20,199186,2426150,1183600
8/11/2021 16:25,199186,2531260,1210000
8/11/2021 16:30,199186,2333030,1120610
8/11/2021 16:35,199186,2526600,1215100
8/11/2021 16:40,199186,2410740,1159920
8/11/2021 16:45,199186,2629860,1250370
8/11/2021 16:50,199186,2523800,1215970
8/11/2021 16:55,199186,2437930,1185010
8/11/2021 17:00,199186,2524020,1208040
8/11/2021 17:05,199186,2584630,1232470
8/11/2021 17:10,199186,2569420,1208950
8/11/2021 17:15,199186,2534590,1199980
8/11/2021 17:20,199186,2602470,1229530
8/11/2021 17:25,199186,2569520,1214820
8/11/2021 17:30,199186,2564780,1197840
8/11/2021 17:35,199186,2515580,1180780
8/11/2021 17:40,199186,2513540,1164280
8/11/2021 17:45,199186,2640070,1210170
8/11/2021 17:50,199186,2629830,1215470
8/11/2021 17:55,199186,2561270,1184370
8/11/2021 18:00,199186,2652380,1224210
8/11/2021 18:05,199186,2483040,1184020
8/11/2021 18:10,199186,2456300,1169660
8/11/2021 18:15,199186,2682660,1255370
8/11/2021 18:20,199186,2639320,1232150
8/11/2021 18:25,199186,2505160,1171220
8/11/2021 18:30,199186,2491770,1155540
8/11/2021 18:35,199186,2713630,1245200
8/11/2021 18:40,199186,2596600,1187850
8/11/2021 18:45,199186,2586330,1177470
8/11/2021 18:50,199186,2572580,1165720
8/11/2021 18:55,199186,2654570,1195160
8/11/2021 19:00,199186,2617920,1174590
8/11/2021 19:05,199186,2572720,1153780
8/11/2021 19:10,199186,2568610,1150770
8/11/2021 19:15,199186,2590650,1163680
8/11/2021 19:20,199186,2494040,1132330
8/11/2021 19:25,199186,2551930,1158980
8/11/2021 19:30,199186,2463280,1123080
8/11/2021 19:35,199186,2501520,1138060
8/11/2021 19:40,199186,2473640,1101470
8/11/2021 19:45,199186,2572290,1155220
8/11/2021 19:50,199186,2485950,1127630
8/11/2021 19:55,199186,2547420,1145010
8/11/2021 20:00,199186,2470020,1116110
8/11/2021 20:05,199186,2407320,1096250
8/11/2021 20:10,199186,2530710,1139570
8/11/2021 20:15,199186,2410920,1091330
8/11/2021 20:20,199186,2372560,1083050
8/11/2021 20:25,199186,2449170,1113720
8/11/2021 20:30,199186,2441440,1104190
8/11/2021 20:35,199186,2501350,1135100
8/11/2021 20:40,199186,2334970,1076950
8/11/2021 20:45,199186,2242860,1046790
8/11/2021 20:50,199186,2236940,1048230
8/11/2021 20:55,199186,2246760,1039530
8/11/2021 21:00,199186,2379270,1101180
8/11/2021 21:05,199186,2250750,1045500
8/11/2021 21:10,199186,2325000,1068630
8/11/2021 21:15,199186,2322350,1070530
8/11/2021 21:20,199186,2278560,1056150
8/11/2021 21:25,199186,2287960,1069280
8/11/2021 21:30,199186,2195650,1031740
8/11/2021 21:35,199186,2102000,995008
8/11/2021 21:40,199186,2049000,987348
8/11/2021 21:45,199186,2061300,1002710
8/11/2021 21:50,199186,2087100,1009070
8/11/2021 21:55,199186,2057450,998045
8/11/2021 22:00,199186,1997230,978088
8/11/2021 22:05,199186,1978790,972795
8/11/2021 22:10,199186,2049640,1016300
8/11/2021 22:15,199186,2034520,1014190
8/11/2021 22:20,199186,1958440,988807
8/11/2021 22:25,199186,1960900,999848
8/11/2021 22:30,199186,1996380,1017600
8/11/2021 22:35,199186,2024460,1037230
8/11/2021 22:40,199186,1923830,1005370
8/11/2021 22:45,199186,1811910,974555
8/11/2021 22:50,199186,1787010,967917
8/11/2021 22:55,199186,1791360,979623
8/11/2021 23:00,199186,1770260,970556
8/11/2021 23:05,199186,1725770,960100
8/11/2021 23:10,199186,1747300,981660
8/11/2021 23:15,199186,1681890,965481
8/11/2021 23:20,199186,1669250,950991
8/11/2021 23:25,199186,1624080,953259
8/11/2021 23:30,199186,1656140,969788
8/11/2021 23:35,199186,1586330,951020
8/11/2021 23:40,199186,1521460,935748
8/11/2021 23:45,199186,1497870,929817
8/11/2021 23:50,199186,1430090,913852
8/11/2021 23:55,199186,1400150,913830
8/12/2021 0:00,199186,1410640,917815
8/12/2021 0:05,199186,1333140,895005
8/12/2021 0:10,199186,1339340,891726
8/12/2021 0:15,199186,1420050,922497
8/12/2021 0:20,199186,1326610,900719
8/12/2021 0:25,199186,1283130,890670
8/12/2021 0:30,199186,1236230,878071
8/12/2021 0:35,199186,1368240,925387
8/12/2021 0:40,199186,1337610,908986
8/12/2021 0:45,199186,1258760,896064
8/12/2021 0:50,199186,1274230,893840
8/12/2021 0:55,199186,1219920,881477
8/12/2021 1:00,199186,1181830,878010
8/12/2021 1:05,199186,1185740,877578
8/12/2021 1:10,199186,1199180,878346
8/12/2021 1:15,199186,1184390,880318
8/12/2021 1:20,199186,1177540,872728
8/12/2021 1:25,199186,1159790,865156
8/12/2021 1:30,199186,1136680,858589
8/12/2021 1:35,199186,1130720,856968
8/12/2021 1:40,199186,1161860,870159
8/12/2021 1:45,199186,1104940,851904
8/12/2021 1:50,199186,1109650,857589
8/12/2021 1:55,199186,1090270,855112
8/12/2021 2:00,199186,1133110,862545
8/12/2021 2:05,199186,1106390,849949
8/12/2021 2:10,199186,1117770,850117
8/12/2021 2:15,199186,1072480,844635
8/12/2021 2:20,199186,1082870,846040
8/12/2021 2:25,199186,1105440,846960
8/12/2021 2:30,199186,1141730,855158
8/12/2021 2:35,199186,1101500,846373
8/12/2021 2:40,199186,1095070,853367
8/12/2021 2:45,199186,1094690,845839
8/12/2021 2:50,199186,1091380,852000
8/12/2021 2:55,199186,1119840,857133
8/12/2021 3:00,199186,1128850,850479
8/12/2021 3:05,199186,1084250,852002
8/12/2021 3:10,199186,1094760,849614
8/12/2021 3:15,199186,1120590,849971
8/12/2021 3:20,199186,1108270,846412
8/12/2021 3:25,199186,1135220,847127
8/12/2021 3:30,199186,1152550,855100
8/12/2021 3:35,199186,1112920,844341
8/12/2021 3:40,199186,1102280,845345
8/12/2021 3:45,199186,1074160,844459
8/12/2021 3:50,199186,1114330,849743
8/12/2021 3:55,199186,1122070,843349
8/12/2021 4:00,199186,1132290,848361
8/12/2021 4:05,199186,1137190,847992
8/12/2021 4:10,199186,1162490,846662
8/12/2021 4:15,199186,1116190,844808
8/12/2021 4:20,199186,1126770,844642
8/12/2021 4:25,199186,1108140,844733
8/12/2021 4:30,199186,1159180,847894
8/12/2021 4:35,199186,1207330,849139
8/12/2021 4:40,199186,1224690,848849
8/12/2021 4:45,199186,1202780,849571
8/12/2021 4:50,199186,1184330,845952
8/12/2021 4:55,199186,1224090,849850
8/12/2021 5:00,199186,1281650,852142
8/12/2021 5:05,199186,1256670,852720
8/12/2021 5:10,199186,1239640,850237
8/12/2021 5:15,199186,1210320,848828
8/12/2021 5:20,199186,1203960,848978
8/12/2021 5:25,199186,1271340,853467
8/12/2021 5:30,199186,1289200,853008
8/12/2021 5:35,199186,1306260,852949
8/12/2021 5:40,199186,1333360,855861
8/12/2021 5:45,199186,1297340,857095
8/12/2021 5:50,199186,1298540,852205
8/12/2021 5:55,199186,1317900,853225
8/12/2021 6:00,199186,1316620,851812
8/12/2021 6:05,199186,1369630,855008
8/12/2021 6:10,199186,1394090,859038
8/12/2021 6:15,199186,1359290,854939
8/12/2021 6:20,199186,1355480,855683
8/12/2021 6:25,199186,1373400,858065
8/12/2021 6:30,199186,1402790,863523
8/12/2021 6:35,199186,1387730,865733
8/12/2021 6:40,199186,1402380,869883
8/12/2021 6:45,199186,1391560,868862
8/12/2021 6:50,199186,1396360,868588
8/12/2021 6:55,199186,1447510,890082
8/12/2021 7:00,199186,1441210,888940
8/12/2021 7:05,199186,1473690,888371
8/12/2021 7:10,199186,1470330,881926
8/12/2021 7:15,199186,1494480,894652
8/12/2021 7:20,199186,1512640,895908
8/12/2021 7:25,199186,1521930,914646
8/12/2021 7:30,199186,1534680,921022
8/12/2021 7:35,199186,1484080,910901
8/12/2021 7:40,199186,1528020,933656
8/12/2021 7:45,199186,1640520,968325
8/12/2021 7:50,199186,1594260,945270
8/12/2021 7:55,199186,1583990,945711
8/12/2021 8:00,199186,1601750,962278
8/12/2021 8:05,199186,1694630,996362
8/12/2021 8:10,199186,1663010,977684
8/12/2021 8:15,199186,1639970,992091
8/12/2021 8:20,199186,1667320,985744
8/12/2021 8:25,199186,1718360,986831
8/12/2021 8:30,199186,1746070,1016170
8/12/2021 8:35,199186,1667450,989754
8/12/2021 8:40,199186,1772530,1034960
8/12/2021 8:45,199186,1825550,1066470
8/12/2021 8:50,199186,1718870,1030830
8/12/2021 8:55,199186,1701590,1028500
8/12/2021 9:00,199186,1660510,1023880
8/12/2021 9:05,199186,1715500,1045490
8/12/2021 9:10,199186,1775420,1078690
8/12/2021 9:15,199186,1701530,1049870
8/12/2021 9:20,199186,1697060,1055620
8/12/2021 9:25,199186,1828150,1095910
8/12/2021 9:30,199186,1802270,1092570
8/12/2021 9:35,199186,1758610,1086390
8/12/2021 9:40,199186,1737180,1088310
8/12/2021 9:45,199186,1820800,1121450
8/12/2021 9:50,199186,1789610,1102000
8/12/2021 9:55,199186,1833530,1122990
8/12/2021 10:00,199186,1738040,1096890
8/12/2021 10:05,199186,1703710,1087620
8/12/2021 10:10,199186,1771920,1110770
8/12/2021 10:15,199186,1768450,1110660
8/12/2021 10:20,199186,1676640,1093290
8/12/2021 10:25,199186,1704580,1105060
8/12/2021 10:30,199186,1756640,1133840
8/12/2021 10:35,199186,1683380,1106580
8/12/2021 10:40,199186,1700280,1110440
8/12/2021 10:45,199186,1752060,1134700
8/12/2021 10:50,199186,1596060,1066140
8/12/2021 10:55,199186,1820120,1170370
8/12/2021 11:00,199186,1741600,1136840
8/12/2021 11:05,199186,1642650,1110590
8/12/2021 11:10,199186,1745050,1147380
8/12/2021 11:15,199186,1642510,1098590
8/12/2021 11:20,199186,1848500,1169740
8/12/2021 11:25,199186,1819870,1168390
8/12/2021 11:30,199186,1787210,1148360
8/12/2021 11:35,199186,1770070,1145300
8/12/2021 11:40,199186,1745400,1137880
8/12/2021 11:45,199186,1752680,1152060
8/12/2021 11:50,199186,1757800,1159430
8/12/2021 11:55,199186,1738650,1151190
8/12/2021 12:00,199186,1867230,1193830
8/12/2021 12:05,199186,1760830,1148990
8/12/2021 12:10,199186,1840480,1169240
8/12/2021 12:15,199186,1928580,1220640
8/12/2021 12:20,199186,1699800,1140460
8/12/2021 12:25,199186,1863730,1145690
8/12/2021 12:30,199186,1618950,1118170
8/12/2021 12:35,199186,1710000,1159410
8/12/2021 12:40,199186,1636210,1131940
8/12/2021 12:45,199186,1822380,1193910
8/12/2021 12:50,199186,1693680,1123350
8/12/2021 12:55,199186,1793870,1188620
8/12/2021 13:00,199186,1662750,1124750
8/12/2021 13:05,199186,1937100,1218470
8/12/2021 13:10,199186,1854620,1197000
8/12/2021 13:15,199186,1688270,1138610
8/12/2021 13:20,199186,1903720,1228810
8/12/2021 13:25,199186,1793150,1146150
8/12/2021 13:30,199186,1862750,1207810
8/12/2021 13:35,199186,1822140,1167080
8/12/2021 13:40,199186,1881560,1199300
8/12/2021 13:45,199186,1875300,1204280
8/12/2021 13:50,199186,1823730,1199770
8/12/2021 13:55,199186,1794030,1183850
8/12/2021 14:00,199186,1741450,1154120
8/12/2021 14:05,199186,1826010,1196970
8/12/2021 14:10,199186,1857620,1193240
8/12/2021 14:15,199186,1882220,1186700
8/12/2021 14:20,199186,2105240,1258100
8/12/2021 14:25,199186,1923640,1191950
8/12/2021 14:30,199186,1977070,1225300
8/12/2021 14:35,199186,1967140,1204020
8/12/2021 14:40,199186,1947580,1202000
8/12/2021 14:45,199186,1943480,1190230
8/12/2021 14:50,199186,2057830,1228360
8/12/2021 14:55,199186,2087070,1239250
8/12/2021 15:00,199186,2094840,1227680
8/12/2021 15:05,199186,2193040,1254250
8/12/2021 15:10,199186,2120510,1236600
8/12/2021 15:15,199186,2179390,1249820
8/12/2021 15:20,199186,2173070,1228540
8/12/2021 15:25,199186,2273960,1260750
8/12/2021 15:30,199186,2298340,1256660
8/12/2021 15:35,199186,2243970,1243030
8/12/2021 15:40,199186,2405420,1288760
8/12/2021 15:45,199186,2308680,1252840
8/12/2021 15:50,199186,2356610,1256260
8/12/2021 15:55,199186,2262570,1224150
8/12/2021 16:00,199186,2350390,1248800
8/12/2021 16:05,199186,2417800,1268790
8/12/2021 16:10,199186,2304050,1226470
8/12/2021 16:15,199186,2507630,1311890
8/12/2021 16:20,199186,2417330,1262050
8/12/2021 16:25,199186,2466290,1258990
8/12/2021 16:30,199186,2419860,1244190
8/12/2021 16:35,199186,2453420,1249950
8/12/2021 16:40,199186,2506340,1261130
8/12/2021 16:45,199186,2485890,1256440
8/12/2021 16:50,199186,2501090,1262010
8/12/2021 16:55,199186,2455170,1240750
8/12/2021 17:00,199186,2524170,1249650
8/12/2021 17:05,199186,2648860,1289130
8/12/2021 17:10,199186,2649290,1283330
8/12/2021 17:15,199186,2654680,1286490
8/12/2021 17:20,199186,2615310,1266830
8/12/2021 17:25,199186,2644250,1273670
8/12/2021 17:30,199186,2574090,1230910
8/12/2021 17:35,199186,2751340,1297220
8/12/2021 17:40,199186,2684260,1262060
8/12/2021 17:45,199186,2560280,1207850
8/12/2021 17:50,199186,2724800,1271700
8/12/2021 17:55,199186,2618650,1209400
8/12/2021 18:00,199186,2835430,1291720
8/12/2021 18:05,199186,2629960,1200720
8/12/2021 18:10,199186,2580170,1182930
8/12/2021 18:15,199186,2620600,1203010
8/12/2021 18:20,199186,2719620,1243400
8/12/2021 18:25,199186,2691850,1222660
8/12/2021 18:30,199186,2617690,1180480
8/12/2021 18:35,199186,2778110,1244700
8/12/2021 18:40,199186,2653440,1187280
8/12/2021 18:45,199186,2608460,1174010
8/12/2021 18:50,199186,2657650,1190430
8/12/2021 18:55,199186,2652740,1194250
8/12/2021 19:00,199186,2677840,1200670
8/12/2021 19:05,199186,2634800,1165600
8/12/2021 19:10,199186,2609070,1166000
8/12/2021 19:15,199186,2531830,1141310
8/12/2021 19:20,199186,2579910,1167510
8/12/2021 19:25,199186,2459080,1117800
8/12/2021 19:30,199186,2531680,1152870
8/12/2021 19:35,199186,2435610,1108900
8/12/2021 19:40,199186,2569490,1148850
8/12/2021 19:45,199186,2499250,1122360
8/12/2021 19:50,199186,2586830,1167910
8/12/2021 19:55,199186,2466350,1109260
8/12/2021 20:00,199186,2476560,1124780
8/12/2021 20:05,199186,2477870,1127970
8/12/2021 20:10,199186,2506770,1125010
8/12/2021 20:15,199186,2437010,1100000
8/12/2021 20:20,199186,2500880,1131490
8/12/2021 20:25,199186,2464550,1115030
8/12/2021 20:30,199186,2457890,1114700
8/12/2021 20:35,199186,2476560,1116260
8/12/2021 20:40,199186,2505900,1141250
8/12/2021 20:45,199186,2389590,1100070
8/12/2021 20:50,199186,2336630,1071650
8/12/2021 20:55,199186,2411140,1110460
8/12/2021 21:00,199186,2386910,1097470
8/12/2021 21:05,199186,2398050,1100990
8/12/2021 21:10,199186,2440890,1113270
8/12/2021 21:15,199186,2455270,1114930
8/12/2021 21:20,199186,2452920,1119580
8/12/2021 21:25,199186,2345500,1090720
8/12/2021 21:30,199186,2359340,1085500
8/12/2021 21:35,199186,2382300,1098870
8/12/2021 21:40,199186,2270700,1064720
8/12/2021 21:45,199186,2343560,1107120
8/12/2021 21:50,199186,2204320,1054320
8/12/2021 21:55,199186,2198300,1055220
8/12/2021 22:00,199186,2172970,1045120
8/12/2021 22:05,199186,2154560,1037360
8/12/2021 22:10,199186,2096550,1033700
8/12/2021 22:15,199186,2114710,1042810
8/12/2021 22:20,199186,2011120,1009050
8/12/2021 22:25,199186,2045540,1033730
8/12/2021 22:30,199186,2016420,1015650
8/12/2021 22:35,199186,2044810,1038020
8/12/2021 22:40,199186,1966760,1023700
8/12/2021 22:45,199186,1867660,995358
8/12/2021 22:50,199186,1826720,986582
8/12/2021 22:55,199186,1848460,1004310
8/12/2021 23:00,199186,1845170,1000920
8/12/2021 23:05,199186,1762800,974851
8/12/2021 23:10,199186,1738830,974447
8/12/2021 23:15,199186,1746390,988880
8/12/2021 23:20,199186,1689540,968257
8/12/2021 23:25,199186,1687320,972146
8/12/2021 23:30,199186,1582160,939352
8/12/2021 23:35,199186,1622160,958409
8/12/2021 23:40,199186,1675480,992922
8/12/2021 23:45,199186,1562200,951463
8/12/2021 23:50,199186,1470190,929067
8/12/2021 23:55,199186,1421790,922447
8/13/2021 0:00,199186,1392510,908991
8/13/2021 0:05,199186,1439760,935246
8/13/2021 0:10,199186,1400400,917057
8/13/2021 0:15,199186,1414880,915869
8/13/2021 0:20,199186,1329960,899201
8/13/2021 0:25,199186,1368540,921748
8/13/2021 0:30,199186,1254030,882793
8/13/2021 0:35,199186,1292930,896134
8/13/2021 0:40,199186,1340130,906022
8/13/2021 0:45,199186,1288660,902449
8/13/2021 0:50,199186,1258450,888126
8/13/2021 0:55,199186,1217360,874119
8/13/2021 1:00,199186,1239420,893231
8/13/2021 1:05,199186,1183650,878467
8/13/2021 1:10,199186,1196620,877410
8/13/2021 1:15,199186,1146160,863279
8/13/2021 1:20,199186,1152040,864234
8/13/2021 1:25,199186,1159350,865331
8/13/2021 1:30,199186,1121790,857117
8/13/2021 1:35,199186,1132220,858866
8/13/2021 1:40,199186,1107880,852061
8/13/2021 1:45,199186,1094850,851510
8/13/2021 1:50,199186,1077980,849044
8/13/2021 1:55,199186,1070630,846434
8/13/2021 2:00,199186,1090070,846838
8/13/2021 2:05,199186,1110200,848305
8/13/2021 2:10,199186,1129190,846752
8/13/2021 2:15,199186,1072380,843087
8/13/2021 2:20,199186,1084380,843319
8/13/2021 2:25,199186,1093170,843214
8/13/2021 2:30,199186,1119360,844127
8/13/2021 2:35,199186,1089130,841859
8/13/2021 2:40,199186,1071560,841521
8/13/2021 2:45,199186,1078540,841592
8/13/2021 2:50,199186,1086020,841727
8/13/2021 2:55,199186,1091100,841605
8/13/2021 3:00,199186,1096160,842189
8/13/2021 3:05,199186,1055870,841275
8/13/2021 3:10,199186,1075190,841150
8/13/2021 3:15,199186,1080810,840762
8/13/2021 3:20,199186,1110130,842488
8/13/2021 3:25,199186,1134760,842529
8/13/2021 3:30,199186,1112840,841478
8/13/2021 3:35,199186,1099710,841633
8/13/2021 3:40,199186,1091830,840947
8/13/2021 3:45,199186,1069450,841580
8/13/2021 3:50,199186,1073740,841596
8/13/2021 3:55,199186,1121690,840896
8/13/2021 4:00,199186,1113480,840841
8/13/2021 4:05,199186,1122400,841287
8/13/2021 4:10,199186,1161680,844237
8/13/2021 4:15,199186,1122780,844245
8/13/2021 4:20,199186,1118110,842120
8/13/2021 4:25,199186,1111130,841474
8/13/2021 4:30,199186,1154910,841826
8/13/2021 4:35,199186,1187080,842660
8/13/2021 4:40,199186,1204870,843106
8/13/2021 4:45,199186,1196340,844038
8/13/2021 4:50,199186,1173210,842147
8/13/2021 4:55,199186,1219110,843107
8/13/2021 5:00,199186,1245090,843766
8/13/2021 5:05,199186,1231030,844383
8/13/2021 5:10,199186,1232820,844440
8/13/2021 5:15,199186,1188670,844520
8/13/2021 5:20,199186,1196310,843390
8/13/2021 5:25,199186,1235240,844042
8/13/2021 5:30,199186,1263060,845423
8/13/2021 5:35,199186,1283870,848883
8/13/2021 5:40,199186,1290140,849942
8/13/2021 5:45,199186,1266200,850469
8/13/2021 5:50,199186,1269700,847986
8/13/2021 5:55,199186,1296150,846230
8/13/2021 6:00,199186,1321970,847938
8/13/2021 6:05,199186,1355360,846700
8/13/2021 6:10,199186,1360900,847628
8/13/2021 6:15,199186,1324130,847130
8/13/2021 6:20,199186,1334150,851584
8/13/2021 6:25,199186,1354900,848387
8/13/2021 6:30,199186,1357090,849685
8/13/2021 6:35,199186,1336710,850717
8/13/2021 6:40,199186,1353440,850642
8/13/2021 6:45,199186,1321630,850271
8/13/2021 6:50,199186,1360260,852942
8/13/2021 6:55,199186,1379750,854524
8/13/2021 7:00,199186,1381480,859267
8/13/2021 7:05,199186,1444510,862681
8/13/2021 7:10,199186,1459720,862137
8/13/2021 7:15,199186,1451070,866248
8/13/2021 7:20,199186,1470620,867098
8/13/2021 7:25,199186,1471940,877286
8/13/2021 7:30,199186,1454970,882695
8/13/2021 7:35,199186,1434560,876708
8/13/2021 7:40,199186,1471890,889893
8/13/2021 7:45,199186,1498060,892603
8/13/2021 7:50,199186,1507330,894990
8/13/2021 7:55,199186,1540120,913445
8/13/2021 8:00,199186,1481930,911423
8/13/2021 8:05,199186,1494890,913795
8/13/2021 8:10,199186,1498050,922181
8/13/2021 8:15,199186,1496290,933087
8/13/2021 8:20,199186,1549300,930914
8/13/2021 8:25,199186,1472840,928339
8/13/2021 8:30,199186,1476120,927007
8/13/2021 8:35,199186,1597150,967117
8/13/2021 8:40,199186,1594890,955006
8/13/2021 8:45,199186,1646380,996054
8/13/2021 8:50,199186,1569190,983319
8/13/2021 8:55,199186,1519000,964807
8/13/2021 9:00,199186,1578800,1000240
8/13/2021 9:05,199186,1529590,998581
8/13/2021 9:10,199186,1561790,1019840
8/13/2021 9:15,199186,1734640,1070520
8/13/2021 9:20,199186,1747600,1051720
8/13/2021 9:25,199186,1735600,1049480
8/13/2021 9:30,199186,1673280,1053790
8/13/2021 9:35,199186,1641990,1051560
8/13/2021 9:40,199186,1669470,1075310
8/13/2021 9:45,199186,1656580,1079860
8/13/2021 9:50,199186,1654370,1063560
8/13/2021 9:55,199186,1763270,1120580
8/13/2021 10:00,199186,1713880,1092130
8/13/2021 10:05,199186,1751120,1091900
8/13/2021 10:10,199186,1801490,1077060
8/13/2021 10:15,199186,1730620,1057030
8/13/2021 10:20,199186,1713540,1046330
8/13/2021 10:25,199186,1761890,1115640
8/13/2021 10:30,199186,1652230,1084310
8/13/2021 10:35,199186,1904140,1153660
8/13/2021 10:40,199186,1696180,1067780
8/13/2021 10:45,199186,1894560,1119570
8/13/2021 10:50,199186,1869830,1092990
8/13/2021 10:55,199186,1674600,1045710
8/13/2021 11:00,199186,1613900,1083320
8/13/2021 11:05,199186,1597340,1098610
8/13/2021 11:10,199186,1599830,1113110
8/13/2021 11:15,199186,1773880,1175630
8/13/2021 11:20,199186,1645310,1082770
8/13/2021 11:25,199186,1799820,1158060
8/13/2021 11:30,199186,1691840,1134780
8/13/2021 11:35,199186,1699190,1114600
8/13/2021 11:40,199186,2005260,1182040
8/13/2021 11:45,199186,1826690,1095840
8/13/2021 11:50,199186,1799140,1101760
8/13/2021 11:55,199186,1794810,1074550
8/13/2021 12:00,199186,1927940,1123400
8/13/2021 12:05,199186,1933860,1131000
8/13/2021 12:10,199186,1875620,1110080
8/13/2021 12:15,199186,1815210,1112960
8/13/2021 12:20,199186,1892270,1136800
8/13/2021 12:25,199186,1748670,1108960
8/13/2021 12:30,199186,1778300,1143060
8/13/2021 12:35,199186,1640130,1107310
8/13/2021 12:40,199186,1790490,1123350
8/13/2021 12:45,199186,1898890,1133360
8/13/2021 12:50,199186,1846180,1094000
8/13/2021 12:55,199186,1904390,1113820
8/13/2021 13:00,199186,1723870,1109150
8/13/2021 13:05,199186,1763310,1121630
8/13/2021 13:10,199186,1722230,1110510
8/13/2021 13:15,199186,1764180,1147250
8/13/2021 13:20,199186,2206890,1208790
8/13/2021 13:25,199186,1886470,1100350
8/13/2021 13:30,199186,1516590,1110790
8/13/2021 13:35,199186,1553550,1102520
8/13/2021 13:40,199186,2022010,1188280
8/13/2021 13:45,199186,1582550,1120780
8/13/2021 13:50,199186,1712000,1142130
8/13/2021 13:55,199186,1788420,1193760
8/13/2021 14:00,199186,2273520,1209400
8/13/2021 14:05,199186,2018130,1121230
8/13/2021 14:10,199186,1989800,1098280
8/13/2021 14:15,199186,2039880,1141100
8/13/2021 14:20,199186,2107590,1136290
8/13/2021 14:25,199186,2185660,1159820
8/13/2021 14:30,199186,1901140,1115480
8/13/2021 14:35,199186,2162670,1153860
8/13/2021 14:40,199186,2362460,1219150
8/13/2021 14:45,199186,2149940,1125790
8/13/2021 14:50,199186,2200000,1165470
8/13/2021 14:55,199186,2056850,1144190
8/13/2021 15:00,199186,2192780,1131370
8/13/2021 15:05,199186,2291370,1170630
8/13/2021 15:10,199186,2178010,1148060
8/13/2021 15:15,199186,2359000,1195240
8/13/2021 15:20,199186,1895210,1139730
8/13/2021 15:25,199186,2116760,1216960
8/13/2021 15:30,199186,2360420,1267720
8/13/2021 15:35,199186,2486130,1259530
8/13/2021 15:40,199186,2198380,1188740
8/13/2021 15:45,199186,2135960,1198150
8/13/2021 15:50,199186,2218880,1217750
8/13/2021 15:55,199186,2185890,1201840
8/13/2021 16:00,199186,2420840,1274890
8/13/2021 16:05,199186,2360730,1238630
8/13/2021 16:10,199186,2366850,1260930
8/13/2021 16:15,199186,2239500,1206950
8/13/2021 16:20,199186,2351130,1235670
8/13/2021 16:25,199186,2430690,1254750
8/13/2021 16:30,199186,2351900,1214640
8/13/2021 16:35,199186,2421790,1248460
8/13/2021 16:40,199186,2442590,1244280
8/13/2021 16:45,199186,2424840,1229520
8/13/2021 16:50,199186,2314530,1191630
8/13/2021 16:55,199186,2340540,1198450
8/13/2021 17:00,199186,2464770,1227290
8/13/2021 17:05,199186,2509970,1240760
8/13/2021 17:10,199186,2473330,1220760
8/13/2021 17:15,199186,2581080,1255510
8/13/2021 17:20,199186,2529900,1229320
8/13/2021 17:25,199186,2567180,1249550
8/13/2021 17:30,199186,2557300,1223570
8/13/2021 17:35,199186,2537750,1207490
8/13/2021 17:40,199186,2571120,1217910
8/13/2021 17:45,199186,2683090,1218020
8/13/2021 17:50,199186,2661560,1230200
8/13/2021 17:55,199186,2542950,1189080
8/13/2021 18:00,199186,2575570,1201610
8/13/2021 18:05,199186,2625560,1220580
8/13/2021 18:10,199186,2521720,1177860
8/13/2021 18:15,199186,2585520,1193730
8/13/2021 18:20,199186,2636680,1218950
8/13/2021 18:25,199186,2618440,1212460
8/13/2021 18:30,199186,2534520,1170780
8/13/2021 18:35,199186,2562200,1179590
8/13/2021 18:40,199186,2699200,1220010
8/13/2021 18:45,199186,2514780,1150460
8/13/2021 18:50,199186,2533330,1153540
8/13/2021 18:55,199186,2504840,1127810
8/13/2021 19:00,199186,2498920,1125850
8/13/2021 19:05,199186,2597450,1158980
8/13/2021 19:10,199186,2562600,1147740
8/13/2021 19:15,199186,2583020,1161990
8/13/2021 19:20,199186,2422450,1102710
8/13/2021 19:25,199186,2499430,1142740
8/13/2021 19:30,199186,2438700,1116900
8/13/2021 19:35,199186,2418980,1106340
8/13/2021 19:40,199186,2441540,1095480
8/13/2021 19:45,199186,2470910,1113400
8/13/2021 19:50,199186,2534690,1152460
8/13/2021 19:55,199186,2353210,1068120
8/13/2021 20:00,199186,2373450,1091720
8/13/2021 20:05,199186,2290970,1050300
8/13/2021 20:10,199186,2352640,1071020
8/13/2021 20:15,199186,2380380,1088750
8/13/2021 20:20,199186,2287040,1051020
8/13/2021 20:25,199186,2257000,1043980
8/13/2021 20:30,199186,2233480,1027730
8/13/2021 20:35,199186,2286280,1048610
8/13/2021 20:40,199186,2176370,1020330
8/13/2021 20:45,199186,2240340,1045580
8/13/2021 20:50,199186,2289310,1061020
8/13/2021 20:55,199186,2321280,1073270
8/13/2021 21:00,199186,2175820,1015390
8/13/2021 21:05,199186,2207740,1030440
8/13/2021 21:10,199186,2323030,1072680
8/13/2021 21:15,199186,2146500,1001430
8/13/2021 21:20,199186,2178580,1020740
8/13/2021 21:25,199186,2138750,1014410
8/13/2021 21:30,199186,2157710,1017270
8/13/2021 21:35,199186,2082790,985687
8/13/2021 21:40,199186,2139440,1021680
8/13/2021 21:45,199186,2122250,1021050
8/13/2021 21:50,199186,2107410,1016800
8/13/2021 21:55,199186,2071460,1007630
8/13/2021 22:00,199186,2102530,1021440
8/13/2021 22:05,199186,2073910,1006780
8/13/2021 22:10,199186,2071990,1024310
8/13/2021 22:15,199186,2037630,1013780
8/13/2021 22:20,199186,1890500,965843
8/13/2021 22:25,199186,1794690,941855
8/13/2021 22:30,199186,1854590,964847
8/13/2021 22:35,199186,1785540,945296
8/13/2021 22:40,199186,1792200,963390
8/13/2021 22:45,199186,1754960,952359
8/13/2021 22:50,199186,1803560,974233
8/13/2021 22:55,199186,1790470,979285
8/13/2021 23:00,199186,1716090,950342
8/13/2021 23:05,199186,1639250,923467
8/13/2021 23:10,199186,1597370,920572
8/13/2021 23:15,199186,1598810,927840
8/13/2021 23:20,199186,1609850,933820
8/13/2021 23:25,199186,1551200,917720
8/13/2021 23:30,199186,1621660,953050
8/13/2021 23:35,199186,1503310,916409
8/13/2021 23:40,199186,1480860,916549
8/13/2021 23:45,199186,1439550,908792
8/13/2021 23:50,199186,1416930,903775
8/13/2021 23:55,199186,1413730,912295
8/14/2021 0:00,199186,1376300,904779
8/14/2021 0:05,199186,1329430,889072
8/14/2021 0:10,199186,1342890,890703
8/14/2021 0:15,199186,1346890,887234
8/14/2021 0:20,199186,1293290,880146
8/14/2021 0:25,199186,1296090,886393
8/14/2021 0:30,199186,1330730,903480
8/14/2021 0:35,199186,1300900,884305
8/14/2021 0:40,199186,1303710,884665
8/14/2021 0:45,199186,1241300,874513
8/14/2021 0:50,199186,1299130,890786
8/14/2021 0:55,199186,1385130,926802
8/14/2021 1:00,199186,1494430,981476
8/14/2021 1:05,199186,1391500,940647
8/14/2021 1:10,199186,1295120,905217
8/14/2021 1:15,199186,1259630,894969
8/14/2021 1:20,199186,1286510,908824
8/14/2021 1:25,199186,1204360,874784
8/14/2021 1:30,199186,1141930,856829
8/14/2021 1:35,199186,1140430,854998
8/14/2021 1:40,199186,1123890,850154
8/14/2021 1:45,199186,1128390,850249
8/14/2021 1:50,199186,1090950,846596
8/14/2021 1:55,199186,1099040,845186
8/14/2021 2:00,199186,1128740,845097
8/14/2021 2:05,199186,1135010,847228
8/14/2021 2:10,199186,1144650,844819
8/14/2021 2:15,199186,1090310,844154
8/14/2021 2:20,199186,1108080,843301
8/14/2021 2:25,199186,1120100,844795
8/14/2021 2:30,199186,1130160,845859
8/14/2021 2:35,199186,1122880,843144
8/14/2021 2:40,199186,1096030,842812
8/14/2021 2:45,199186,1120080,844039
8/14/2021 2:50,199186,1092350,841101
8/14/2021 2:55,199186,1108580,842590
8/14/2021 3:00,199186,1116550,843266
8/14/2021 3:05,199186,1089910,842490
8/14/2021 3:10,199186,1092390,843107
8/14/2021 3:15,199186,1112840,843856
8/14/2021 3:20,199186,1133570,843398
8/14/2021 3:25,199186,1161360,845609
8/14/2021 3:30,199186,1141540,843480
8/14/2021 3:35,199186,1121660,842642
8/14/2021 3:40,199186,1094140,842964
8/14/2021 3:45,199186,1077060,841914
8/14/2021 3:50,199186,1085810,842432
8/14/2021 3:55,199186,1142120,842027
8/14/2021 4:00,199186,1124650,841688
8/14/2021 4:05,199186,1131190,841436
8/14/2021 4:10,199186,1152880,842718
8/14/2021 4:15,199186,1118020,841438
8/14/2021 4:20,199186,1113750,841123
8/14/2021 4:25,199186,1106800,843463
8/14/2021 4:30,199186,1149250,844279
8/14/2021 4:35,199186,1178760,843111
8/14/2021 4:40,199186,1164910,842315
8/14/2021 4:45,199186,1171600,843060
8/14/2021 4:50,199186,1159990,842657
8/14/2021 4:55,199186,1179240,842313
8/14/2021 5:00,199186,1214500,842337
8/14/2021 5:05,199186,1196950,842605
8/14/2021 5:10,199186,1189070,843400
8/14/2021 5:15,199186,1140710,842112
8/14/2021 5:20,199186,1130850,841580
8/14/2021 5:25,199186,1180010,843511
8/14/2021 5:30,199186,1180310,843808
8/14/2021 5:35,199186,1201280,843503
8/14/2021 5:40,199186,1223590,844797
8/14/2021 5:45,199186,1165380,841935
8/14/2021 5:50,199186,1184450,843305
8/14/2021 5:55,199186,1195710,843172
8/14/2021 6:00,199186,1202740,846352
8/14/2021 6:05,199186,1257340,846141
8/14/2021 6:10,199186,1254380,845885
8/14/2021 6:15,199186,1224920,844176
8/14/2021 6:20,199186,1195480,842163
8/14/2021 6:25,199186,1211190,843189
8/14/2021 6:30,199186,1218810,846586
8/14/2021 6:35,199186,1211460,848784
8/14/2021 6:40,199186,1215910,849508
8/14/2021 6:45,199186,1187230,850498
8/14/2021 6:50,199186,1214830,851680
8/14/2021 6:55,199186,1221820,851946
8/14/2021 7:00,199186,1213290,852861
8/14/2021 7:05,199186,1259100,855919
8/14/2021 7:10,199186,1231200,859253
8/14/2021 7:15,199186,1239250,863156
8/14/2021 7:20,199186,1266280,874236
8/14/2021 7:25,199186,1217360,866480
8/14/2021 7:30,199186,1217500,866613
8/14/2021 7:35,199186,1259880,867935
8/14/2021 7:40,199186,1270020,875748
8/14/2021 7:45,199186,1368910,886380
8/14/2021 7:50,199186,1370110,869873
8/14/2021 7:55,199186,1295900,868234
8/14/2021 8:00,199186,1236740,874991
8/14/2021 8:05,199186,1288100,888776
8/14/2021 8:10,199186,1343120,912032
8/14/2021 8:15,199186,1289650,907557
8/14/2021 8:20,199186,1313630,899658
8/14/2021 8:25,199186,1343300,910894
8/14/2021 8:30,199186,1363340,926093
8/14/2021 8:35,199186,1397700,926365
8/14/2021 8:40,199186,1436420,925611
8/14/2021 8:45,199186,1404590,947349
8/14/2021 8:50,199186,1423030,947851
8/14/2021 8:55,199186,1460300,966539
8/14/2021 9:00,199186,1441210,979081
8/14/2021 9:05,199186,1501650,993262
8/14/2021 9:10,199186,1392080,964038
8/14/2021 9:15,199186,1698970,1002310
8/14/2021 9:20,199186,1472340,961344
8/14/2021 9:25,199186,1638590,985072
8/14/2021 9:30,199186,1646710,989454
8/14/2021 9:35,199186,1537200,975929
8/14/2021 9:40,199186,1591940,1001470
8/14/2021 9:45,199186,1481570,985310
8/14/2021 9:50,199186,1627360,1011090
8/14/2021 9:55,199186,1514730,1013840
8/14/2021 10:00,199186,1680890,1071690
8/14/2021 10:05,199186,1541300,1039180
8/14/2021 10:10,199186,1448970,1017410
8/14/2021 10:15,199186,1583640,1070290
8/14/2021 10:20,199186,1494300,1050950
8/14/2021 10:25,199186,1541650,1086410
8/14/2021 10:30,199186,1647670,1075620
8/14/2021 10:35,199186,1430610,990274
8/14/2021 10:40,199186,1351250,1038360
8/14/2021 10:45,199186,1459580,1076310
8/14/2021 10:50,199186,1581990,1110380
8/14/2021 10:55,199186,1507450,1087660
8/14/2021 11:00,199186,1501940,1065860
8/14/2021 11:05,199186,1499470,1070410
8/14/2021 11:10,199186,1789390,1076270
8/14/2021 11:15,199186,1893160,1088900
8/14/2021 11:20,199186,1974660,1095440
8/14/2021 11:25,199186,1839760,1053860
8/14/2021 11:30,199186,1670360,1032240
8/14/2021 11:35,199186,1463070,1037230
8/14/2021 11:40,199186,1856320,1079850
8/14/2021 11:45,199186,1482080,1056300
8/14/2021 11:50,199186,1600000,1076240
8/14/2021 11:55,199186,1595100,1133960
8/14/2021 12:00,199186,1968510,1128060
8/14/2021 12:05,199186,1729270,1075270
8/14/2021 12:10,199186,1809720,1039760
8/14/2021 12:15,199186,1602010,1024520
8/14/2021 12:20,199186,1642210,1107030
8/14/2021 12:25,199186,1413840,1034220
8/14/2021 12:30,199186,1835120,1173020
8/14/2021 12:35,199186,1640800,1106550
8/14/2021 12:40,199186,1554860,1087520
8/14/2021 12:45,199186,1492640,1089240
8/14/2021 12:50,199186,1959190,1132630
8/14/2021 12:55,199186,1845100,1087830
8/14/2021 13:00,199186,1809230,1096350
8/14/2021 13:05,199186,1788750,1064960
8/14/2021 13:10,199186,1663610,1059960
8/14/2021 13:15,199186,1813830,1118580
8/14/2021 13:20,199186,1867900,1108770
8/14/2021 13:25,199186,1890100,1094450
8/14/2021 13:30,199186,1869410,1092430
8/14/2021 13:35,199186,1718520,1052540
8/14/2021 13:40,199186,1873000,1074130
8/14/2021 13:45,199186,1937210,1072750
8/14/2021 13:50,199186,1680290,985992
8/14/2021 13:55,199186,1704630,997167
8/14/2021 14:00,199186,1633500,967840
8/14/2021 14:05,199186,1611820,964955
8/14/2021 14:10,199186,1816070,1028540
8/14/2021 14:15,199186,1812500,1011880
8/14/2021 14:20,199186,1879110,1025590
8/14/2021 14:25,199186,1897620,1038270
8/14/2021 14:30,199186,1885910,1031220
8/14/2021 14:35,199186,1898070,1010650
8/14/2021 14:40,199186,1925820,1015080
8/14/2021 14:45,199186,1755380,943007
8/14/2021 14:50,199186,1757010,950914
8/14/2021 14:55,199186,1715990,933753
8/14/2021 15:00,199186,1694820,922329
8/14/2021 15:05,199186,1774630,937625
8/14/2021 15:10,199186,1774380,954668
8/14/2021 15:15,199186,1799880,968246
8/14/2021 15:20,199186,1877540,991233
8/14/2021 15:25,199186,1876860,984434
8/14/2021 15:30,199186,1946360,1007360
8/14/2021 15:35,199186,2014530,1040880
8/14/2021 15:40,199186,2100890,1066580
8/14/2021 15:45,199186,2116600,1080570
8/14/2021 15:50,199186,2027180,1046770
8/14/2021 15:55,199186,2057980,1064120
8/14/2021 16:00,199186,2078040,1061600
8/14/2021 16:05,199186,2070600,1052880
8/14/2021 16:10,199186,2049010,1050210
8/14/2021 16:15,199186,1936050,1018440
8/14/2021 16:20,199186,1934280,1015510
8/14/2021 16:25,199186,1989490,1018100
8/14/2021 16:30,199186,1950270,1000230
8/14/2021 16:35,199186,1895160,971905
8/14/2021 16:40,199186,1893100,966841
8/14/2021 16:45,199186,1961270,985424
8/14/2021 16:50,199186,1968610,997346
8/14/2021 16:55,199186,2018900,1011820
8/14/2021 17:00,199186,2061230,1015600
8/14/2021 17:05,199186,2015060,989898
8/14/2021 17:10,199186,2084320,1007470
8/14/2021 17:15,199186,2008840,986048
8/14/2021 17:20,199186,1933760,955173
8/14/2021 17:25,199186,1890220,941396
8/14/2021 17:30,199186,1886510,936414
8/14/2021 17:35,199186,1943660,955700
8/14/2021 17:40,199186,1992940,964665
8/14/2021 17:45,199186,1959740,956532
8/14/2021 17:50,199186,1985050,959372
8/14/2021 17:55,199186,1993050,963842
8/14/2021 18:00,199186,1907120,938941
8/14/2021 18:05,199186,1884840,932938
8/14/2021 18:10,199186,1902390,937948
8/14/2021 18:15,199186,1879870,934270
8/14/2021 18:20,199186,1873700,934939
8/14/2021 18:25,199186,1858490,933158
8/14/2021 18:30,199186,1892950,942110
8/14/2021 18:35,199186,1910540,950586
8/14/2021 18:40,199186,1951570,960740
8/14/2021 18:45,199186,1913360,951527
8/14/2021 18:50,199186,1879630,938174
8/14/2021 18:55,199186,1879920,937644
8/14/2021 19:00,199186,1889070,937546
8/14/2021 19:05,199186,1910910,939015
8/14/2021 19:10,199186,2000840,973400
8/14/2021 19:15,199186,1914760,945592
8/14/2021 19:20,199186,1889000,943732
8/14/2021 19:25,199186,1858020,934692
8/14/2021 19:30,199186,1849110,935496
8/14/2021 19:35,199186,1870780,935922
8/14/2021 19:40,199186,1920240,940729
8/14/2021 19:45,199186,1916350,944534
8/14/2021 19:50,199186,1895260,946201
8/14/2021 19:55,199186,1914690,944376
8/14/2021 20:00,199186,1905100,947844
8/14/2021 20:05,199186,1896450,947038
8/14/2021 20:10,199186,1923280,949755
8/14/2021 20:15,199186,1929710,950563
8/14/2021 20:20,199186,1938480,956783
8/14/2021 20:25,199186,1932630,956842
8/14/2021 20:30,199186,1949140,958271
8/14/2021 20:35,199186,1939370,953164
8/14/2021 20:40,199186,1874560,939708
8/14/2021 20:45,199186,1852750,933158
8/14/2021 20:50,199186,1830910,925391
8/14/2021 20:55,199186,1804610,917305
8/14/2021 21:00,199186,1848740,933956
8/14/2021 21:05,199186,1817410,922894
8/14/2021 21:10,199186,1837970,928245
8/14/2021 21:15,199186,1865280,933072
8/14/2021 21:20,199186,1858790,936045
8/14/2021 21:25,199186,1792120,919962
8/14/2021 21:30,199186,1829070,929835
8/14/2021 21:35,199186,1821420,923373
8/14/2021 21:40,199186,1765790,913893
8/14/2021 21:45,199186,1732740,913754
8/14/2021 21:50,199186,1718880,907389
8/14/2021 21:55,199186,1736810,913660
8/14/2021 22:00,199186,1731890,911937
8/14/2021 22:05,199186,1728870,911879
8/14/2021 22:10,199186,1681770,907627
8/14/2021 22:15,199186,1654550,901572
8/14/2021 22:20,199186,1646170,900813
8/14/2021 22:25,199186,1599960,895581
8/14/2021 22:30,199186,1616910,895328
8/14/2021 22:35,199186,1577290,892014
8/14/2021 22:40,199186,1532810,886027
8/14/2021 22:45,199186,1508480,884062
8/14/2021 22:50,199186,1493730,882732
8/14/2021 22:55,199186,1473570,883827
8/14/2021 23:00,199186,1479070,881766
8/14/2021 23:05,199186,1478560,883748
8/14/2021 23:10,199186,1464220,887154
8/14/2021 23:15,199186,1454170,887142
8/14/2021 23:20,199186,1447250,882030
8/14/2021 23:25,199186,1422420,878484
8/14/2021 23:30,199186,1415510,879740
8/14/2021 23:35,199186,1396570,877818
8/14/2021 23:40,199186,1352920,872153
8/14/2021 23:45,199186,1333030,869835
8/14/2021 23:50,199186,1317690,868358
8/14/2021 23:55,199186,1276200,864085
